sea,target_coverage,bootstrap,q0,q1,q2
bohol,0.95,1,10.95694192786624,0.11165609840509205,-2.8235798547294095
bohol,0.95,2,25.695716894502283,5.797263857239798,-0.6531794377106692
bohol,0.95,3,10.059667734682392,2.6054922543967933,-0.44028987893572946
bohol,0.95,4,12.667850124267744,-1.4329819285468233,-4.6230966700066745
bohol,0.95,5,6.6035931018572285,2.130195735398587,-0.9086106369318827
bohol,0.95,6,1.6663792107059692,-0.7204627914098012,-0.7068811251140872
bohol,0.95,7,18.10181865250658,1.394435452533699,-2.602633267342739
bohol,0.95,8,18.608081558060377,4.449545410109721,0.6710061320539467
bohol,0.95,9,15.399137233898301,4.153863805702073,-1.2418611708633662
bohol,0.95,10,-0.6345323858897132,-2.212206239123688,-2.5250457505692268
bohol,0.95,11,23.296104387690946,2.1562902096067944,-1.4086604948067105
bohol,0.95,12,2.186681095981527,3.854152951298829,1.828122805568519
bohol,0.95,13,1.346817665695255,0.08208338603441234,-3.285556988927091
bohol,0.95,14,22.291726563989386,2.2478142555313667,0.5832673703356761
bohol,0.95,15,3.800603154177111,1.8160258522617596,-2.095375124034767
bohol,0.95,16,6.810809620956917,0.46564206477164305,-1.5582158355923994
bohol,0.95,17,4.356964888891042,2.3244375806420123,-1.868113217630956
bohol,0.95,18,14.83797347656261,0.8996262126135832,-2.4873906661244973
bohol,0.95,19,-0.869313311864147,-2.552956216977776,-3.4699973735044907
bohol,0.95,20,1.35204865291783,0.6841725138455104,-1.795464346738889
bohol,0.95,21,0.12536900928233763,-2.5944418901069355,-3.0843701235699825
bohol,0.95,22,4.873836032230088,-4.69563496307201,-5.847590865014482
bohol,0.95,23,-3.702857111331042,-6.157383881794246,-5.703448364259863
bohol,0.95,24,2.5390444026307932,-1.9818824678640823,-2.9608878445533335
bohol,0.95,25,5.340561149445051,1.3387365296082834,-0.6763675262893543
bohol,0.95,26,5.863914682462109,0.8152349890603006,-1.042567161058777
bohol,0.95,27,14.331303555535186,2.1663018995534316,-1.038458021435595
bohol,0.95,28,18.88588705433753,2.983283746731061,-2.6787714486724212
bohol,0.95,29,5.280205905132107,1.7567890639462291,-1.6108444151764587
bohol,0.95,30,4.681673116595164,3.035704340589888,-1.3155652621867375
bohol,0.95,31,3.9278478257505185,3.6506091312836304,-0.7804309803546658
bohol,0.95,32,-3.4149686601121516,-4.143920165799003,-4.577118656358351
bohol,0.95,33,-3.8938684473710907,-1.8207859186520636,-2.5474018605022124
bohol,0.95,34,18.840355276636956,7.59831739805891,3.2113865742400236
bohol,0.95,35,19.821686068822146,7.728977432947062,2.478271027030459
bohol,0.95,36,7.194230852335636,-1.0237224507110625,-2.6367480949502067
bohol,0.95,37,13.240293561274513,0.3540873085472924,-3.0281615780698274
bohol,0.95,38,14.425431892275355,3.3527471257132646,-1.5979277227342834
bohol,0.95,39,14.494047787007332,4.833787956997952,-0.1601256250088099
bohol,0.95,40,2.170001069519202,-2.1543569073657522,-2.2496007214626346
bohol,0.95,41,1.8051013257421005,1.2444443611420297,0.19121396767303622
bohol,0.95,42,-7.796520058732796,-2.363610263545567,-3.942005374121024
bohol,0.95,43,-8.831569776069188,-4.21692683541751,-4.072335268767169
bohol,0.95,44,-3.655156212345986,-0.7055796983450193,-1.6016978584847905
bohol,0.95,45,14.547006603339554,-2.2117339376658407,-2.6275251588460264
bohol,0.95,46,5.465319338430163,2.5265458343190517,0.5018981904151616
bohol,0.95,47,7.1273088909031515,-1.9436048713620693,-4.379542625513572
bohol,0.95,48,5.533587121401553,2.48530880471543,-1.758424592418251
bohol,0.95,49,6.472747227813613,-1.2273818679769306,-2.5377328264588
bohol,0.95,50,12.371864179041722,4.6600751726251275,-0.3595575534988029
bohol,0.95,51,7.354538054639448,-0.8717006961122706,-2.433688822176869
bohol,0.95,52,9.871673728555663,-3.1837731553328865,-5.671324279079556
bohol,0.95,53,14.87918986891529,3.7756372367997244,-1.3500342908161826
bohol,0.95,54,2.877926939708175,-2.5046702766385636,-1.5781973426958729
bohol,0.95,55,4.519334367239821,1.062487141457666,-1.9062917446718544
bohol,0.95,56,-4.0208430594423135,1.0569100096776083,-0.5604147330112355
bohol,0.95,57,-0.8901066563472,-2.2733354848341776,-4.238417745393335
bohol,0.95,58,9.622572405885933,-0.8025857813204027,-2.0975325427602627
bohol,0.95,59,4.826379745974606,3.2355088506966183,-1.0201570888509792
bohol,0.95,60,0.12243507730866554,-0.2633278997049473,-0.7542868991059208
bohol,0.95,61,18.69467731478784,3.9689260385891885,-2.277176010465432
bohol,0.95,62,21.33537396901724,0.29390307576107944,-4.572986046087678
bohol,0.95,63,21.6530184733123,3.6068479899640096,-0.3222669239959828
bohol,0.95,64,1.0897427898377998,1.5178404195548296,0.1725354061012183
bohol,0.95,65,0.6817021979739479,-0.439096280377413,-1.0752750409449092
bohol,0.95,66,13.707384501415419,-4.235846575225281,-6.760369849813721
bohol,0.95,67,11.90559093241427,1.3094340817996226,-3.4124035518622122
bohol,0.95,68,-8.581344478009413,-5.187671195038064,-5.977352420944825
bohol,0.95,69,7.54577214901073,-2.689254866759967,-4.8887428165114954
bohol,0.95,70,5.32939614903006,1.119297352839979,-0.23648031762439814
bohol,0.95,71,-4.795175241145415,0.3973556479550666,-2.655969073430221
bohol,0.95,72,2.5643868239974665,0.35278477985755785,-2.904708380601882
bohol,0.95,73,9.12903838438163,0.9775949494840006,-0.8109054006432004
bohol,0.95,74,5.701530562944782,-2.6880970553491466,-2.9350729109405975
bohol,0.95,75,6.017311171396614,0.6887884015235812,-2.157368768267993
bohol,0.95,76,-2.1925471152347598,0.37409201876528186,-2.771845326975331
bohol,0.95,77,28.03875182612137,1.783870145105837,-3.743929016743351
bohol,0.95,78,15.95515644420712,3.7187669207453666,0.7749393685206769
bohol,0.95,79,9.46934477721777,4.225372567272743,-1.058730698393191
bohol,0.95,80,13.002287080693662,4.4406944910838035,-1.249949677083812
bohol,0.95,81,-17.50870713751968,-4.262876654866247,-4.678259816328037
bohol,0.95,82,3.4892225850349803,-1.1689648255525356,-2.888596026932511
bohol,0.95,83,16.344781063393924,2.648954339056857,-1.1074623892548914
bohol,0.95,84,-5.270282029254986,-3.9408593326757426,-5.60499402022014
bohol,0.95,85,19.622988004962508,5.110566937824061,-0.1527395377514722
bohol,0.95,86,12.506535404416184,0.8952807290875029,-4.114967455606667
bohol,0.95,87,4.088792949878609,-0.8529898520084487,-2.6355976111979516
bohol,0.95,88,21.556115058048192,3.691366106971458,-0.17305795825298986
bohol,0.95,89,4.687609920854499,-1.2478604857506497,-3.67182293354616
bohol,0.95,90,16.884097902718707,0.5288932945196905,-1.9473414946777723
bohol,0.95,91,11.870915032416178,5.166862889149883,-0.5859604607365725
bohol,0.95,92,24.32747957918258,-1.763282260948344,-5.1173845037373695
bohol,0.95,93,9.840877864248455,3.20907200990095,-1.3270876812450467
bohol,0.95,94,-10.562624179273456,-0.15393133345260424,0.09861705795594133
bohol,0.95,95,17.673861336395674,4.213189535334664,-0.42676771323213814
bohol,0.95,96,13.044864438714882,2.7357660108097406,-2.661940948148171
bohol,0.95,97,12.563045317855881,5.036801318777904,1.436256310471812
bohol,0.95,98,17.64427707431753,-0.38421034588806435,-2.5883821319272116
bohol,0.95,99,13.731287898424597,-2.190822546069242,-4.5749364650095075
bohol,0.95,100,-4.689574514755179,-1.378232432581143,-0.2710097439112076
bohol,0.95,101,13.147820316262994,-0.8110488570735868,-3.6948639501905163
bohol,0.95,102,8.645510564538796,2.3507821903742183,-0.5373441785687589
bohol,0.95,103,7.739258267351033,1.0121633953537383,-0.8393027114238478
bohol,0.95,104,5.898016884478523,2.2474864950413576,-2.3883306744748936
bohol,0.95,105,19.987821152636258,4.4575455124747805,0.4808181089489665
bohol,0.95,106,10.973379403396649,0.12896154214837452,-2.915237119067534
bohol,0.95,107,18.882989149686665,3.135650471135932,-1.0055396480688614
bohol,0.95,108,10.195766996397992,0.9035948081448453,-1.6797371544747435
bohol,0.95,109,10.334359365991446,0.5558125034244199,-3.6727345862468397
bohol,0.95,110,-1.5037176174149351,-4.6022477076856205,-3.38280070448959
bohol,0.95,111,6.921956011608302,6.138790490680819,2.205655879702306
bohol,0.95,112,-6.689145486960115,2.0428178609512315,-0.6372663904958955
bohol,0.95,113,16.141861371579466,3.7155681932985374,-0.7488676110128125
bohol,0.95,114,-0.6632682051093752,-0.8403744349249678,-1.6392411422798219
bohol,0.95,115,10.4869215531063,5.837765951414255,0.3515964287280582
bohol,0.95,116,-1.9867671453166622,-0.7338476046654563,-1.247929046581703
bohol,0.95,117,5.3696546581533084,-3.8738526301513474,-4.342028401993872
bohol,0.95,118,14.218963984130852,1.7902057785460528,-2.068307137695008
bohol,0.95,119,-7.954238586433888,-0.5451484462693656,-1.2358335440567458
bohol,0.95,120,25.599778962019997,0.8213914944606984,-5.366976131011278
bohol,0.95,121,5.796842327602519,-0.6077707664632754,-2.776521555233863
bohol,0.95,122,-0.4890679517932597,4.528994076332921,2.413933466423728
bohol,0.95,123,-1.7499952841786808,-4.922349631269512,-4.997030760726091
bohol,0.95,124,14.88819946541264,-2.301717473912433,-4.151543533102576
bohol,0.95,125,15.34785767315799,-0.1787268457860307,-3.8374978741840593
bohol,0.95,126,12.107939363258481,3.580203607674406,-1.1873248572846293
bohol,0.95,127,0.02856685856357899,-0.9924008619095162,-2.483964658689736
bohol,0.95,128,15.862275445947148,0.28338114485593735,-3.0582321088924544
bohol,0.95,129,-4.755303959621983,-4.156927077788879,-3.733194732043259
bohol,0.95,130,6.427432233712011,-3.1105295952159793,-4.018165746304682
bohol,0.95,131,13.190081216401211,5.383970368032735,-0.22436333691670285
bohol,0.95,132,9.892007712676019,4.762985391432267,-0.48726936919425157
bohol,0.95,133,1.5601163870549613,-7.938901079505925,-7.001928984865884
bohol,0.95,134,13.538780915385445,6.063776727700926,-1.0925924720739246
bohol,0.95,135,12.569725054303774,0.02169923455927858,-1.9962257606216411
bohol,0.95,136,7.033117715988965,4.847876423068541,0.4198828743861043
bohol,0.95,137,-1.6824983602522252,-2.250796272878887,-3.2518174181978594
bohol,0.95,138,5.487382456734679,1.6970955611286058,-0.6684441073918279
bohol,0.95,139,6.759284612474886,1.1246408750057526,-1.6357277334164024
bohol,0.95,140,8.096577360800978,2.8021717357569713,-0.883824581457489
bohol,0.95,141,13.635623838984458,-1.8224452727112919,-4.867956483950934
bohol,0.95,142,32.591437550076165,5.752509183092954,-1.6585959269458357
bohol,0.95,143,8.920533451644417,-4.565119000659692,-6.3060671782915705
bohol,0.95,144,8.820818246624697,3.452557695062964,-0.34727308818759894
bohol,0.95,145,23.492983136596933,3.050481655834261,-3.7620657692650497
bohol,0.95,146,18.842927601319445,4.858356669775901,0.5866111816746624
bohol,0.95,147,3.3737069718449675,3.7265950762567144,-1.1914356117851668
bohol,0.95,148,2.908524298945082,-4.850893100555751,-6.024388542324822
bohol,0.95,149,-4.5037729187639,-6.081879045505843,-7.226840225591623
bohol,0.95,150,5.831610928732999,-1.676158732686119,-5.015864849171216
bohol,0.95,151,15.245876902572178,-1.8976697579752795,-4.68480471682512
bohol,0.95,152,10.783256297287608,3.3644839172865915,-1.3575955146280023
bohol,0.95,153,2.14357064621214,2.642051694547348,-0.08481460313467437
bohol,0.95,154,13.537296461385097,2.6640088170576774,-1.0176169150010494
bohol,0.95,155,13.23986385139392,3.9552092846170126,-1.7425176891195235
bohol,0.95,156,-0.1738137940099591,-1.298579915147414,-2.5033503065077767
bohol,0.95,157,-3.7604704044846358,5.79315770144575,3.921889259280391
bohol,0.95,158,3.453502090101864,1.5450342614435328,-0.0668771960114185
bohol,0.95,159,-3.099065719709131,-1.6134330634057648,-2.158947266444713
bohol,0.95,160,7.322829196865655,2.8284381734015938,-0.23157062792324012
bohol,0.95,161,-2.322068005259581,0.8126724944454082,0.6319383581970328
bohol,0.95,162,13.912655651684304,0.910249544548023,-4.077161045936435
bohol,0.95,163,19.428044356075844,7.291251218758717,0.695576575191545
bohol,0.95,164,11.82498064250018,4.26406315658825,-0.016437974995561433
bohol,0.95,165,12.503269990082885,2.080710932847495,-1.0753475193645556
bohol,0.95,166,16.174380018856823,-1.5465027433733098,-2.251403486565792
bohol,0.95,167,-1.4589664104079247,-4.404937330937372,-4.560184440140915
bohol,0.95,168,9.947310319632322,4.184935747226831,0.5351153575041749
bohol,0.95,169,11.828564330704666,-1.2697983286161758,-2.249187882452702
bohol,0.95,170,14.385991744994982,4.857000080475444,-0.4290190474316802
bohol,0.95,171,-3.1589311088913803,-0.4929841683454157,-2.2484916382279394
bohol,0.95,172,5.573785019929943,-2.0912622183202245,-3.26854086292542
bohol,0.95,173,24.51342222410051,5.407986434505673,1.3137962258262235
bohol,0.95,174,1.3266545349130467,-4.869693673355883,-4.611526898471631
bohol,0.95,175,2.275925171404566,2.2810853004310303,-1.4049447334386755
bohol,0.95,176,3.759094254018322,-1.4195375290628505,-5.056691986468074
bohol,0.95,177,9.043221793353382,0.9891153006863789,-1.7227227469952595
bohol,0.95,178,4.747887900254511,0.8631384979425292,-2.2553793164805995
bohol,0.95,179,-1.294800699876987,0.4866663539792171,0.2872334206812752
bohol,0.95,180,7.537995588549052,0.8230290190153227,-2.496281201609392
bohol,0.95,181,4.282631639688134,0.7361340159068703,-1.4966273924425408
bohol,0.95,182,0.8815736834338281,1.1667223451258764,0.020485336960518907
bohol,0.95,183,0.7822723126826645,0.4569071998545411,-2.0249983465463757
bohol,0.95,184,14.552819016905744,7.952353287036161,3.559882474362908
bohol,0.95,185,12.06715442602237,1.5764593720773519,-1.6601779362205988
bohol,0.95,186,-9.444182955137308,-2.5223063994740187,-2.7008021019783826
bohol,0.95,187,15.796097816084,1.1140620183933834,-2.285713829454096
bohol,0.95,188,9.08471131920976,-0.8233961447028548,-2.8724118363254973
bohol,0.95,189,19.072007581779133,1.776527739155938,-2.52235223473118
bohol,0.95,190,15.628018182381908,0.22359177436729283,-3.3701283027137805
bohol,0.95,191,6.079617548528944,2.633771006685947,-0.6520964152675859
bohol,0.95,192,5.499514068367375,-0.34435215885150683,-2.679309473958412
bohol,0.95,193,1.1328281144106143,-5.441856821775147,-6.2766236258841985
bohol,0.95,194,21.93488773637762,1.4478433503861936,-2.8586743594718627
bohol,0.95,195,14.8494213142788,4.680402928790954,0.07585173982206328
bohol,0.95,196,7.505601550349752,-1.2551094367446893,-3.3910724767347276
bohol,0.95,197,9.39547545376044,2.8131560183520605,-1.3863340976981178
bohol,0.95,198,10.342009811742969,1.339727315562044,-0.6637726636418577
bohol,0.95,199,12.420220848949072,4.0722754122559195,-0.6464256555453787
bohol,0.95,200,6.350122641006124,4.7295490840715075,-0.4032860484464962
bohol,0.95,201,12.711143008962978,2.92084084332906,0.5434391827204692
bohol,0.95,202,11.283164372794033,-2.395836519486224,-4.471583014244935
bohol,0.95,203,5.813892712667638,-0.23792701253887572,-2.6443823420666988
bohol,0.95,204,5.000998938309692,4.1967287282992345,-0.012694553952343313
bohol,0.95,205,9.964736970427083,-1.3859867261396204,-3.715323827880468
bohol,0.95,206,6.666673311633531,-1.1150450206209968,-3.839909100688544
bohol,0.95,207,10.396334402106902,3.735503968345199,-1.733121382929312
bohol,0.95,208,22.1023584232357,4.838439497942858,-0.7048243987932281
bohol,0.95,209,22.535849653944325,3.1533480793818,-1.256494410492877
bohol,0.95,210,3.0393540090914257,-4.021307992136386,-6.939005623515065
bohol,0.95,211,6.880282344288474,-0.4845053041936893,-3.563387494402562
bohol,0.95,212,-1.614951245515897,-0.42040483491423686,-2.6642405272835106
bohol,0.95,213,10.749894134343464,9.782736944330452,3.567766639635856
bohol,0.95,214,1.8827821668978686,2.795571577332254,0.9172396059118171
bohol,0.95,215,9.895025960684393,5.51403629334537,0.829782390818913
bohol,0.95,216,-9.582783786908976,-4.047289116039934,-4.498816146193633
bohol,0.95,217,7.193230442857981,2.236106150539271,-1.8594352390496809
bohol,0.95,218,28.896331905313502,2.6711648706309035,-3.921186684837231
bohol,0.95,219,13.429652298158032,-0.5645382033755908,-3.81538736471974
bohol,0.95,220,9.995344769609545,-1.8339847579071318,-5.974293181393534
bohol,0.95,221,18.626076783403477,2.005635531737738,-1.1541851326496086
bohol,0.95,222,3.569988523320035,-1.8971646832388984,-4.14563104475031
bohol,0.95,223,14.101893262224735,-2.1706291607467136,-5.9191588844303595
bohol,0.95,224,6.758331256339488,1.6813887164967696,-2.403264975039612
bohol,0.95,225,-4.826615037919822,-2.162778181771003,-2.9561960140120718
bohol,0.95,226,-1.1410278459261463,1.1936232011061065,-0.6757542126342244
bohol,0.95,227,5.847563420269864,7.011143417712319,-0.49030379129236934
bohol,0.95,228,13.155174641684056,5.461842001682996,1.9145219246252552
bohol,0.95,229,-0.04568496457028459,2.7656357650085397,1.1821738841601146
bohol,0.95,230,1.907178017012825,-3.2110419360283657,-5.784382519420106
bohol,0.95,231,21.55994466925611,2.176384210355309,-3.5106754765649555
bohol,0.95,232,13.407822234192963,1.1716801063513032,-3.009616553502646
bohol,0.95,233,25.49785264384724,5.166501474837446,0.7453783393133833
bohol,0.95,234,12.116765713298463,1.4962854051227197,-3.0324948602974473
bohol,0.95,235,-3.9552767805915323,-1.1336093966776275,-2.201488692053651
bohol,0.95,236,0.4340055816621202,1.08255571991117,0.2516774315192194
bohol,0.95,237,31.166754049272527,6.017681557426201,-0.5623107734548896
bohol,0.95,238,7.440458694354959,4.313916918467655,-0.9295539557179353
bohol,0.95,239,27.073375145541547,4.506930544283563,-1.6144590992815324
bohol,0.95,240,13.220868151425378,0.9656975551302338,-1.4863239273620863
bohol,0.95,241,8.806856147493278,-0.05566119757065735,-2.2198218026239545
bohol,0.95,242,13.71375842550674,7.45964430503318,1.4521940956221755
bohol,0.95,243,5.439107254806629,-2.7948163694374557,-4.940613573328932
bohol,0.95,244,6.162043708535776,-1.8509502611422164,-5.009445379679455
bohol,0.95,245,6.8336350040870855,1.1423766775557596,-1.3409937269612229
bohol,0.95,246,6.816815190920835,4.152517492575356,-0.9035188448789597
bohol,0.95,247,8.839601679156061,3.9235027591405043,-0.20156938935851088
bohol,0.95,248,4.515100397930269,0.2667836688042371,-2.8377503393016994
bohol,0.95,249,7.526826845793522,0.6208906234010669,-3.3569840513027813
bohol,0.95,250,11.501387675625153,0.6831160160071192,-1.905081289424274
bohol,0.95,251,0.4580721298855792,-1.518452382044586,-4.606924646341156
bohol,0.95,252,3.1738588195852344,-0.7345234018474969,-2.4797682721608467
bohol,0.95,253,-0.21914363364439282,0.3207701347109406,-4.344460262559828
bohol,0.95,254,20.139007361489718,6.150956365842518,0.5622741728740479
bohol,0.95,255,-1.4679517922453442,-4.713174236647333,-4.528840886068181
bohol,0.95,256,16.93993289605376,1.316144739715952,-3.0957640028743825
bohol,0.95,257,8.416803041002282,-1.338754784002873,-3.6131429752463404
bohol,0.95,258,6.761779302145214,-0.3600935435867427,-3.484327821534066
bohol,0.95,259,-9.208853112955211,-1.6368843635655992,-2.3011420414492463
bohol,0.95,260,2.2452891126610552,-3.81335169854826,-4.293086293668637
bohol,0.95,261,3.468098907459023,-0.6118364847350506,-2.705057212689617
bohol,0.95,262,-3.6444932518132305,-0.46060328189976474,-3.111880001730988
bohol,0.95,263,0.4691661050057405,-6.628576761822345,-7.200162646400571
bohol,0.95,264,4.708841071824338,1.2104990493434258,-2.5326012636044055
bohol,0.95,265,12.666737566793472,2.2923126071208912,-1.0826378536801329
bohol,0.95,266,25.361762961718455,4.227461091388449,-0.46089339288666764
bohol,0.95,267,-0.9462500798249209,-2.370525659903848,-3.7283011257811296
bohol,0.95,268,6.6048727567395815,0.8256147359718966,-2.7417265334637833
bohol,0.95,269,22.465024186686747,7.305731728235486,0.2579547093477714
bohol,0.95,270,0.09095982429968785,0.7707203775449187,-1.5343120326373167
bohol,0.95,271,-4.967490316431338,1.8383857196168805,0.7053153515343098
bohol,0.95,272,6.045997185412347,-1.9763446765043398,-4.169546473783164
bohol,0.95,273,8.840229443224587,-1.2633264255069463,-3.279196828557353
bohol,0.95,274,14.58941935890411,4.221219375019359,1.079913901921472
bohol,0.95,275,10.469880018075628,3.8010546853500955,-1.1469508722417956
bohol,0.95,276,15.96718609337185,2.4118460025132293,-1.5622514967264465
bohol,0.95,277,0.8686559696694758,2.3046673481284046,-0.3941236900770946
bohol,0.95,278,10.004029781981501,0.49523209164925674,-2.5705721098132557
bohol,0.95,279,-0.6224939684233277,-2.704926405522883,-4.230680978711241
bohol,0.95,280,-2.8174011108082766,-1.525316118046959,-2.5984302405360395
bohol,0.95,281,8.15059880307416,3.2486954214202797,0.5912764253097791
bohol,0.95,282,15.963584641463513,3.385085201264161,1.2445352632302615
bohol,0.95,283,2.9328792231767693,-6.337697025387953,-7.49886160662318
bohol,0.95,284,8.851001852740922,4.082137588715526,-0.6311237127969278
bohol,0.95,285,10.876526189389494,5.04553632783464,0.12934496219740765
bohol,0.95,286,14.018257953073544,1.7223615188057693,-1.5285366326173957
bohol,0.95,287,7.157670293576416,-1.5879141113097006,-4.456171109724252
bohol,0.95,288,15.014643930909898,-0.34902495135551703,-3.873167283140461
bohol,0.95,289,8.707091438587042,0.01576295065518707,-3.281206308233884
bohol,0.95,290,-1.1707268309650942,-2.4992752191750185,-3.5307578573623886
bohol,0.95,291,1.9322046507116397,-4.640903522580018,-5.505381416411133
bohol,0.95,292,3.736591560169245,-0.2091829907100191,-4.0262768877879935
bohol,0.95,293,8.379703373265784,1.213465967317319,-1.8613185591212869
bohol,0.95,294,11.565039388849243,1.8921988725647765,-2.5078345183830706
bohol,0.95,295,18.310270883154004,7.23808055860512,0.09532974713656017
bohol,0.95,296,-3.6556718095620795,-4.010087442469285,-4.830865960240402
bohol,0.95,297,17.65801143109877,1.5620098152023019,-2.6227591989926324
bohol,0.95,298,-4.099242602985839,1.5621980107871565,-0.25782013260139536
bohol,0.95,299,13.41765285125382,-0.31442102437132746,-4.313499094003056
bohol,0.95,300,4.398691595503692,-0.04273980648375186,-2.4774747851220127
bohol,0.95,301,-1.831397605972171,-2.8419739212780826,-4.555042213402658
bohol,0.95,302,-11.042481718518417,-3.2425768822772767,-3.0293559258365335
bohol,0.95,303,17.764731902837013,0.965396310486895,-3.098869242828407
bohol,0.95,304,19.56484283588003,-0.1624559622914319,-3.426979816388922
bohol,0.95,305,13.259438299991928,7.675326065351825,5.011599459660502
bohol,0.95,306,-2.1525088770678167,3.58625023497558,-0.03487687988850041
bohol,0.95,307,9.974090736620525,0.1552852214179694,-3.1715548628920445
bohol,0.95,308,10.10333245926401,-0.07173265915892557,-3.5613288773438114
bohol,0.95,309,11.339230592197225,3.8325065208654507,-0.36696233542365064
bohol,0.95,310,3.954360599069645,3.4565535546224027,-0.7754254139127781
bohol,0.95,311,16.46222339028455,-1.8587929864112596,-6.052665383219754
bohol,0.95,312,6.529421759705258,-2.04686230797806,-4.339567748043756
bohol,0.95,313,18.299536437149527,3.2024595068020716,-1.0402323496098091
bohol,0.95,314,-2.6439415740025822,0.3539844098380769,0.03449657465114342
bohol,0.95,315,-11.430755395480446,-3.601241787606611,-3.7601053740793304
bohol,0.95,316,-1.7354761802374128,-1.3185966894636039,-2.8837193348092924
bohol,0.95,317,2.5453444250676114,-2.9434808137473567,-3.7641486890351388
bohol,0.95,318,18.047151031906594,0.5937197035753456,-3.569157085321379
bohol,0.95,319,3.3214659493152965,3.905164278649039,2.4047661018520756
bohol,0.95,320,6.542509104511737,1.0444178440134095,-1.6944553432916152
bohol,0.95,321,5.38581191175021,-0.7971049761247713,-2.8286998490450443
bohol,0.95,322,16.528953615895716,0.12722661591497797,-3.3639614309238226
bohol,0.95,323,-2.6865525609074723,-0.15869360652409625,-0.36816358138477767
bohol,0.95,324,-4.350767579781547,-4.213136138264616,-5.570751359346453
bohol,0.95,325,0.17932110790562206,-4.069951057851014,-5.298916766423275
bohol,0.95,326,9.715144747877758,0.3913725704579747,-2.7819437492504306
bohol,0.95,327,11.139689606112086,2.6650328468402478,-1.1443834982990495
bohol,0.95,328,0.9187476348892858,1.2376711677269157,-0.940838958856439
bohol,0.95,329,7.425499432423749,3.53443180760533,-0.7682966181130979
bohol,0.95,330,6.327009561368698,-0.9180279794544788,-2.2491041965981964
bohol,0.95,331,17.581425814528075,3.2308013565475733,1.0393507599096239
bohol,0.95,332,10.62414295668583,1.369925397904865,-2.4269158112616083
bohol,0.95,333,2.3999539378488635,2.4419900600619115,-1.6701349321104004
bohol,0.95,334,17.5073330529068,6.676820618534705,2.3050691334249365
bohol,0.95,335,17.748204021236404,0.7091650286764803,-3.7238903183892944
bohol,0.95,336,5.612641737022784,2.7316389752714514,-1.6796497719430903
bohol,0.95,337,6.677857859646991,7.967203900128851,2.92765509940007
bohol,0.95,338,13.526213759044083,6.427555969763901,0.6072343559393971
bohol,0.95,339,6.071550458070703,1.1374735162671925,-1.8356393763324448
bohol,0.95,340,19.354989562355286,1.1848866325513825,-3.2696743078412354
bohol,0.95,341,7.418048109186401,0.37934627844863655,-1.7992687953622948
bohol,0.95,342,20.690962531732765,2.312367149371653,-3.2500016454375924
bohol,0.95,343,19.08779876420209,5.46414328302447,-0.33708727146448325
bohol,0.95,344,18.478288508323402,2.747937616659442,-2.0348626723074332
bohol,0.95,345,-6.247878350270241,-5.43332222745093,-4.472127717320376
bohol,0.95,346,5.913746982344463,1.5682456593669372,-2.2309693090469906
bohol,0.95,347,10.807528102453347,2.675827374655114,1.00989798832277
bohol,0.95,348,19.96197858421374,-1.0266988586154895,-5.4559430305334615
bohol,0.95,349,25.717934798910335,2.8526183888892263,-4.585858744023348
bohol,0.95,350,11.692236270421745,3.920725758807734,0.9126515151135877
bohol,0.95,351,-3.0946941045763197,-0.2417687224716758,-0.6756223844343765
bohol,0.95,352,14.357422089013397,0.1523951488095321,-3.8633324248986938
bohol,0.95,353,4.849254333853139,2.0632491532199566,0.5182644108685963
bohol,0.95,354,0.1642048306496804,-0.5171345277332762,-1.1294989652571559
bohol,0.95,355,9.821365224189776,2.155620813064928,-2.5064224793682115
bohol,0.95,356,-3.145768643104361,-4.1580027329166,-4.354852119612438
bohol,0.95,357,11.586460353332967,2.7092241153840604,-0.9357927352741271
bohol,0.95,358,28.09052324089805,4.111952043866566,-0.21145319113853134
bohol,0.95,359,5.3961906292872754,0.97581551828317,-2.6736734631629986
bohol,0.95,360,21.083568500210333,1.3901657369435299,-4.042001170514425
bohol,0.95,361,-2.7694200479484437,0.4319194639303987,-2.090662748417863
bohol,0.95,362,8.512859363353897,0.4790308019601781,-6.006581463702048
bohol,0.95,363,14.521247212991852,3.8455209661934617,-0.8839332514194922
bohol,0.95,364,10.595137709532764,2.803162421768434,-0.14970699315203717
bohol,0.95,365,2.5151198909842947,-0.3113416676882963,-2.950380004908837
bohol,0.95,366,0.3477197799614373,0.5836741609502099,-0.3836023954478449
bohol,0.95,367,9.936700883064333,1.4418667051893124,-1.60616979401766
bohol,0.95,368,9.800676209482276,4.5032490565372285,1.1056215501022422
bohol,0.95,369,19.804944661211408,2.312033511238056,-2.0404358918472383
bohol,0.95,370,-1.280142377430053,-6.613944567330847,-5.710095079985479
bohol,0.95,371,11.190656723335564,3.6612403923576267,-3.7150462966680635
bohol,0.95,372,5.407057242157293,-0.1182403028348773,-3.2249623459690326
bohol,0.95,373,2.920284387775922,-2.2324298673864575,-1.3473281136189001
bohol,0.95,374,6.046018873309691,3.354744583391124,-0.7084126869160841
bohol,0.95,375,-2.9077680098023393,-0.19958753363074777,-1.2178122381827876
bohol,0.95,376,4.077288717675373,-2.2772414035093647,-4.328120321223857
bohol,0.95,377,17.46638255371036,1.9535031387809028,-4.028616101599589
bohol,0.95,378,17.585849464781774,3.1283601423900507,-2.3363403793942297
bohol,0.95,379,15.197477894387816,5.874557785023384,1.0614022835087482
bohol,0.95,380,15.956009382599063,-1.4083672079196958,-3.7800629770948078
bohol,0.95,381,-8.818806394367812,-4.35158742093185,-4.954677405410962
bohol,0.95,382,-9.05575379718772,-1.6030237646432397,-1.743519123281601
bohol,0.95,383,-2.462542670469901,-0.002166956492914096,-0.28275134585432227
bohol,0.95,384,-1.213086199104282,2.3927806933292146,0.38424759454660773
bohol,0.95,385,-2.8627378107105415,-4.37977652091206,-5.1347957700263365
bohol,0.95,386,3.872065807712346,-7.249726579311243,-7.629138043293217
bohol,0.95,387,17.880173265617714,3.3136628055417674,-1.4423096060707081
bohol,0.95,388,6.860743657343789,0.2352930771900077,-2.633011489341669
bohol,0.95,389,12.277983627295384,-4.294781792559334,-6.917063322492318
bohol,0.95,390,3.2776277122457316,-1.2854078488255283,-2.135584850514334
bohol,0.95,391,9.404660601721616,1.4711068514030643,-0.651663131966906
bohol,0.95,392,-1.8096495528453431,-0.698672146349196,-3.294707496145243
bohol,0.95,393,-1.6441388980036322,-2.9246641279730596,-5.065001461164783
bohol,0.95,394,6.8945170566419165,2.9318605205221218,2.355558751010591
bohol,0.95,395,9.294236135229937,-4.934262374302762,-6.417169415441933
bohol,0.95,396,9.830360791320459,1.3248936015504,-1.1462925047855492
bohol,0.95,397,-0.1854027772718041,2.0840252629112683,0.0794096870987957
bohol,0.95,398,20.06122160809042,4.672141186355049,-1.261063192512708
bohol,0.95,399,5.755591592982057,-2.3565756107183944,-5.260755534982309
bohol,0.95,400,7.642976219204797,0.3015585178553124,-1.9099887530836597
bohol,0.95,401,13.823211770580315,3.821848619642452,-0.8075393037337832
bohol,0.95,402,14.849663760305589,-0.3794213855236137,-4.74398188265463
bohol,0.95,403,8.265238392836778,1.3295544589651342,-1.8535266508565371
bohol,0.95,404,-6.650183006027817,-4.189369872478522,-5.6242538739690104
bohol,0.95,405,-3.733802559328609,-2.921591858837516,-3.3652382451400555
bohol,0.95,406,1.8706006526130068,-0.777178438295195,-3.0282294842147337
bohol,0.95,407,14.386235866995804,2.3123896601878045,-1.655246641422572
bohol,0.95,408,14.088545791941328,5.067668941800449,0.24727640420996977
bohol,0.95,409,4.868805529709817,1.311896814960619,-0.5538376917817516
bohol,0.95,410,2.8850823352185273,4.087482203729536,0.5336269444036219
bohol,0.95,411,12.08419729326701,1.4682373709781018,-0.5699201735308748
bohol,0.95,412,5.507963577269777,-2.479935685428501,-4.572447025557572
bohol,0.95,413,7.541801804611509,-0.9785168319167354,-2.822169950373649
bohol,0.95,414,-3.6189114326945173,-2.9404651463800917,-1.2935598073285703
bohol,0.95,415,25.25282062854984,1.7997946585768716,-2.7296465130638765
bohol,0.95,416,8.971692064483875,-0.7892172918608225,-3.415699781981175
bohol,0.95,417,5.369878435853138,-3.558780847916111,-3.421874188990408
bohol,0.95,418,24.76868664798377,3.8178151866245145,-0.9648094063005956
bohol,0.95,419,2.3523768551368676,2.400214784190581,1.118101366109336
bohol,0.95,420,12.429828359673166,0.7165654935121211,-3.3914181945548023
bohol,0.95,421,9.350177993615091,0.5185966962355195,-2.5674774158610987
bohol,0.95,422,6.015188779057439,-1.7709054458341882,-4.046600094999462
bohol,0.95,423,6.610769811504781,1.7856029920142902,-0.33835452211182115
bohol,0.95,424,16.22217221892697,-1.666201190258505,-3.600982263923676
bohol,0.95,425,10.804736001560428,3.6244506353245782,0.6829266864009753
bohol,0.95,426,10.394397512798577,-1.8094607070313486,-2.921291998932034
bohol,0.95,427,7.644843853207959,1.6353674540680316,-1.8399851501399098
bohol,0.95,428,22.266600678443922,0.32027873496753045,-2.6974831047292867
bohol,0.95,429,19.377350649092335,6.819572754159651,1.7051733597451957
bohol,0.95,430,-3.0259911769239807,-2.770433128319837,-5.305512909848829
bohol,0.95,431,14.79745729335491,0.9406425019556792,-4.859266907604592
bohol,0.95,432,5.033966806948484,1.0680223035196121,-0.28541105208700657
bohol,0.95,433,9.10410751382608,0.6390842297549284,-3.265532606738361
bohol,0.95,434,14.293617478102476,1.6821033480951826,-2.2464994822332187
bohol,0.95,435,17.187070556260892,-0.2510594137694966,-3.6659142002918728
bohol,0.95,436,23.609474104344997,4.476051454787751,-2.3287899177682974
bohol,0.95,437,-6.026115001949819,-6.027372567286122,-6.205351892313608
bohol,0.95,438,7.650225955710056,-0.04438448617263191,-2.859043152645775
bohol,0.95,439,-5.868009437335303,-2.1474308017417627,-2.0261147581148364
bohol,0.95,440,8.231815774723714,1.4063477878655988,-1.1516455393396186
bohol,0.95,441,-7.023896661169289,-4.587216637569796,-4.907698337304353
bohol,0.95,442,13.694510846661444,4.764642006082198,1.9576836241335798
bohol,0.95,443,7.096636891168458,-1.6299434756696627,-4.650867166538646
bohol,0.95,444,10.31683401931221,-1.5758707896441422,-4.68694972618097
bohol,0.95,445,15.553558458727963,5.745128539517623,0.6777589025079038
bohol,0.95,446,-0.6920346061453415,-2.5169293398186454,-2.685920765838979
bohol,0.95,447,8.25057751122577,2.0159642954027817,-1.6457210484384177
bohol,0.95,448,22.01957028384126,1.7069365913562677,-1.7188322351816367
bohol,0.95,449,16.25720485452925,4.6117939927375176,-0.6608871590926384
bohol,0.95,450,5.0950588458241555,4.092104673472619,-0.14036303833038488
bohol,0.95,451,-5.271382708843333,-2.4523309526033046,-3.1310812208697314
bohol,0.95,452,10.728883268856464,1.6971725099032682,-1.6122892289682937
bohol,0.95,453,8.646650017100399,5.6931526129187375,1.6265494297268432
bohol,0.95,454,-6.780206621283867,-7.022734231735711,-5.850062344558438
bohol,0.95,455,-4.330902592005884,-2.3633718229798006,-2.960622953410649
bohol,0.95,456,9.873148503023941,5.355058437062041,-0.18584788173595257
bohol,0.95,457,13.333471445814553,-0.4631687049045041,-3.1847396770596887
bohol,0.95,458,7.145171357499862,0.43520113150795225,-2.43596314727251
bohol,0.95,459,11.27690306339423,4.641083798539142,0.8617684364791387
bohol,0.95,460,13.866326450945678,0.5943554719953283,-3.284157113383799
bohol,0.95,461,13.032351664262166,-1.39581103229483,-4.567309064561073
bohol,0.95,462,-1.503929880547929,-5.4738365613658,-5.2440179313650574
bohol,0.95,463,8.908424681544147,0.6496005394224511,-3.5377692830892613
bohol,0.95,464,10.433431374024991,-1.4299036579486284,-4.513841500822366
bohol,0.95,465,14.27820984314883,2.7488478423814513,-0.6972228346861797
bohol,0.95,466,19.38182104612983,2.0788832728600966,-4.796533420919708
bohol,0.95,467,5.794557579331411,0.25443651142867907,-2.1367170198328367
bohol,0.95,468,14.421176152963113,2.687965210030825,-1.7569145864500655
bohol,0.95,469,9.856811988811302,0.7329080115362956,-2.5930446981663167
bohol,0.95,470,5.476629520935205,-0.598128804975218,-4.24280276176632
bohol,0.95,471,0.621979454093406,-1.2096369731894185,-3.6220770412819476
bohol,0.95,472,14.775124692142072,-0.07952168929641346,-5.069305784867254
bohol,0.95,473,17.65198153816911,0.7962988671780806,-2.9458181698009582
bohol,0.95,474,-1.8680911404110248,-0.9230361407694261,-3.141117158651433
bohol,0.95,475,21.093300522777554,-1.5585292349906155,-4.478546461001855
bohol,0.95,476,4.77252120338909,1.1956553802241956,-0.9419579557752655
bohol,0.95,477,14.747651002430814,1.0152844505640815,-3.384316617206153
bohol,0.95,478,9.387723477227468,0.1302331108607575,-0.2690042684321412
bohol,0.95,479,-1.9422031875040204,1.6240775222735806,-0.10311067480178338
bohol,0.95,480,9.129361328909908,-0.9590494194967931,-5.501409034197707
bohol,0.95,481,33.12043448588324,6.8314640218767835,0.41297438393429786
bohol,0.95,482,11.95322877791233,7.479069231424901,3.0429229014054044
bohol,0.95,483,3.465201530334099,2.9315379291150094,-1.15335389764617
bohol,0.95,484,10.278419326829123,0.2985225871644701,-2.547427390257873
bohol,0.95,485,-1.233124985045606,-3.200335997886043,-5.010031729787087
bohol,0.95,486,-2.0857846222270666,-1.0880707867700181,-1.8062895471990217
bohol,0.95,487,-3.1066539382818235,-2.344545674697997,-2.3523985909735714
bohol,0.95,488,21.339138386041213,3.5127384961855626,-0.1356735550562007
bohol,0.95,489,2.1681723378952427,-1.1023865001819217,-2.1682548379777415
bohol,0.95,490,9.65268132244043,-2.1534834298641954,-3.8981626193549843
bohol,0.95,491,13.197788859232446,5.916274724808474,0.6482687302574064
bohol,0.95,492,-1.710620593251349,2.4053442464136054,0.6473539024609138
bohol,0.95,493,-5.91500860511843,-1.9512830499170235,-4.527948970320239
bohol,0.95,494,16.612512583164857,1.0761062223308926,-2.8002747957784067
bohol,0.95,495,5.228972552068825,0.12073252024225667,-2.7889959932360853
bohol,0.95,496,2.2597794345863065,-3.386550598141241,-4.779284401926439
bohol,0.95,497,-4.852548511123558,0.9912123893937235,-1.4832047421377226
bohol,0.95,498,10.034187814042525,0.599792021038283,-2.665745695445935
bohol,0.95,499,24.51577611750554,6.263957624746482,0.4621343109095477
bohol,0.95,500,-5.822165687925008,-4.37068404554698,-4.443527379742534
bohol,0.95,501,2.515448124257972,1.7847574705874933,-0.0022664950641271275
bohol,0.95,502,9.698797923198327,1.2845392704541183,-4.442359260507509
bohol,0.95,503,10.670295232274299,9.319602327165711,4.2476447417665355
bohol,0.95,504,12.83987298343257,2.5897067126757065,-2.337598290099969
bohol,0.95,505,9.311105179149905,1.0732634220894397,-2.3267759541144386
bohol,0.95,506,17.24086907483138,-1.8267168817902046,-6.351540366124468
bohol,0.95,507,15.838123246476044,2.9192120724889605,-1.595226162871306
bohol,0.95,508,10.665757530206605,5.4637805503292896,1.7384339352813143
bohol,0.95,509,17.308003682822232,2.5692154579784443,-2.087711488242782
bohol,0.95,510,6.685459045372511,-0.1708623495098749,-2.324245856030636
bohol,0.95,511,15.32130781647399,6.707867940252214,1.2452856291998131
bohol,0.95,512,9.64422958208391,6.49219967543209,-0.5723729917260627
bohol,0.95,513,1.5865664110982323,-0.12051391843763781,-3.123618863146298
bohol,0.95,514,10.598215644941206,4.033662222886306,0.5127061987900916
bohol,0.95,515,-6.432138062068276,-4.501260787530796,-5.921637884499958
bohol,0.95,516,-3.6983511218265335,-0.2543857094468507,-1.935422863086714
bohol,0.95,517,14.197289716573039,6.025044787710087,-1.0589246472250338
bohol,0.95,518,11.29326366099437,-3.031920684238173,-7.576393771558045
bohol,0.95,519,4.113143937204001,-0.3707725313811494,-1.9948520200935462
bohol,0.95,520,13.422070100816029,-1.6708967777066874,-4.80466122420966
bohol,0.95,521,15.337977255737655,1.695960534247419,-1.2947147047745915
bohol,0.95,522,1.68455806047794,-3.0413478990328997,-4.506119586443916
bohol,0.95,523,-2.7649678728816127,-1.5653409421313853,-2.8949067416282617
bohol,0.95,524,5.496314081116736,-0.8435655262556025,-2.8528379645583684
bohol,0.95,525,-6.078646460829731,-6.635852845371502,-5.9365638669810465
bohol,0.95,526,21.351445514808518,1.024667612200517,-2.853939305084502
bohol,0.95,527,19.195837882013166,6.998959169393302,2.374274180369433
bohol,0.95,528,5.97625474269131,-0.3004960715277889,-2.0061301973132686
bohol,0.95,529,-1.3350248538998812,-3.090156323925484,-3.21911017932797
bohol,0.95,530,15.874898547123422,0.6229008149473572,-3.958169360621376
bohol,0.95,531,-1.677504372347812,-0.714863823462963,-0.9164911819583068
bohol,0.95,532,0.9106702976179974,-3.7126824462132078,-4.8684795431563614
bohol,0.95,533,-0.15700589813664578,-1.6006197934016342,-2.3222688550973203
bohol,0.95,534,1.170709889453775,-0.4507710946982826,-2.710793383955121
bohol,0.95,535,17.144647693119225,5.89334952031335,0.9108958348351166
bohol,0.95,536,13.580056251288028,-3.837591542838396,-5.79858135472093
bohol,0.95,537,14.86247521167445,5.624462144956539,-1.6295507984638107
bohol,0.95,538,10.551913370628967,0.20183158854278815,-2.7011199790530185
bohol,0.95,539,12.974224614376169,-1.820137251977087,-4.85943271286299
bohol,0.95,540,0.6400240411462903,-4.918750185678434,-5.0811276999981985
bohol,0.95,541,20.37110406708001,4.1667078856779085,-0.41821315451191055
bohol,0.95,542,8.90825422033717,-2.690360377356626,-4.646577231087292
bohol,0.95,543,-1.1931544215785266,-5.422824610534093,-4.187794167955197
bohol,0.95,544,8.777155532415264,-3.8566666646554637,-4.901714015344723
bohol,0.95,545,13.629707934695716,5.586566970686604,-0.6048543583815871
bohol,0.95,546,16.272032224318792,1.859259194470397,-2.1115344331724373
bohol,0.95,547,1.718720803962583,4.22301024830783,0.292627631422377
bohol,0.95,548,22.488088476746896,4.0630606969941,-2.926115970190807
bohol,0.95,549,0.19798062739539546,1.4997030773163686,-0.5584349588495314
bohol,0.95,550,-11.454759422282052,-7.8747393920877755,-6.4056091755867826
bohol,0.95,551,-3.492979457497256,-0.918538223654167,-2.5458851313314668
bohol,0.95,552,2.024773008357954,0.43604712098604637,-2.2239909689114867
bohol,0.95,553,12.318227936297546,4.46923635133777,1.5849903270329975
bohol,0.95,554,5.892124519162735,0.91625601198308,-0.6238233497540691
bohol,0.95,555,7.093749919873829,0.17477693533976435,-3.728100326762828
bohol,0.95,556,0.9863548732533332,0.628619561925504,-1.4910824854417726
bohol,0.95,557,7.4999946672720625,-0.7227046485642177,-3.1886439182231427
bohol,0.95,558,-0.6271485130101837,-4.0408382390933895,-5.0929290218172625
bohol,0.95,559,16.867391583158394,3.096585476144952,-4.0002000576916
bohol,0.95,560,4.58271225867901,0.6328571341622649,-1.982860058782478
bohol,0.95,561,-8.611867804922099,-1.0502478674865756,-0.7640919211220663
bohol,0.95,562,4.3418355539158995,-2.342314644378618,-4.230714662960452
bohol,0.95,563,12.428876088947021,-2.8408812557208165,-4.893598765348337
bohol,0.95,564,-10.866886897017366,-2.015853047614641,-2.775582137180834
bohol,0.95,565,19.693457044267888,2.2779455764812298,-3.197129399727956
bohol,0.95,566,9.39853782545859,1.5614441016754768,-3.834378367665643
bohol,0.95,567,22.345542368446218,6.215879445550939,-0.49945877645170356
bohol,0.95,568,11.779912028400304,2.4439975489773786,-2.9500245957951563
bohol,0.95,569,20.448663094259018,1.2238622113734436,-3.7642072391609815
bohol,0.95,570,6.731540170992872,-0.41507603862814335,-2.6186503123482794
bohol,0.95,571,-3.9140156095365057,-3.369532674698661,-1.8112060919569046
bohol,0.95,572,16.549517578007283,7.823651811769764,1.0776143598873489
bohol,0.95,573,-3.6107689454979948,2.9430274620502104,0.2303772021915549
bohol,0.95,574,11.77111695873117,5.0518918572275595,1.3734961331000264
bohol,0.95,575,6.95113347587008,2.4392875578511166,-0.5102387935547057
bohol,0.95,576,22.270306076467023,-0.5798458963007818,-4.989160917566515
bohol,0.95,577,3.938313471476789,-0.014966219538266046,-2.8660248572699416
bohol,0.95,578,12.826105507122122,4.597691914002809,0.04409814942835766
bohol,0.95,579,27.1470899023235,4.38084074976058,-3.7316952437846993
bohol,0.95,580,18.540412108652305,4.523848678925447,0.04349331386141131
bohol,0.95,581,11.888749800194574,1.7478219241710633,0.6243192658007359
bohol,0.95,582,11.943706680311465,-2.4782223534026144,-5.290797020348279
bohol,0.95,583,20.07611082943791,4.329477222969032,-0.3563867830587242
bohol,0.95,584,8.819378545733542,-1.238622519905121,-5.852699242266219
bohol,0.95,585,10.42126010450562,-0.3992825385615504,-3.0756009906290913
bohol,0.95,586,12.680821454471754,-4.3797900457320793e-4,-4.345061895081891
bohol,0.95,587,14.12874851652606,2.7999084690883507,-1.4515324570263886
bohol,0.95,588,11.798182279284902,3.936240442052977,-1.3251687132300773
bohol,0.95,589,-9.756615402832182,-2.9484690062840286,-2.416415483446805
bohol,0.95,590,9.617248652025978,2.1319823047202107,-0.6370721239779513
bohol,0.95,591,8.312036102864226,2.9189280650259093,-1.0009550267986569
bohol,0.95,592,4.438612614094552,-3.3949635984082107,-3.368636578060759
bohol,0.95,593,13.725404904043899,0.8646027527414049,-2.9715377403134653
bohol,0.95,594,13.195176655492133,1.872300819838756,-1.966505629557041
bohol,0.95,595,8.177478781170805,1.968011662636016,-0.9835874377091187
bohol,0.95,596,16.707570158858232,1.246242740963325,-2.828343552691692
bohol,0.95,597,14.507054828599337,-0.8700048842562467,-3.399973088543298
bohol,0.95,598,22.564839111165895,4.684150193022177,-1.3124154602401603
bohol,0.95,599,8.811906446045043,2.831364016632179,-2.0086561059522694
bohol,0.95,600,12.641360333277078,1.8574515436984314,-2.820840786904732
bohol,0.95,601,-6.806373146319714,-0.36941229177146795,-0.11795331463100212
bohol,0.95,602,1.8319555093628992,-0.7737917581445259,-3.201959538826088
bohol,0.95,603,15.34949171519358,-1.0614246844519073,-5.94458817483126
bohol,0.95,604,-2.516296603302237,-0.9200540331558074,-2.6348350501630833
bohol,0.95,605,3.5631131709737076,0.9206544799707643,-1.6954413192836029
bohol,0.95,606,17.13068212278148,4.924114445593986,0.07485639331572003
bohol,0.95,607,-4.444325608296765,-0.26468490425308744,-1.5658582147221267
bohol,0.95,608,17.204488223888802,0.10096497831297313,-4.983722554321389
bohol,0.95,609,5.149680457832233,0.5234574927758189,-0.1376664704787416
bohol,0.95,610,23.387432229629155,0.4327816163052205,-4.740063785131937
bohol,0.95,611,-2.3141028006931776,-2.9122081883220687,-4.060300066480465
bohol,0.95,612,16.723510415218016,5.984028173202489,-1.582846793858657
bohol,0.95,613,2.54345250745547,-1.143272790071748,-4.9591969937020295
bohol,0.95,614,12.698869563757313,-1.2677209464862358,-4.085171212707152
bohol,0.95,615,12.420302534918562,-2.0264696666138775,-3.7038175915707825
bohol,0.95,616,17.57982637093224,-1.5544097067202358,-4.737914425072319
bohol,0.95,617,8.135797057194765,5.755945901107893,0.9168380270410665
bohol,0.95,618,13.73300248894384,2.49992486521424,-1.842133240274208
bohol,0.95,619,25.78120663826732,6.951709190278649,0.8771611189513635
bohol,0.95,620,5.608488821222551,0.15260037708839036,-2.3533313677898207
bohol,0.95,621,8.687339868415506,-0.8428762757073258,-3.560922930158121
bohol,0.95,622,10.288587707152999,6.27322597354032,0.6713884856862364
bohol,0.95,623,-12.829010302475297,-0.9422401575422867,-1.427868786002918
bohol,0.95,624,9.428529034988173,5.676517586588659,1.1781019212363049
bohol,0.95,625,6.011937796419318,-0.08659841550168323,-2.9478320105854934
bohol,0.95,626,5.634965846874422,-0.4163350698334227,-1.8587110764640045
bohol,0.95,627,-2.1346152640833793,-3.401286091165858,-4.387548716563558
bohol,0.95,628,-3.804245547250673,-5.128015594420816,-4.5058356143004445
bohol,0.95,629,-6.010491373017089,-3.306481310536242,-5.384118711122888
bohol,0.95,630,15.950505775772797,-0.16938525389701908,-3.926235847367579
bohol,0.95,631,6.037631470563667,-3.162402737488634,-6.395068066264656
bohol,0.95,632,7.454040851639917,-0.3693414329088256,-3.4169081902748246
bohol,0.95,633,1.9075895184153637,-4.868651353605387,-4.545427876365977
bohol,0.95,634,1.3744475071139846,-0.9263634846688262,-3.4674757871168467
bohol,0.95,635,-0.13542111639972632,-0.3407245866421107,-3.450094298980858
bohol,0.95,636,29.056048533200766,7.329578467191823,-0.2697830531295935
bohol,0.95,637,15.230674366661162,-0.9632835222403315,-2.886583904202844
bohol,0.95,638,11.571095140563273,3.4235583722977765,-0.29214100696695766
bohol,0.95,639,12.356391080127537,0.08040322800715671,-2.126768547848201
bohol,0.95,640,15.620014790476944,4.955005182274164,-0.46821918633154525
bohol,0.95,641,25.435425976646883,3.963966683295851,-1.2318575081701937
bohol,0.95,642,-6.055007819597165,-1.0226921985897235,-0.6440935802554648
bohol,0.95,643,12.495026795150125,2.046146577235035,0.25691443696478444
bohol,0.95,644,11.053152680131063,7.153261403304171,3.2867234707470203
bohol,0.95,645,3.7907779863405153,3.040940838274153,-1.0086563302095115
bohol,0.95,646,18.108033858929247,4.6527052389400865,-1.0038304154416764
bohol,0.95,647,5.226173607779401,-3.203029326043392,-2.1231324037236234
bohol,0.95,648,11.571003053403047,0.8186965203661032,-2.5849735404143672
bohol,0.95,649,21.28396070065,0.42450160890378186,-4.724558247948394
bohol,0.95,650,13.58595854714153,4.346234367452055,-0.05100585373688915
bohol,0.95,651,17.965016044540647,3.531917190966027,-2.1257711107800787
bohol,0.95,652,11.777644761368492,6.663429647544007,2.0765684492673273
bohol,0.95,653,5.950552239949275,4.1906463507000495,-0.4492267854060117
bohol,0.95,654,15.48605427807189,-0.6701002705578532,-1.5325295458690107
bohol,0.95,655,4.283581040515486,-0.6462569170555241,-1.7919053245381775
bohol,0.95,656,-3.185094629131754,-3.09905321550994,-2.4753092491182187
bohol,0.95,657,10.803075262528068,1.285584724925343,-1.0624418859100686
bohol,0.95,658,-1.1345960119199958,-4.697721810911062,-4.515873180950038
bohol,0.95,659,5.749846508727444,1.1890809361943013,-1.6969962491998345
bohol,0.95,660,17.860836320617324,2.547225618374071,-4.230262897630958
bohol,0.95,661,9.549578585632844,4.436069843727154,-0.4006344186980044
bohol,0.95,662,12.439352101095636,3.658697636112805,0.9885037249584485
bohol,0.95,663,12.939055668968706,5.487087023904067,0.1452836243264244
bohol,0.95,664,5.738113005816132,2.470752336844555,-0.16402467232382634
bohol,0.95,665,4.310563871077903,0.6910728402856989,-3.691811254205028
bohol,0.95,666,9.04821843505016,-4.661691953733865,-8.226703957192335
bohol,0.95,667,2.854827549573116,-0.19004942782598278,-2.508770822739109
bohol,0.95,668,16.579739040451955,1.2143923131040992,-3.0898006800885085
bohol,0.95,669,12.452479902489216,6.840861907851334,3.1945365488225903
bohol,0.95,670,6.202160781607091,0.23601276693582918,-2.3737206802797246
bohol,0.95,671,15.697703158384513,0.8387093581237082,-3.3309793841364694
bohol,0.95,672,20.328481522953012,10.060044416384187,4.006497369689043
bohol,0.95,673,6.131042118417241,-3.044585136861741,-4.508243366806738
bohol,0.95,674,0.8459939724367587,0.6702666826430743,-2.7006547506251337
bohol,0.95,675,21.60132862427571,2.0863257911738202,-3.2184059107632166
bohol,0.95,676,-6.302466137512454,0.4154518296755896,-0.7906932909333193
bohol,0.95,677,8.30471548296154,0.8957830597984326,-1.6897989473366408
bohol,0.95,678,-9.703991070196679,-3.395242857980975,-3.314587690048654
bohol,0.95,679,23.98930886510462,5.311810797412448,-0.2885492670066796
bohol,0.95,680,0.6087976628042782,-2.0822843272618314,-4.28177357580271
bohol,0.95,681,8.239276171120736,2.691005414483513,-0.3818685053109476
bohol,0.95,682,8.596987447248182,6.33730106190977,1.4653846789888831
bohol,0.95,683,-4.905700562674269,-3.2556097183262835,-2.7116315172862144
bohol,0.95,684,19.58148724238808,-1.1854642542013636,-3.471317943991167
bohol,0.95,685,11.553249940839294,2.3343268222448046,-0.6055189923121844
bohol,0.95,686,5.742722571374401,-0.08331810051133459,-2.702182884005758
bohol,0.95,687,3.5244204906838092,0.7619255433906886,-1.5270982878788146
bohol,0.95,688,7.985484505757512,2.4472785332562665,-2.1219224128006573
bohol,0.95,689,5.181351315259889,-2.782659894988768,-4.767528859566241
bohol,0.95,690,9.283347644766366,2.4363704842944855,-1.941808908657201
bohol,0.95,691,13.660444983945666,4.1408144300825,-0.11800181967736734
bohol,0.95,692,14.761897404971563,-0.193618735253267,-4.1094032683372745
bohol,0.95,693,34.13299137105395,4.17549932654515,-1.3987873866147424
bohol,0.95,694,9.613519933098644,1.190242581553946,-1.7116672364162682
bohol,0.95,695,11.942844060339098,-0.2002642785916322,-2.941898613202085
bohol,0.95,696,16.666496709192074,3.865050932506179,-0.8584360071611101
bohol,0.95,697,6.436732558854914,-2.3062654784579024,-3.668061030623491
bohol,0.95,698,7.883288393958196,4.581938594138819,0.2387568756900933
bohol,0.95,699,7.334517476747465,-1.9463556422912944,-4.67762820783792
bohol,0.95,700,2.9375315982008487,-0.07767189293201682,-2.1175512906543332
bohol,0.95,701,-5.777511948511716,-2.4528001445249146,-3.5321433870797563
bohol,0.95,702,16.14294603731284,1.8547939411296852,-1.3700432092199435
bohol,0.95,703,17.926129792879863,3.896855965810744,-2.161803841630551
bohol,0.95,704,6.331963274574406,1.174750424098363,-3.157761011390349
bohol,0.95,705,3.071985119840207,-0.30485404417539996,-2.8297865478615876
bohol,0.95,706,-10.340780998760238,-1.2024851431724528,-1.215261303679469
bohol,0.95,707,17.049017173781607,5.3873609312567226,1.4095952253996344
bohol,0.95,708,5.130687563146722,1.1807298565044704,-1.7252806254524842
bohol,0.95,709,15.216120438938276,3.1847406704401635,-2.0764932060007624
bohol,0.95,710,9.287726717509571,-0.16024669140321635,-3.5282421490174016
bohol,0.95,711,6.007771262186054,0.3046638550743239,-3.540983132089295
bohol,0.95,712,6.652783184552902,2.025224379325465,-0.3487675958741292
bohol,0.95,713,1.7729592354789077,1.6847299747075226,0.03814865985400928
bohol,0.95,714,4.19865900374009,0.2258014988313164,-1.9838215712447322
bohol,0.95,715,8.770470679919242,0.5336290213332688,-2.215697914059305
bohol,0.95,716,15.164732318360933,4.127467777359286,-0.5960807552601111
bohol,0.95,717,14.038630169019001,-0.6725513903656406,-4.186711101058151
bohol,0.95,718,6.443978979695089,2.722805688582838,-0.6601243685892371
bohol,0.95,719,-4.056370123875581,2.408785521473021,-0.13569572813119635
bohol,0.95,720,20.600228334097523,3.6593401083403165,-0.9472430432735592
bohol,0.95,721,4.5467169439307895,0.1779301740557031,-3.74701142744032
bohol,0.95,722,-1.4131437852521458,-0.5349212639011114,-2.4425259157247723
bohol,0.95,723,16.39614974802697,0.888325584749154,-3.5364401928042497
bohol,0.95,724,7.776361976411636,-1.0880802786085724,-4.7757286496086095
bohol,0.95,725,11.095431275348716,2.1876059390704086,-1.427471364848877
bohol,0.95,726,16.993584493561684,5.582284949779108,-0.32649044894666446
bohol,0.95,727,8.193913045725708,0.20262871813369543,-1.7324365981833907
bohol,0.95,728,27.14895743664522,5.313025670376646,1.0914349570349273
bohol,0.95,729,-2.4335635220041922,-2.372604496579271,-3.947213954310385
bohol,0.95,730,-8.955517682140453,-1.6243153918494357,-1.9574507562901502
bohol,0.95,731,14.488901077511514,1.013686830125394,-4.316530619424142
bohol,0.95,732,6.359323358562278,-1.4926104760499754,-1.8773666530092896
bohol,0.95,733,-0.3870836069003758,-0.9730927095879167,-1.4790083608224833
bohol,0.95,734,19.074075802420197,4.051897232178149,-2.126856929903248
bohol,0.95,735,19.97514827369713,3.523292846791989,-1.4782472989700892
bohol,0.95,736,3.4926981636900507,0.41755023086027165,-2.17320628646965
bohol,0.95,737,-4.196418930588607,-5.264342350147231,-4.4935866910153806
bohol,0.95,738,21.318466032760796,2.4607874399962952,-2.4089367513474613
bohol,0.95,739,7.920929170773519,-1.089363483966153,-3.629283701226086
bohol,0.95,740,1.5397248735963274,-1.7184229595609821,-4.604334296274246
bohol,0.95,741,-7.622154278824723,0.12856268648693003,-0.706184140175921
bohol,0.95,742,8.386079900486237,0.19509722528147222,-1.9716561874505842
bohol,0.95,743,6.027545723389181,1.2241545843110657,-2.2609321284316124
bohol,0.95,744,32.848773992120044,10.236552544607974,3.15248810649981
bohol,0.95,745,22.443435004237557,1.724285196206111,-3.299527797170022
bohol,0.95,746,20.201142279000607,0.5185669584746222,-3.2505374085953207
bohol,0.95,747,14.332495334190554,4.037154446368433,-0.6388959961373217
bohol,0.95,748,12.078769167067236,6.557488381165385,0.4051304584401194
bohol,0.95,749,22.980501843093123,4.063419778619576,-1.9618711338525827
bohol,0.95,750,4.301208281182994,2.346771438550988,-0.4162734530468768
bohol,0.95,751,10.013510561328417,0.7238050324102687,-1.3907370507856314
bohol,0.95,752,12.553973337008415,1.1941485344662368,-2.6049114580509354
bohol,0.95,753,9.587004433553972,-0.141545006162076,-2.7354029874414536
bohol,0.95,754,13.607781216474507,0.7675947840410373,-4.3319773937007255
bohol,0.95,755,-8.022357985889727,0.6622655505886144,-1.5780963744849998
bohol,0.95,756,16.88735817765675,6.477666427361356,-0.6868856630078923
bohol,0.95,757,19.778347950010925,6.243137314426136,1.0515974178933263
bohol,0.95,758,0.07060906542255907,2.775121532401016,-0.7142044715559024
bohol,0.95,759,10.82886841478907,3.949528203508777,-1.530993720396566
bohol,0.95,760,19.02482126200215,4.507558703029133,-1.2709966514317443
bohol,0.95,761,12.058273160421322,-0.38066612153734525,-3.920481731794901
bohol,0.95,762,13.714032569571316,-1.3709321313241674,-4.585498636562043
bohol,0.95,763,5.6257358290339425,-1.8176798776687235,-2.727209675004943
bohol,0.95,764,17.259590023472555,3.9953298224030505,-0.8700482081260787
bohol,0.95,765,-3.2231920144801336,-3.7844443239987555,-5.612180419110111
bohol,0.95,766,12.625924092304217,3.579043315983199,-0.8634613498547736
bohol,0.95,767,14.784478314058902,0.3986482744513893,-4.206679000760971
bohol,0.95,768,6.575998971861566,-1.0922576363398235,-2.9832725888680613
bohol,0.95,769,3.8890513357936527,0.1660148989080028,-1.620603640360578
bohol,0.95,770,11.415844878787453,0.5387797223840209,-2.755102387322218
bohol,0.95,771,-2.4194166223863363,-0.6869889985995599,-0.20727975999479042
bohol,0.95,772,-0.6911737697056708,-3.507503436783111,-4.047496331219655
bohol,0.95,773,3.87463352348513,1.6925731343159072,0.8313067057599
bohol,0.95,774,1.0697229505132952,1.4883319749245487,-2.471776435439793
bohol,0.95,775,10.316442372498386,3.8753815203854174,-2.242527495465019
bohol,0.95,776,-1.6537240275607132,1.1784063282465809,-1.264158388318286
bohol,0.95,777,-10.136859210736134,0.17745095024741886,-1.2059454296057837
bohol,0.95,778,8.984177774373848,5.026901709830582,1.1292617949263217
bohol,0.95,779,9.756078008274784,0.3761664148484982,-2.0891825201655365
bohol,0.95,780,-5.574734304506421,0.4344493894432446,-1.3986256538195292
bohol,0.95,781,13.936748352533527,8.673189391074317,3.262568002960272
bohol,0.95,782,5.361730553491668,-2.8399922256915318,-4.729852013496746
bohol,0.95,783,5.748694048745534,-0.08871113544809361,-4.131844243219632
bohol,0.95,784,12.896882732628768,-0.42518245423904943,-3.108905859483542
bohol,0.95,785,-0.4406435523363257,0.6497473591618075,-1.7576519516764648
bohol,0.95,786,29.797952721283053,11.41339209930625,1.6698035947568641
bohol,0.95,787,3.0404974318549307,-1.0892795635689083,-3.598536707964435
bohol,0.95,788,12.894190564480084,3.812591742431863,-1.3863099679827684
bohol,0.95,789,14.479660436604235,2.4366468819952587,-1.9900545973804782
bohol,0.95,790,-1.0914867963331005,-0.023871084790229702,-3.2748797092032333
bohol,0.95,791,12.427200661619509,6.620381407253305,2.33660044275922
bohol,0.95,792,5.5783428911422845,0.8176541676159559,-0.21583617249962828
bohol,0.95,793,19.224791818970033,5.723782002694321,-0.4972548633994123
bohol,0.95,794,19.35943303824564,2.360087375359285,-1.8406781405618844
bohol,0.95,795,18.469238495023262,5.034164589422261,-0.8968253503479602
bohol,0.95,796,-17.650006730313862,-1.9853409590756144,-2.5356726188245204
bohol,0.95,797,10.295912810507417,3.155402789888754,0.0023799793463865626
bohol,0.95,798,7.686349385867032,1.9412591890864377,-2.032942932923355
bohol,0.95,799,18.99769069041014,-0.3440923619375553,-3.5645105898834615
bohol,0.95,800,8.521681087335992,-1.7021317269680907,-4.582636242194525
bohol,0.95,801,11.666827704364096,5.455371143023797,-0.8109775472301024
bohol,0.95,802,12.058622881949304,2.837016768683256,1.3368272295770964
bohol,0.95,803,10.521046998508751,3.8340690418175996,-0.7834848399265226
bohol,0.95,804,7.071099861032877,-0.08278788946452664,-3.362782440250811
bohol,0.95,805,11.736339025447506,0.6833341229842063,-2.3366256165523396
bohol,0.95,806,8.672568434438574,1.8803316034355646,-1.6959986548835175
bohol,0.95,807,3.0736785083373093,-0.16061763053788525,-1.8362048604123942
bohol,0.95,808,11.183787894251282,2.884665680137175,-1.3477773248682468
bohol,0.95,809,21.884477821879756,1.4207759955116614,-4.625291795544797
bohol,0.95,810,-4.207643469325433,1.3739460643714807,0.5121147045699743
bohol,0.95,811,19.01080626904303,-1.1320480329470826,-4.075096172222366
bohol,0.95,812,7.50863076554549,-2.6829032728848716,-5.0528277621669275
bohol,0.95,813,11.725129346517633,-1.5722540240614649,-6.551567736958418
bohol,0.95,814,14.192700061788798,3.370755310924551,-2.2709723216644306
bohol,0.95,815,-1.460352506831157,-0.08543730130024585,-1.189944576750257
bohol,0.95,816,17.496572997645785,3.8013687053750544,0.285368466964421
bohol,0.95,817,2.1687810206891243,4.050867461472649,0.8281082331931486
bohol,0.95,818,9.495674468261939,-1.5953469203010542,-2.282857948823114
bohol,0.95,819,9.035468005517856,-1.9792207481421968,-3.2765209931334596
bohol,0.95,820,13.622256805654956,2.9759241116262984,-0.24926638790312694
bohol,0.95,821,6.245317518020045,-2.271988676292409,-5.415175969983196
bohol,0.95,822,14.596567675812622,3.227028360020043,-1.9025992117185666
bohol,0.95,823,15.654137654979024,4.482593696046962,-1.65870447152939
bohol,0.95,824,7.8981205629105204,-0.6991751718506265,-3.0904856322621654
bohol,0.95,825,2.734964246377899,5.471262109850315,3.6825203338376227
bohol,0.95,826,10.73423992713029,3.5530089286026225,-0.9793279061723439
bohol,0.95,827,10.839810231901936,2.831011356916619,-0.5205112779141317
bohol,0.95,828,3.8444773044871,3.0852713593830288,-0.6384792899015892
bohol,0.95,829,13.125742304294306,2.906823038902104,-2.2061236131635766
bohol,0.95,830,13.944111175062716,2.843959272671512,-0.9363130150114216
bohol,0.95,831,15.27255847643491,2.6868828682275705,-1.649373539117427
bohol,0.95,832,3.641291346258356,-1.6692684293702342,-3.126279499013499
bohol,0.95,833,23.540034471954044,8.7138875532289,3.3532317302238255
bohol,0.95,834,13.118657116678293,-1.549802435717936,-4.236563978819589
bohol,0.95,835,14.402333939538522,5.244862734276168,1.7210838377126692
bohol,0.95,836,26.452917906104204,7.488985985888007,-1.1923822110764632
bohol,0.95,837,11.764657493328627,-0.5282417756132389,-3.466347921217668
bohol,0.95,838,-2.483380605671556,-3.4781091258016232,-3.2205075596909936
bohol,0.95,839,10.967256795723756,1.588649224982774,-3.1098204704284953
bohol,0.95,840,19.925109336797192,7.575201001328779,2.364641034981112
bohol,0.95,841,2.1036812318608042,1.5860782712330064,-1.559481851038413
bohol,0.95,842,7.5689904917156525,-4.156782493859396,-5.7313172743319
bohol,0.95,843,12.809964981209987,3.373024872924944,-1.1718810947294145
bohol,0.95,844,0.11234474209078371,1.6586854282418386,-0.5670203902419217
bohol,0.95,845,12.735688651775149,1.5668713839711899,-3.4979896593566195
bohol,0.95,846,5.693467289420312,-0.7148787709360533,-2.732395992446463
bohol,0.95,847,8.243742712419191,6.4126221081485255,2.477497246049424
bohol,0.95,848,16.301235953626474,6.475230982673068,2.2413903626870777
bohol,0.95,849,6.776762540043478,4.57667489709489,1.3238241599847527
bohol,0.95,850,11.25976758958015,2.177422068294007,-1.7028332277830316
bohol,0.95,851,9.677411743491263,1.2764178015863337,-3.63156767064271
bohol,0.95,852,12.885269638036903,2.7056722012953287,-0.9882507599755144
bohol,0.95,853,10.16416949564055,1.7568304911098807,-1.6805291129900795
bohol,0.95,854,10.002504970461928,-0.5312648700515297,-3.6452061781741705
bohol,0.95,855,3.634699594955265,-2.019528426717983,-3.4138462557704727
bohol,0.95,856,4.096499696277391,-0.21377792708054244,-3.148652741638891
bohol,0.95,857,-4.167907129576605,-3.300217956906522,-1.5069686504825484
bohol,0.95,858,17.16145731349883,2.1844861560584548,-2.2752599694226987
bohol,0.95,859,-2.340511082403509,-5.41465452707952,-7.872404322517468
bohol,0.95,860,6.99183639119363,3.3647316545622914,-2.0102664044636214
bohol,0.95,861,-5.157312201341057,-0.15542586416768245,-1.4870703512726777
bohol,0.95,862,16.94195951122714,1.475226596984129,-2.07297373028797
bohol,0.95,863,16.41754181162517,4.413756790800008,-0.44950943061787285
bohol,0.95,864,18.754713493345918,8.0023224886626,1.4877354765005606
bohol,0.95,865,-2.33940422622436,-0.48403826108788905,-0.8302384336139994
bohol,0.95,866,22.657174433053,5.067066217876857,-3.0557602108113002
bohol,0.95,867,16.289444452536856,2.061685299902294,-2.3700081058431977
bohol,0.95,868,1.7678918914306507,1.615340824497963,-2.153933220624438
bohol,0.95,869,0.563299052113706,-1.2940888015713057,-1.7704007842935994
bohol,0.95,870,1.1213630954012217,-0.8952609534889149,-2.8795228080392903
bohol,0.95,871,22.28885489406113,2.9916124422621237,-2.3067100209401232
bohol,0.95,872,13.096680664498422,3.928200193241551,-0.39523440034837165
bohol,0.95,873,3.519518402223099,3.4758261911528905,2.9949036141196927
bohol,0.95,874,17.935036157731247,0.3271919566782202,-4.042450572126604
bohol,0.95,875,13.76822281755068,1.7452300170904635,-2.9934573207480284
bohol,0.95,876,8.336148099370291,1.0912220424056898,-3.3628212369158206
bohol,0.95,877,9.442400283913344,0.9484710157042855,-3.373494538393679
bohol,0.95,878,18.250934897357922,2.6743974447232404,-0.6973918818564258
bohol,0.95,879,0.3476531485889325,0.8088378482189711,0.27366667538285583
bohol,0.95,880,-3.0293204550673636,-1.5022835658227507,-3.0147164886337663
bohol,0.95,881,11.7504021145389,1.0380469347690848,-3.168991485548119
bohol,0.95,882,6.829368065251032,-1.3688866800028308,-2.2331095830985674
bohol,0.95,883,11.683413447585309,-2.0129852401189083,-2.499665084230024
bohol,0.95,884,5.074652503305003,-0.10310584415752544,-2.503369493590135
bohol,0.95,885,-5.360217387159253,-4.214241308689168,-5.150645152165765
bohol,0.95,886,3.0560345794339128,-0.36626557654292924,-1.8479118128096843
bohol,0.95,887,12.458730592175613,2.7950797731987933,-1.8508202387657064
bohol,0.95,888,12.862664891176735,3.8449778790325837,-0.301944784277687
bohol,0.95,889,7.436719484789052,5.303629000108074,0.5796433682616708
bohol,0.95,890,1.1079472894383855,0.3168407850467361,-3.3749724440360183
bohol,0.95,891,6.031212222872057,1.334376900629806,-2.091285860422545
bohol,0.95,892,13.592937398214417,1.0168861866497565,-4.259201153582737
bohol,0.95,893,0.18412714837901945,-4.795947958589608,-6.3298240974998095
bohol,0.95,894,8.890376096026813,2.87527999935061,-1.2327839131145666
bohol,0.95,895,22.277876033666274,4.220393914532295,-0.4359554823032852
bohol,0.95,896,1.8720522077880446,-4.342568151678876,-5.42671181307886
bohol,0.95,897,-6.821158204271114,-0.24092186334145538,-2.274234661980266
bohol,0.95,898,3.5276722995045304,-7.655271760665087,-8.778391129377887
bohol,0.95,899,5.867529372630884,-4.753631964760743,-5.983770903438909
bohol,0.95,900,13.267592146762894,-1.4686496997553888,-4.024351488523813
bohol,0.95,901,15.370372959343968,-0.23266883162726515,-2.841022642817663
bohol,0.95,902,13.866269131940982,-0.104484796482879,-3.3960879774679924
bohol,0.95,903,2.918339441038796,-2.952571471544317,-4.0513937967913165
bohol,0.95,904,3.3449592674222686,-0.40289871868833416,0.30749367362924573
bohol,0.95,905,-10.671108099216383,-2.9241921279647016,-3.969526261122887
bohol,0.95,906,15.531031881020823,1.985002272943504,-1.1197970504307264
bohol,0.95,907,-1.1532192514598876,-3.4175495875095123,-3.484629225479317
bohol,0.95,908,8.2151990176053,2.9952344697795468,-2.151592555330069
bohol,0.95,909,5.8717823683935535,-4.848452049150282,-6.458486741129363
bohol,0.95,910,10.480913872077423,1.9811369363697224,-3.3848005991420393
bohol,0.95,911,-10.798031371013167,-0.855891150074072,-2.543836053022133
bohol,0.95,912,5.609179873286507,-0.0660262557751139,-0.4795870430489586
bohol,0.95,913,-4.446493603585651,0.3746992462362755,-2.318377929059338
bohol,0.95,914,0.28517283341233224,0.4552857722557775,-1.6930901647112009
bohol,0.95,915,4.043385021076801,3.1725553041327146,1.0989497163442223
bohol,0.95,916,-10.969293191811374,-3.802280573330023,-4.346132754201136
bohol,0.95,917,1.4045471539392906,-3.144774239832259,-4.597682410878974
bohol,0.95,918,18.46394715349365,2.9446619952156823,-2.3031059463457098
bohol,0.95,919,19.331576043802613,3.0894502538162243,-2.587033381948025
bohol,0.95,920,13.217434439240606,3.859730573755783,0.25867754083418504
bohol,0.95,921,13.184343845223765,1.6758020911178875,-3.0515017197294227
bohol,0.95,922,17.486365364652016,2.0115586347074554,-1.6759356586910243
bohol,0.95,923,19.435871121532557,0.8555926301297205,-1.8872105706493087
bohol,0.95,924,18.067676920670863,1.9782488737139374,-4.0538324484454265
bohol,0.95,925,9.343703430087714,-2.6354847479476007,-3.747331394398998
bohol,0.95,926,-2.8099380952827744,-5.3893156582578285,-5.6557789936151295
bohol,0.95,927,1.5939556732102176,-4.092092927313118,-4.631753391641979
bohol,0.95,928,21.55262586407349,3.1193829293318487,-1.2601229038459891
bohol,0.95,929,8.581633960861211,0.48994738053171716,-2.681876000218928
bohol,0.95,930,-3.736445632028392,0.5109713088758383,-2.2640943358747805
bohol,0.95,931,16.758240157263117,2.381523639751549,-2.1893138315204013
bohol,0.95,932,24.112157119572316,-0.20737123916424594,-4.347512878300272
bohol,0.95,933,14.512625495660757,3.3238735237752337,0.06092868647913008
bohol,0.95,934,8.660986275850348,3.957770566337004,1.7878078048136885
bohol,0.95,935,8.005043801693404,0.47909242783302375,-2.1199371797144266
bohol,0.95,936,19.552591684137496,4.7260856754028,-1.7608674095134589
bohol,0.95,937,3.09459366391431,-1.5478900701233442,-2.145120578438089
bohol,0.95,938,12.042816459844914,0.4920534370948815,-1.3034160061727107
bohol,0.95,939,-10.97708905414072,-0.31231996306448195,-1.0993188208543572
bohol,0.95,940,9.229031882815065,4.856316246362809,1.0432758201615115
bohol,0.95,941,11.71514105605769,3.052537025244135,-1.2112580502488584
bohol,0.95,942,10.60354866375394,3.5412557985301305,0.2047074348150062
bohol,0.95,943,22.27100424826648,5.146125227535094,-0.7909707115272369
bohol,0.95,944,5.739906612675128,2.1566678543607622,0.5375063300602463
bohol,0.95,945,9.261792438112536,2.2648712228613874,-0.4086582071869316
bohol,0.95,946,4.298257882272679,1.2398277693267232,-0.23078824170722356
bohol,0.95,947,10.860605723134086,4.163748546799951,-0.607029269152136
bohol,0.95,948,8.756472303590556,-0.6295814027874655,-3.134856749051025
bohol,0.95,949,-10.967242811233717,-0.5894914671701628,-2.64521015611772
bohol,0.95,950,-0.06221548626240292,0.5713724405763116,-0.7013980041708621
bohol,0.95,951,5.862291606749579,2.5745116417612337,-0.3764027276314863
bohol,0.95,952,2.2147616903645257,5.345633429979586,2.071691772574056
bohol,0.95,953,-5.506898224195538,-3.5498279135902493,-3.4998395264564195
bohol,0.95,954,5.125340548853501,2.973574337616526,0.7307760102858296
bohol,0.95,955,11.983192801775829,-4.23152670998509,-5.420479764596614
bohol,0.95,956,-2.9022737646739643,-2.0162591177807627,-3.048246481015802
bohol,0.95,957,12.564425309906312,5.494560848101941,1.0938249950598689
bohol,0.95,958,23.18584202140724,6.536964226375076,-0.38043231756920193
bohol,0.95,959,7.166659103232604,-2.56088194888153,-3.888020719143121
bohol,0.95,960,10.747755210570944,-0.8573137680626672,-3.8328294906099885
bohol,0.95,961,3.2555009035265243,-6.528861111046382,-8.386312342789935
bohol,0.95,962,7.416685409773976,1.7653581042780644,-1.4582591810547285
bohol,0.95,963,0.7998901664768141,-2.297297187610752,-2.773637230062171
bohol,0.95,964,-5.8232611763869215,2.2135358361020963,0.5389543339678227
bohol,0.95,965,7.099403878093796,-1.133981411361333,-4.08024047092475
bohol,0.95,966,1.414357349973983,-2.018337509036755,-1.577729285299398
bohol,0.95,967,8.389756640703126,2.940879090520795,-1.0678036027817726
bohol,0.95,968,14.132973692285816,2.2102238017756406,-2.1380316510167034
bohol,0.95,969,20.7039445404111,7.267969337576872,2.4955506432412804
bohol,0.95,970,2.923069499511314,-0.9095336732745807,-2.7712480743556895
bohol,0.95,971,7.085542683492662,-0.07371725234742144,-0.9730048446764101
bohol,0.95,972,1.3687044763410938,-0.2656261300417526,-3.75512907006231
bohol,0.95,973,10.381934503094527,1.262137686563392,-1.2463693525563855
bohol,0.95,974,17.571238534363857,6.123212510488784,2.621079794650548
bohol,0.95,975,6.771604761978779,2.292312763175147,-1.6567366148136955
bohol,0.95,976,12.608421528975583,0.37252688743356543,-0.8089898575884291
bohol,0.95,977,9.488391389167816,0.432238567776551,-1.9182101935638798
bohol,0.95,978,0.16490295815074774,4.58666936726992,1.149093260138244
bohol,0.95,979,16.715528717731047,3.732611163237465,0.030899446952453502
bohol,0.95,980,5.805384717238326,-3.38405696395904,-4.731895388335708
bohol,0.95,981,13.619384523377903,1.4577418918942726,-2.415925442596908
bohol,0.95,982,14.179137903274494,0.18524792938880807,-2.4469834805760584
bohol,0.95,983,25.05951962728878,4.160946893353,-3.187424882757746
bohol,0.95,984,8.818269061718325,2.999990788034964,-1.864381172421595
bohol,0.95,985,12.481665400662735,1.6808070798175407,-4.802751171651423
bohol,0.95,986,-8.92034761412907,-6.373950710630794,-6.1776786242239226
bohol,0.95,987,20.84187966787391,4.422859457070231,-0.7477136747312372
bohol,0.95,988,15.289215061935124,3.681149428202616,-0.815649028444966
bohol,0.95,989,16.940807342690505,5.476595933153064,2.272385014841177
bohol,0.95,990,10.29367536065692,1.3512134019885167,-2.162609455653566
bohol,0.95,991,12.87598894288817,-0.5917824296399914,-3.3220486253794235
bohol,0.95,992,3.268651081490333,2.596075929346185,-0.2555005588845347
bohol,0.95,993,18.622050153064436,2.873334882665901,-3.344496520287038
bohol,0.95,994,0.5719659577457321,-0.5797290734826674,-3.2889431734042063
bohol,0.95,995,8.126518669837026,-2.5431885081018777,-4.211179834186815
bohol,0.95,996,4.732217729184214,2.514430472895242,-1.2677133308381912
bohol,0.95,997,-10.75392243815071,-4.037371552147263,-4.221843350900578
bohol,0.95,998,15.532572321016545,2.5424625431883072,-1.074732115519545
bohol,0.95,999,19.35828342781295,6.7553165077261355,1.1216475945782918
bohol,0.95,1000,7.6817031435985825,3.2678752611598014,-0.2466419870536356
sulu,0.95,1,-29.578580578589794,-70.41519285990452,-54.399858947164674
sulu,0.95,2,-46.60653016136851,-73.18636417671448,-53.08056791316132
sulu,0.95,3,-42.47231551453609,-76.38424848755673,-55.03169749719551
sulu,0.95,4,-42.03115756008623,-74.71298067546981,-53.63452502664747
sulu,0.95,5,-26.22828522784897,-72.2649917005003,-53.98457423634412
sulu,0.95,6,-31.634046816444965,-68.80340391884084,-51.1941928128516
sulu,0.95,7,-48.32942715716433,-70.82491002621879,-50.90780506008442
sulu,0.95,8,-30.97787442455521,-74.36204120522355,-53.9093472187406
sulu,0.95,9,-35.33080072034076,-73.67202294456634,-53.888717799847534
sulu,0.95,10,-31.968020210004767,-72.41527616015605,-54.26155837724138
sulu,0.95,11,-29.745394188322763,-71.4539644660911,-53.92631775405897
sulu,0.95,12,-26.498980049760746,-69.02067273901486,-51.84990825898569
sulu,0.95,13,-36.00647085939917,-73.06800301128233,-55.02538845012798
sulu,0.95,14,-37.933066962757465,-74.51754769484722,-54.552203542994775
sulu,0.95,15,-50.339007312370114,-72.86406115304185,-52.26041695198184
sulu,0.95,16,-43.355575007385625,-75.21300335080488,-54.03238430604527
sulu,0.95,17,-44.033049274428635,-71.89247008838248,-52.3197153120113
sulu,0.95,18,-20.59370674206437,-73.6407979433925,-56.35920896759187
sulu,0.95,19,-37.84374815496179,-73.15462542172972,-54.70324810801009
sulu,0.95,20,-28.88916310447425,-72.32310367997232,-53.8797863292405
sulu,0.95,21,-46.79134390382666,-72.69268531258521,-52.55991704181531
sulu,0.95,22,-34.77397098828499,-72.34409760993927,-53.51353784211062
sulu,0.95,23,-45.19590637583599,-75.88506865106562,-54.96690106280284
sulu,0.95,24,-37.14544490487452,-75.63190374707219,-54.83440115546433
sulu,0.95,25,-30.981573804043705,-68.38747441450586,-51.43995586763435
sulu,0.95,26,-39.87360126053014,-75.03989481905019,-54.157642577466646
sulu,0.95,27,-32.94145561797626,-70.85247662999758,-52.27110238326108
sulu,0.95,28,-44.08739946307588,-73.30338041744531,-52.97648553618753
sulu,0.95,29,-28.83399082913303,-72.80352766224091,-53.68299580347748
sulu,0.95,30,-30.366824270772184,-70.41712576265894,-52.75527581459917
sulu,0.95,31,-45.613088606007466,-72.66969728132244,-52.36020152688863
sulu,0.95,32,-34.125952939203245,-72.56462735520405,-52.38531378428955
sulu,0.95,33,-41.965314724228904,-73.5909531779017,-52.413850493170855
sulu,0.95,34,-40.84767605192573,-77.21688740450085,-56.70734085088821
sulu,0.95,35,-35.600473960775275,-72.50274482155277,-52.45890345057151
sulu,0.95,36,-54.349225072717616,-76.8680073898002,-54.32144997792017
sulu,0.95,37,-26.738282516251275,-72.9260891248165,-55.02445682732368
sulu,0.95,38,-33.68814739656338,-71.1317041371437,-53.38832779980463
sulu,0.95,39,-23.086170129075384,-69.58265626963254,-52.086642402811094
sulu,0.95,40,-21.292347827476334,-69.86406491099237,-52.82527624924492
sulu,0.95,41,-39.97717669027509,-71.81869959463418,-52.002240408957505
sulu,0.95,42,-43.780360676123706,-76.19851377338222,-54.49270067581473
sulu,0.95,43,-28.210800705555414,-74.28220784906223,-55.29549916570046
sulu,0.95,44,-41.223787955663795,-74.53480418144531,-55.02357137403738
sulu,0.95,45,-25.350504333390575,-72.15629105103497,-52.92965520526717
sulu,0.95,46,-34.33352221864757,-70.8537279092215,-52.05546570322419
sulu,0.95,47,-50.43431432187268,-75.78940252951904,-55.10064518731559
sulu,0.95,48,-44.86132289209189,-76.14367536752037,-55.72416778204933
sulu,0.95,49,-43.55713167393964,-73.60180956985664,-54.13236290728001
sulu,0.95,50,-26.782148208832183,-68.38108664078896,-52.247808984645935
sulu,0.95,51,-33.55412570596252,-74.16040508149939,-54.28650423339072
sulu,0.95,52,-26.655604456455023,-67.80712439742408,-51.60799467943998
sulu,0.95,53,-42.905339495715225,-73.94476079193461,-53.95272875969991
sulu,0.95,54,-36.04042808583304,-70.43534541828726,-52.50898056388479
sulu,0.95,55,-42.80981594342467,-73.50047967200776,-52.922941571651464
sulu,0.95,56,-35.220440946947235,-75.58573444965846,-54.449100871012305
sulu,0.95,57,-45.784755898306656,-72.99350653026335,-53.67504315189096
sulu,0.95,58,-40.68152850552198,-72.78505097302113,-53.79911747338612
sulu,0.95,59,-42.80107614701441,-74.80922411403355,-54.04423863485813
sulu,0.95,60,-28.04615867951361,-73.8464381539034,-56.18400051192006
sulu,0.95,61,-44.93591952310575,-73.293544905178,-53.49202529336474
sulu,0.95,62,-36.37940901725074,-74.29776833969515,-55.29680411350513
sulu,0.95,63,-39.19819204168925,-77.07962939998771,-56.27450118009314
sulu,0.95,64,-44.36840654374538,-74.60328355453875,-52.84569242501585
sulu,0.95,65,-33.68926101545972,-73.60276944124497,-55.34775922728543
sulu,0.95,66,-31.627125402654514,-72.55574821383279,-52.80559576753034
sulu,0.95,67,-34.58659453234435,-72.9900202793207,-53.24033489843823
sulu,0.95,68,-46.085508814316796,-73.5086595687065,-51.713714699824514
sulu,0.95,69,-31.65053168078626,-74.76507046889137,-55.162933290151464
sulu,0.95,70,-32.2976667074704,-70.47890343214712,-52.184007413821085
sulu,0.95,71,-29.537358669164945,-71.09375173809298,-53.09667836273052
sulu,0.95,72,-47.09008016669597,-77.1935812565196,-56.279541476448145
sulu,0.95,73,-40.45381457618663,-70.34310320028072,-51.16264426690431
sulu,0.95,74,-41.4099984181083,-75.55256618367862,-54.611435129884214
sulu,0.95,75,-35.58079618083505,-72.22317203187957,-53.758050089501666
sulu,0.95,76,-26.619057098596585,-72.62553451008878,-53.4850021247478
sulu,0.95,77,-44.96442606143361,-73.73459860176082,-52.86454967764733
sulu,0.95,78,-37.10938943303856,-73.88408510069588,-54.11487712754426
sulu,0.95,79,-27.109457005036802,-71.05821175713339,-53.70042103283297
sulu,0.95,80,-34.91065073518456,-73.8239343607648,-54.04346655183886
sulu,0.95,81,-39.77379480529817,-74.41988350516995,-53.10033312492976
sulu,0.95,82,-31.17929088935003,-73.76739892137931,-54.093722591080244
sulu,0.95,83,-35.051025430726526,-72.1037748118135,-52.27618775000285
sulu,0.95,84,-29.654438923816656,-74.46926094367981,-54.81817286663687
sulu,0.95,85,-47.31823479102587,-76.08505021965154,-54.53627417296684
sulu,0.95,86,-40.977995188151624,-75.7964230749546,-54.80427611275155
sulu,0.95,87,-33.52117713914217,-74.90593479907523,-54.972296421833974
sulu,0.95,88,-38.071566962868246,-74.45232310519377,-54.47185603252237
sulu,0.95,89,-26.66993486329585,-74.47753917243719,-56.08834147111895
sulu,0.95,90,-34.381862188135756,-72.33525103595102,-53.088550763143346
sulu,0.95,91,-32.48596508992972,-72.28631381552802,-53.96350911664129
sulu,0.95,92,-23.006509867027944,-69.62101596760535,-51.380418963277634
sulu,0.95,93,-40.99069735302584,-71.16085622363576,-52.81003629422305
sulu,0.95,94,-42.079271412323294,-75.04895649911515,-55.641102930755984
sulu,0.95,95,-27.64655388866933,-70.40213220107,-52.10998541214789
sulu,0.95,96,-40.01848148250761,-70.83852998617797,-52.154185874254004
sulu,0.95,97,-43.900751066010514,-71.84161844270544,-51.544511582804596
sulu,0.95,98,-43.20067358527902,-69.95736418463292,-49.77837882544803
sulu,0.95,99,-36.84400099772702,-72.02469153805086,-52.821426465170326
sulu,0.95,100,-32.487971629459565,-76.07185425632301,-56.83331113917754
sulu,0.95,101,-40.51921616340553,-70.96715426326219,-53.2898816552453
sulu,0.95,102,-42.74852401453501,-73.30380472564823,-52.88887049574812
sulu,0.95,103,-44.3696206254194,-74.80812862085135,-53.148533575484365
sulu,0.95,104,-40.41200683862371,-75.6065624178341,-55.28860443566905
sulu,0.95,105,-44.86863061205844,-71.59404118700544,-51.849520864980086
sulu,0.95,106,-24.173771014863036,-70.6984482802684,-52.53920019015605
sulu,0.95,107,-44.88218569210383,-77.62900912334538,-55.481531201597875
sulu,0.95,108,-43.21601308062441,-72.69103135526397,-52.60366627722276
sulu,0.95,109,-33.53727174108897,-74.66010150105298,-54.86390125679412
sulu,0.95,110,-47.664756529651896,-75.46681285022686,-54.583354483868746
sulu,0.95,111,-51.94439522125964,-72.25722212614073,-51.25137321886053
sulu,0.95,112,-21.00761825495846,-68.16252416660134,-50.87551808241709
sulu,0.95,113,-42.57069601564632,-73.54087131927314,-53.326846562917254
sulu,0.95,114,-33.8610957652962,-73.19079015307508,-53.2245192022764
sulu,0.95,115,-41.35814365482665,-70.12696236497021,-52.33281224067938
sulu,0.95,116,-30.783637614432024,-70.28075783416641,-53.16763134052181
sulu,0.95,117,-29.507432205924488,-71.53528430387169,-53.159727169930356
sulu,0.95,118,-38.362043562555954,-72.55798801479551,-52.71006253928755
sulu,0.95,119,-33.341082978082994,-72.385501427212,-54.37070769933542
sulu,0.95,120,-44.60251223550529,-75.48007512249511,-55.002363095462925
sulu,0.95,121,-28.360873030533526,-72.97062209885522,-54.36117573182691
sulu,0.95,122,-37.81208620967769,-72.28024330826038,-53.01764629364848
sulu,0.95,123,-30.706767724532995,-72.1499252545616,-55.02912744497286
sulu,0.95,124,-35.4045994643121,-74.46667411313824,-54.09346377269096
sulu,0.95,125,-29.570356969438308,-71.02996395547812,-53.761117200308924
sulu,0.95,126,-43.5714130362405,-70.93707471635452,-52.56378999797113
sulu,0.95,127,-32.48627693851259,-71.68619924039432,-53.37463947685066
sulu,0.95,128,-30.141902464585115,-71.65336802662065,-52.75791211066833
sulu,0.95,129,-44.03308291529555,-75.85935281354546,-53.955912618159076
sulu,0.95,130,-25.434478002725115,-69.85269156529091,-53.01216084134401
sulu,0.95,131,-36.17088217350897,-76.00243742866411,-55.654630902575924
sulu,0.95,132,-45.93271633540331,-74.07991783235485,-55.055972663567736
sulu,0.95,133,-49.58032007470169,-74.19425589305418,-54.007345377604224
sulu,0.95,134,-38.38101514593407,-70.45176347566444,-51.03345024947538
sulu,0.95,135,-33.003433654600855,-71.62881888697652,-52.3823222597604
sulu,0.95,136,-34.545043476370495,-75.2544702114069,-56.0113491490831
sulu,0.95,137,-42.52602787546286,-72.72688860249194,-52.476935233535656
sulu,0.95,138,-37.14356459820772,-75.23195564291147,-52.67409288364838
sulu,0.95,139,-31.84709225669897,-67.66969679244387,-50.3431995333074
sulu,0.95,140,-40.02199559063777,-74.7225739896247,-54.13883261883204
sulu,0.95,141,-38.40873730592341,-72.0337517935339,-52.50678846038513
sulu,0.95,142,-42.79969420094096,-73.8289899886605,-52.435711362341046
sulu,0.95,143,-36.90077736031168,-72.03975404318493,-52.69997743619917
sulu,0.95,144,-43.06593287612267,-73.81788751610955,-54.91142710337397
sulu,0.95,145,-34.343059006327906,-75.20211246731306,-55.04633983350846
sulu,0.95,146,-26.919388200467495,-71.92782904894247,-52.44406223725265
sulu,0.95,147,-31.38923136049678,-71.72041308219501,-52.78568422327223
sulu,0.95,148,-33.35569133930059,-69.99814719134903,-52.03769699172877
sulu,0.95,149,-33.81677947545165,-68.7553183172177,-50.719853719446114
sulu,0.95,150,-44.24089829677209,-73.39484071073767,-52.489769365489025
sulu,0.95,151,-31.88408802410666,-73.85289953904048,-54.936350810203045
sulu,0.95,152,-45.08469913502671,-73.8949604117698,-53.34395376523246
sulu,0.95,153,-28.17144304318026,-71.64759843904308,-53.96569476667463
sulu,0.95,154,-43.6144540536456,-70.0703416785085,-51.868981471581286
sulu,0.95,155,-37.81351286922384,-74.65691100620516,-53.96115453442091
sulu,0.95,156,-50.82545072654972,-75.90533801355853,-54.265781179118804
sulu,0.95,157,-33.083058190648586,-74.75108578309525,-53.84906071670089
sulu,0.95,158,-30.88581099836557,-69.27234801202825,-50.063063731137696
sulu,0.95,159,-24.287476977431567,-72.15430326051276,-53.35132068284609
sulu,0.95,160,-40.60257147952555,-73.99675629985006,-55.0077984101939
sulu,0.95,161,-50.561717163971366,-76.20554149734187,-53.908948853406905
sulu,0.95,162,-46.83325346039891,-73.61506961252037,-53.7852369928102
sulu,0.95,163,-37.28664828318517,-69.21493513145893,-51.296406218857534
sulu,0.95,164,-33.86046392317263,-73.66613003469345,-54.2518195339317
sulu,0.95,165,-30.90660681528803,-70.69665634784536,-51.17545988187676
sulu,0.95,166,-37.34451459982128,-73.53267162559229,-53.566535113478736
sulu,0.95,167,-44.31975175209402,-74.51280202837097,-54.66192585884626
sulu,0.95,168,-45.84167339016767,-72.57039927548395,-51.974366125664226
sulu,0.95,169,-30.569105611649633,-71.42106607111097,-53.22258013869559
sulu,0.95,170,-31.66721557485687,-65.44824746110325,-49.153087479647134
sulu,0.95,171,-31.42298531143217,-73.76170457710867,-54.2563768313906
sulu,0.95,172,-19.684686329369953,-67.56394835825662,-52.08718700682839
sulu,0.95,173,-43.02898105513279,-75.74817103516008,-56.23189508470287
sulu,0.95,174,-30.029716242638443,-66.63884813215009,-49.575146896143444
sulu,0.95,175,-37.96198815510388,-70.71795972261441,-53.32894334771131
sulu,0.95,176,-31.70061255428024,-72.41406109017385,-53.36230256027907
sulu,0.95,177,-43.1343700717411,-74.58566162623329,-55.13103129256277
sulu,0.95,178,-35.41238878127254,-74.95815747825779,-55.05415602354878
sulu,0.95,179,-32.93970255122224,-70.5066424913355,-52.740325527318554
sulu,0.95,180,-39.349557816804065,-75.56499327207216,-54.47738064987934
sulu,0.95,181,-27.62434368693104,-70.88255978148743,-52.952384214626164
sulu,0.95,182,-23.361866305790187,-72.08125161356473,-52.57353085355514
sulu,0.95,183,-37.14540874994566,-71.72829112766705,-50.8862794573006
sulu,0.95,184,-35.962521926393805,-73.87535751035458,-53.32884166824137
sulu,0.95,185,-46.85891328654401,-74.10076185117411,-53.53141896299459
sulu,0.95,186,-41.17378952679911,-74.57328396006083,-53.22081315233684
sulu,0.95,187,-44.33331857535299,-76.80295006242599,-55.29968253606857
sulu,0.95,188,-26.903228467802762,-71.14086964387957,-52.11077148374553
sulu,0.95,189,-36.521139451064926,-71.93350584141571,-53.03813403321965
sulu,0.95,190,-36.173213309308466,-74.57794265343709,-53.60671457088975
sulu,0.95,191,-35.23087192258345,-71.29452129995198,-51.33317255680693
sulu,0.95,192,-34.40293577505821,-72.89639448714638,-53.90563896776132
sulu,0.95,193,-35.612716720863006,-71.62868193733848,-52.12518424415512
sulu,0.95,194,-33.680018465273065,-72.56749060308069,-53.5589143255093
sulu,0.95,195,-35.34975158915549,-73.10650436046458,-53.67339790461031
sulu,0.95,196,-26.348647689136982,-72.35234387763305,-53.73858739553006
sulu,0.95,197,-39.85685613930792,-71.03046367931645,-52.999500182772266
sulu,0.95,198,-38.001312743705626,-78.42458631003912,-57.86965103200688
sulu,0.95,199,-40.79451464440976,-72.71010903377905,-52.71060420136662
sulu,0.95,200,-32.3225942346084,-73.84011702264223,-54.22428122388688
sulu,0.95,201,-39.2601214311955,-73.17070407818761,-53.86874871954906
sulu,0.95,202,-37.11937755539327,-70.67656676280608,-51.08031963251329
sulu,0.95,203,-32.496686278369,-75.44116322600654,-54.92799700961656
sulu,0.95,204,-22.92291530415619,-70.07449692081715,-52.19222095897561
sulu,0.95,205,-33.191958647414936,-74.1613918869368,-55.63698188084283
sulu,0.95,206,-32.632261040099365,-69.58219254487304,-52.08189456795882
sulu,0.95,207,-31.03135887221481,-72.21167257170282,-54.16867139073819
sulu,0.95,208,-26.24664513557167,-70.37118804108644,-53.366602624245616
sulu,0.95,209,-35.76538259878137,-76.56770864725684,-56.26118453123824
sulu,0.95,210,-43.052713799897475,-75.62676359021158,-54.160532631845335
sulu,0.95,211,-39.03274685485471,-73.75758600243552,-53.17929144958616
sulu,0.95,212,-40.390495745437846,-70.54542332366088,-51.65412744175548
sulu,0.95,213,-40.6811492772288,-74.11391627040561,-53.77896328383939
sulu,0.95,214,-26.314533545951775,-71.08519510800728,-53.41193348713142
sulu,0.95,215,-31.54997727284791,-69.85259972189226,-52.124809361179466
sulu,0.95,216,-46.82020394174009,-74.9002706856675,-53.73161078770798
sulu,0.95,217,-32.574654551734454,-73.2020007915113,-54.1687914106638
sulu,0.95,218,-36.351289739994996,-73.64886049723188,-53.768230198647984
sulu,0.95,219,-18.506177802483336,-68.46384786224291,-52.384108580016225
sulu,0.95,220,-44.5893489770001,-72.67467550054228,-52.74057153190011
sulu,0.95,221,-32.96187775405522,-73.46334025687074,-54.246314727684144
sulu,0.95,222,-34.018284323167734,-73.49910339860935,-54.05435067632538
sulu,0.95,223,-47.20726634938828,-75.1050489156423,-52.99255722524032
sulu,0.95,224,-23.779315173978915,-72.35121741349295,-54.250428398898464
sulu,0.95,225,-41.42264825011412,-77.53773531233176,-55.99514358341477
sulu,0.95,226,-30.92553360994623,-72.55070424558076,-53.51807043292946
sulu,0.95,227,-34.73550619047259,-73.19460924320606,-53.48257749422626
sulu,0.95,228,-34.70272618740697,-70.79534238965196,-52.021443452013145
sulu,0.95,229,-40.908258390534996,-71.98134267842582,-51.87378733143947
sulu,0.95,230,-36.97844129712084,-72.4747405579266,-52.03981312580959
sulu,0.95,231,-28.766633644971904,-68.82525370279424,-51.25082528950361
sulu,0.95,232,-34.08713809289131,-71.86599794593431,-54.35483721232238
sulu,0.95,233,-31.295150404055136,-70.36702339861989,-51.555579418758576
sulu,0.95,234,-44.21423144005871,-76.11625480301032,-54.37009015189317
sulu,0.95,235,-46.151057840912415,-76.47130225379814,-55.25963618291209
sulu,0.95,236,-40.20460102595507,-71.99338145505112,-52.91308596447726
sulu,0.95,237,-42.84820629127722,-73.68759771915416,-53.38787291190415
sulu,0.95,238,-32.35702169763573,-69.2950841826812,-52.12537280601613
sulu,0.95,239,-23.345377410092624,-70.55350025866477,-53.79185873683319
sulu,0.95,240,-32.20522661439247,-70.17016594884579,-50.897769722045645
sulu,0.95,241,-38.33217398089161,-72.18820378547932,-51.469429341583854
sulu,0.95,242,-41.99408099752509,-73.60435134587775,-52.690042625971266
sulu,0.95,243,-29.269733134503667,-71.97847213347998,-52.79656322813189
sulu,0.95,244,-26.717455698542892,-76.5343503388876,-58.104344938442694
sulu,0.95,245,-29.59124880466547,-70.51022758420869,-53.134854795076464
sulu,0.95,246,-37.08640790579716,-74.1740413579583,-53.80516285542889
sulu,0.95,247,-33.891555224608595,-73.07972427827201,-53.088143152934926
sulu,0.95,248,-33.603282420605126,-72.16056292386887,-53.36636580894616
sulu,0.95,249,-47.29395285867463,-76.4195444354223,-55.23246611227786
sulu,0.95,250,-40.501754145608004,-73.89821682926829,-53.66813743708238
sulu,0.95,251,-27.591419728734053,-72.1987906303672,-52.51915285214758
sulu,0.95,252,-40.82581262929966,-73.46731816374029,-54.740561508124756
sulu,0.95,253,-45.501716461726744,-76.88245840567022,-55.11731878931549
sulu,0.95,254,-24.3268874659654,-70.67296824698474,-52.98483775424452
sulu,0.95,255,-30.045428173397283,-70.38323616820249,-52.84216236786638
sulu,0.95,256,-34.80863399161623,-71.92652150332103,-52.920560949260675
sulu,0.95,257,-49.16798610679706,-72.9534063296708,-51.16617785351596
sulu,0.95,258,-27.913982588024595,-71.5983915345981,-52.21194266946745
sulu,0.95,259,-32.114291380777615,-70.60978194292761,-52.28501914075966
sulu,0.95,260,-30.480270471545168,-73.4379186322972,-55.35381850642764
sulu,0.95,261,-55.0535792181098,-74.52937211341339,-52.13641688976942
sulu,0.95,262,-46.66584555529951,-74.22197110909016,-53.30624931721469
sulu,0.95,263,-31.9850047266321,-72.23562603111154,-53.99840661954273
sulu,0.95,264,-40.359268344042874,-73.23579585731576,-53.800388395015894
sulu,0.95,265,-40.90826990047836,-73.69943467911611,-53.852547040130936
sulu,0.95,266,-39.73459333458683,-74.76417949906815,-53.94598803124377
sulu,0.95,267,-37.04021898647787,-73.42200742072325,-52.91204786137781
sulu,0.95,268,-25.862084450594807,-71.76456972307008,-53.5241229239039
sulu,0.95,269,-45.8885315390319,-73.22430781204238,-53.007693538686965
sulu,0.95,270,-39.92937199166576,-76.01149030216915,-55.20555136034297
sulu,0.95,271,-38.21080507336558,-71.29095513605226,-53.26592944125626
sulu,0.95,272,-35.311556572831506,-73.42822515760975,-54.19476294552842
sulu,0.95,273,-45.28414079589942,-74.20646030053145,-55.36186382138477
sulu,0.95,274,-34.67370494206844,-73.90572830820658,-55.02067210481549
sulu,0.95,275,-34.781740077796144,-71.38670990970618,-53.16834827313413
sulu,0.95,276,-36.077942264349645,-75.3129448541894,-55.61482529654973
sulu,0.95,277,-38.074284850312694,-71.92133593777788,-53.19949127140728
sulu,0.95,278,-42.21600956473648,-73.52884358447386,-54.90282070862252
sulu,0.95,279,-31.195566120820644,-72.69068486757627,-53.40611439094813
sulu,0.95,280,-31.374230014711628,-69.7360016668638,-51.81318092788649
sulu,0.95,281,-44.24253690530901,-71.18155040534978,-51.430146264075134
sulu,0.95,282,-43.62209049628393,-73.96590847678877,-53.850295683091296
sulu,0.95,283,-26.06823783886881,-70.6296643321015,-51.76669977436692
sulu,0.95,284,-40.188249820065835,-76.01436915290839,-55.98996176789372
sulu,0.95,285,-41.004998529041245,-72.93694025240279,-52.18164469569547
sulu,0.95,286,-40.66269387426442,-73.13110699952163,-54.32977838270954
sulu,0.95,287,-51.67653958306573,-78.74790491138643,-56.01222862571697
sulu,0.95,288,-38.27451741817262,-69.74301871771056,-51.29882100900063
sulu,0.95,289,-23.328534983512185,-68.30405262393938,-50.32591441100938
sulu,0.95,290,-47.697989260043045,-77.24748474456347,-54.27481581011438
sulu,0.95,291,-35.3651274125051,-71.4878195308115,-51.93564734979506
sulu,0.95,292,-30.18432101504422,-68.59401066852146,-50.34447209127584
sulu,0.95,293,-54.385493628283825,-75.36806819125972,-53.69529470239222
sulu,0.95,294,-43.98007079768854,-73.98381608027864,-53.71143515469456
sulu,0.95,295,-30.992841518780494,-70.60453189507496,-51.81311152355138
sulu,0.95,296,-32.09235441984168,-70.56262632674171,-51.540751154807694
sulu,0.95,297,-38.52217223779391,-69.1086841986991,-50.19920983641304
sulu,0.95,298,-43.197511707113165,-76.98049425746083,-55.38051870019356
sulu,0.95,299,-36.33191589427986,-71.45919221345952,-51.43360825528587
sulu,0.95,300,-36.42816931130423,-70.98762361447066,-52.65694498085315
sulu,0.95,301,-36.247820337889294,-73.29809542396796,-53.9000444102661
sulu,0.95,302,-38.32977307108027,-73.5146773375179,-53.52348511178504
sulu,0.95,303,-43.97579920705442,-73.49626954296807,-54.75472234834711
sulu,0.95,304,-45.47287372125891,-73.82298257567875,-53.24307733314104
sulu,0.95,305,-36.73136784443719,-73.20669108164572,-51.884817819833934
sulu,0.95,306,-36.716278884535,-73.62644107413641,-53.00905572626954
sulu,0.95,307,-45.10378918745161,-74.1994629523426,-53.52614204634808
sulu,0.95,308,-43.20545376121652,-75.73413265931782,-55.16539910418038
sulu,0.95,309,-37.353127088545875,-70.3413848240447,-51.483161834102056
sulu,0.95,310,-43.631964569722925,-74.59401856347056,-54.3217603589557
sulu,0.95,311,-33.45767432189686,-72.2360679093882,-52.40164640312301
sulu,0.95,312,-41.610543639806735,-73.90468122030052,-52.72089237048849
sulu,0.95,313,-32.93520887645471,-75.04934402579171,-54.6395583436605
sulu,0.95,314,-37.04128826499564,-69.38712296710467,-51.218518620117834
sulu,0.95,315,-47.286444820064645,-74.56065181570625,-54.35885171817728
sulu,0.95,316,-39.26840399493989,-73.05190497510148,-52.06559641250251
sulu,0.95,317,-28.1845258994868,-71.30050877723514,-53.655875554023716
sulu,0.95,318,-28.352089199325178,-68.23411450578772,-51.243421469308736
sulu,0.95,319,-44.73229359081867,-73.73995242689405,-53.61477608924088
sulu,0.95,320,-31.522525531932757,-70.59377912411037,-53.183476793985875
sulu,0.95,321,-50.89132332388249,-77.21352073457984,-56.13404612108632
sulu,0.95,322,-37.6658298556473,-70.97477707717508,-53.05022579269301
sulu,0.95,323,-36.79725914222723,-73.59361873750835,-54.12397528823956
sulu,0.95,324,-11.568764016526814,-68.62943730529756,-52.43083900259549
sulu,0.95,325,-41.49657685797334,-74.79481966483567,-54.69551195559697
sulu,0.95,326,-36.955826870004586,-75.57933322307665,-56.580564440703455
sulu,0.95,327,-39.20729996198156,-75.25836991658373,-53.81560757312353
sulu,0.95,328,-29.898647248985526,-72.26337455651083,-53.12827277484583
sulu,0.95,329,-46.981499024014454,-78.41301615729044,-57.06015156007056
sulu,0.95,330,-33.732740636057514,-74.21803193077554,-54.82914011763773
sulu,0.95,331,-34.14276477594274,-75.6367441234568,-55.89451910749435
sulu,0.95,332,-32.69064144858103,-70.66224730729377,-52.165578542239345
sulu,0.95,333,-41.26637153866528,-69.52410852526904,-50.83870067755882
sulu,0.95,334,-40.03893538207768,-75.0380306193983,-53.50701632923559
sulu,0.95,335,-29.013760058050906,-70.8898570029418,-52.123670900397045
sulu,0.95,336,-35.21330158766216,-73.71819133426453,-54.32824192336298
sulu,0.95,337,-40.77633235065099,-72.86051813565763,-54.61957649408468
sulu,0.95,338,-37.599415871862675,-68.25048611811218,-49.41169647901585
sulu,0.95,339,-47.12707803820092,-76.67996487921081,-54.670359438873795
sulu,0.95,340,-43.613283551953316,-72.05574829218739,-52.84713780899137
sulu,0.95,341,-32.71177250154548,-74.31830976166103,-56.45532013248347
sulu,0.95,342,-29.27061347742108,-70.54283582884177,-52.91031056950246
sulu,0.95,343,-38.34712015881499,-73.63737976787652,-53.217738764929535
sulu,0.95,344,-21.306841889671688,-70.69441700679626,-53.9186938962975
sulu,0.95,345,-31.132241744750445,-74.22604239813036,-54.57559029758693
sulu,0.95,346,-50.96513262494628,-75.40431161014666,-54.91908867719421
sulu,0.95,347,-36.07684766490715,-72.19088552979314,-53.00914255361161
sulu,0.95,348,-39.76253682750604,-70.9490399798037,-51.57388382437435
sulu,0.95,349,-25.919824865557928,-70.78896234255865,-51.577423051782105
sulu,0.95,350,-43.268840894987704,-75.39566370686933,-54.60259061870558
sulu,0.95,351,-41.52305378604672,-74.29995021197684,-53.734362123174535
sulu,0.95,352,-29.956280146512853,-72.2228249285367,-53.477500807123846
sulu,0.95,353,-47.548110592102034,-74.37456626000203,-53.76331814597015
sulu,0.95,354,-41.912992570178545,-70.86135904464457,-51.3406251848558
sulu,0.95,355,-39.87140756456208,-71.37525994530023,-52.084119645411825
sulu,0.95,356,-36.391595471932675,-74.11245004760815,-53.415413215456574
sulu,0.95,357,-34.51554796488796,-73.78151126174485,-54.100407282923
sulu,0.95,358,-32.69383735516578,-71.37045843969882,-53.09726826573978
sulu,0.95,359,-37.172991417819816,-74.09397229619194,-54.95473059693316
sulu,0.95,360,-28.759154056547516,-69.39000111568282,-52.264951644303665
sulu,0.95,361,-26.40316351596121,-69.17993668143023,-53.13656300376453
sulu,0.95,362,-33.17405263230319,-73.4582081981009,-55.01665024805453
sulu,0.95,363,-26.558422434607024,-68.49637118058567,-51.048640255741105
sulu,0.95,364,-25.386710008828004,-70.60990425553783,-52.61187835086206
sulu,0.95,365,-37.26105021365771,-74.54699945589385,-54.52031600757066
sulu,0.95,366,-24.9499118750079,-67.89145095479341,-51.25948044777661
sulu,0.95,367,-38.859627717778466,-73.39517564733484,-55.10117582715674
sulu,0.95,368,-33.541874359078406,-71.6657863036873,-52.92084250035022
sulu,0.95,369,-24.380392476297317,-68.97172160512343,-51.03504119501571
sulu,0.95,370,-43.24392711175864,-73.98786527507116,-52.816479909862394
sulu,0.95,371,-31.54433686597048,-77.3418791125901,-56.87403061653521
sulu,0.95,372,-44.4556778995111,-72.83506457372833,-53.40709199399095
sulu,0.95,373,-37.89981826753018,-72.29573743807511,-54.28988494067569
sulu,0.95,374,-32.88998324447056,-72.60038760955013,-53.31010215354503
sulu,0.95,375,-34.384885470306045,-69.665653358757055,-49.91337572822012
sulu,0.95,376,-46.211874602799725,-71.25541411949328,-51.05577716804156
sulu,0.95,377,-36.06315112462147,-71.31759299061608,-53.1512859264288
sulu,0.95,378,-36.060475281123075,-72.12424734220272,-53.677036918599555
sulu,0.95,379,-29.93987594266045,-71.07364589232384,-52.17736338109137
sulu,0.95,380,-29.57548236963879,-73.75155608028335,-54.4047375886414
sulu,0.95,381,-41.08217816757161,-73.43173914323083,-53.42505910438521
sulu,0.95,382,-49.047928271077666,-76.75784847572085,-56.469726299403405
sulu,0.95,383,-33.23322381862596,-74.10951486266116,-54.41031869790416
sulu,0.95,384,-42.471674834405036,-74.25538862329233,-53.26207801091783
sulu,0.95,385,-29.820184602213203,-72.23755952447837,-53.472223768776615
sulu,0.95,386,-31.93887320493829,-70.90731572747025,-52.88865864040497
sulu,0.95,387,-46.257010117987875,-76.3971482302648,-54.83877041784717
sulu,0.95,388,-31.793728742373702,-76.38435125647327,-56.80326456766227
sulu,0.95,389,-30.8194815186377,-71.326024629053,-53.25461897679808
sulu,0.95,390,-34.130234846907484,-71.57865839607955,-52.59548737614152
sulu,0.95,391,-26.21612828969478,-69.47244941045317,-51.139079759530176
sulu,0.95,392,-36.99292424746915,-70.61399633672893,-51.06531853493206
sulu,0.95,393,-43.46687943139361,-72.76771733471764,-53.38182562726542
sulu,0.95,394,-24.347817377776124,-71.46410150973969,-53.011066293412824
sulu,0.95,395,-30.31724578812205,-71.63821773075952,-53.74809573303962
sulu,0.95,396,-25.73826308969751,-72.37928003241677,-53.47728098455367
sulu,0.95,397,-26.225862853325026,-72.6068733881677,-53.55338969333923
sulu,0.95,398,-29.841304885030127,-72.12424698026837,-54.426303388829
sulu,0.95,399,-27.882132892545485,-71.13027712949696,-53.27338560295019
sulu,0.95,400,-35.34176721260758,-70.5068652850608,-52.370878151075104
sulu,0.95,401,-35.249886617734205,-72.08034549759556,-52.77742323458006
sulu,0.95,402,-29.646265949681606,-68.65906011142178,-50.969611072475075
sulu,0.95,403,-35.35093783851127,-70.2793629284964,-51.6058490109047
sulu,0.95,404,-36.34361755799674,-75.70944066701347,-55.4911127169574
sulu,0.95,405,-29.312097219148683,-71.2471970526529,-52.860965481840196
sulu,0.95,406,-41.209216134739876,-73.5019101456028,-53.596109216259606
sulu,0.95,407,-37.00429136944422,-72.95734033017268,-54.76264287251226
sulu,0.95,408,-31.185530948693952,-72.66848693802481,-52.737666903574826
sulu,0.95,409,-33.63488198440996,-71.53929105513275,-51.78582880514985
sulu,0.95,410,-30.64923176323657,-72.32753010454161,-54.137316197166
sulu,0.95,411,-32.53858044721963,-70.79930594189292,-53.097766578359625
sulu,0.95,412,-18.85381142096628,-68.74405781111136,-52.43313255655724
sulu,0.95,413,-31.870209250942935,-68.19840179602613,-51.456622794536926
sulu,0.95,414,-29.36274959457873,-72.16180875693561,-52.674071585257266
sulu,0.95,415,-42.07688131306688,-75.41400359722587,-54.44340887572444
sulu,0.95,416,-38.08696598766076,-72.45846929980966,-53.17010413046846
sulu,0.95,417,-42.42298468400227,-72.24292745747289,-52.98276435893514
sulu,0.95,418,-36.860541543155136,-75.04496488196654,-54.16583041860834
sulu,0.95,419,-36.40651896627969,-72.2931019171289,-51.592478587167804
sulu,0.95,420,-41.52753204019075,-72.74465161455933,-53.297191029010975
sulu,0.95,421,-33.93199095419493,-72.26862318135773,-53.29121606337257
sulu,0.95,422,-35.133728844902436,-70.51699149445056,-52.14018123821518
sulu,0.95,423,-45.04296739659233,-75.27522493610331,-54.11552061966967
sulu,0.95,424,-47.56574739824299,-76.00624320042485,-55.10627110875096
sulu,0.95,425,-36.562235513442175,-71.2338452160155,-51.619934650948196
sulu,0.95,426,-36.72823952985701,-69.55702015940562,-50.92996796090747
sulu,0.95,427,-34.157337111414165,-74.5350586596428,-54.219680079913104
sulu,0.95,428,-26.110946301909962,-74.07274611947346,-54.554909640392054
sulu,0.95,429,-55.543048581009685,-76.95804043008755,-56.258190251845704
sulu,0.95,430,-32.29200664012836,-74.38346903834662,-55.30437510737711
sulu,0.95,431,-38.29440972687263,-72.41934020586558,-53.39693491054339
sulu,0.95,432,-45.4974726770138,-73.41402340046821,-52.957213507260285
sulu,0.95,433,-26.42093313991282,-72.90123407004921,-54.38609036535911
sulu,0.95,434,-28.545059153265072,-71.09715666233072,-53.04405825423768
sulu,0.95,435,-42.89954408495524,-77.6301604323676,-57.465602973670514
sulu,0.95,436,-33.282202064750834,-72.39463939054448,-53.5250473698313
sulu,0.95,437,-36.82501878438967,-70.4756487317143,-52.36159329119917
sulu,0.95,438,-38.600243566697884,-72.65849465846085,-53.061126085367356
sulu,0.95,439,-30.596698405165483,-74.11505970045582,-53.52375866446126
sulu,0.95,440,-37.39999643932191,-73.84816856347506,-53.563229487271855
sulu,0.95,441,-30.686735061498297,-71.43546132331579,-52.833355162413866
sulu,0.95,442,-30.978306681017216,-72.0313215326371,-54.5589541371024
sulu,0.95,443,-46.735031296859916,-75.77226694610266,-54.5776032353592
sulu,0.95,444,-37.76072223306096,-71.27329940233476,-52.01595880392168
sulu,0.95,445,-36.864753703809896,-71.99291230060555,-53.477960478476355
sulu,0.95,446,-47.79371483496266,-76.40222908381341,-53.857845460717144
sulu,0.95,447,-41.36123738693874,-72.208953531674,-52.74006464764108
sulu,0.95,448,-25.734057290706772,-69.31498628559456,-52.01216673268473
sulu,0.95,449,-44.56112532317326,-74.32874137985789,-53.98532586492543
sulu,0.95,450,-36.14535828261563,-73.38004039976951,-53.632523943636116
sulu,0.95,451,-41.034140416916586,-73.8244727342354,-54.31841041907363
sulu,0.95,452,-27.6389812033577,-72.77458430897067,-54.865376512214056
sulu,0.95,453,-21.024616099417358,-69.46424479306953,-51.649728567434536
sulu,0.95,454,-47.43449897141494,-76.4590567451397,-55.18834513846367
sulu,0.95,455,-41.181080214237454,-74.11669740751192,-54.352702969769226
sulu,0.95,456,-30.194070420538907,-70.98262162110655,-51.464290176750595
sulu,0.95,457,-34.44510772483221,-73.32492492518142,-54.666213135351114
sulu,0.95,458,-46.31585746148488,-74.00439343836447,-54.00718615206229
sulu,0.95,459,-41.43550468076941,-69.7807768412392,-51.554896099079826
sulu,0.95,460,-32.93754013214186,-72.52934601938976,-53.51895859499557
sulu,0.95,461,-37.92062666340695,-76.58459975397099,-56.7337739115908
sulu,0.95,462,-26.94001412535087,-70.01592995437093,-51.48788566199448
sulu,0.95,463,-36.987129471061905,-76.84118130427996,-57.04655016351806
sulu,0.95,464,-30.834409599050417,-71.67818744355206,-54.73069069716136
sulu,0.95,465,-21.934191473048685,-68.11707528555286,-51.1883547550365
sulu,0.95,466,-38.62544101522329,-72.19604921454149,-51.62352071252077
sulu,0.95,467,-29.96771544276109,-70.86736171716684,-53.64199858458491
sulu,0.95,468,-28.13319093051993,-71.58694046535254,-52.95902516476795
sulu,0.95,469,-44.56854061571897,-74.42422378399633,-54.00887169387072
sulu,0.95,470,-35.74280631990615,-73.60564181909265,-53.42747070482491
sulu,0.95,471,-51.44181390912058,-76.85845669609998,-54.92039675198545
sulu,0.95,472,-43.055633800922806,-75.41943265025236,-55.37602607297104
sulu,0.95,473,-37.88359056879554,-72.0896754079548,-52.43713659847992
sulu,0.95,474,-38.38158890125115,-73.9879149416515,-53.74545829320748
sulu,0.95,475,-36.746899422279,-72.12524816220873,-53.5563888569516
sulu,0.95,476,-37.33122209102842,-77.33925864019375,-56.894720853658015
sulu,0.95,477,-31.789981296364317,-73.97875500194479,-53.51985764701702
sulu,0.95,478,-41.46762827363921,-74.51374701330607,-53.62615565663658
sulu,0.95,479,-34.08177488379107,-71.06981636253492,-53.078491504210305
sulu,0.95,480,-46.288335711370394,-77.72505475160163,-55.188208944640024
sulu,0.95,481,-37.95359158905893,-73.58845523330646,-53.677915173097546
sulu,0.95,482,-37.11559794982401,-73.41193319272926,-54.80592673408019
sulu,0.95,483,-34.282764356581794,-69.59771714433832,-49.72305206824519
sulu,0.95,484,-28.94311938566716,-70.64236572568956,-52.331923888183354
sulu,0.95,485,-33.58743400052683,-69.91162503341712,-52.071826016156095
sulu,0.95,486,-46.355266645772474,-74.36981694752404,-54.229382836107675
sulu,0.95,487,-48.96860146406166,-76.99345826991959,-54.543565091424405
sulu,0.95,488,-31.857778317964204,-72.065375915794,-53.44844505758582
sulu,0.95,489,-42.57968144195493,-74.44061749755598,-53.824010426584515
sulu,0.95,490,-34.43976673518716,-73.70420995328003,-52.85945014867691
sulu,0.95,491,-36.413040837120576,-75.5745229427261,-54.45078583981133
sulu,0.95,492,-44.67300240273485,-73.14727837851328,-53.60161464019917
sulu,0.95,493,-23.135270216701514,-69.99886434367903,-51.72352232710177
sulu,0.95,494,-36.555483163779485,-74.11922522388026,-54.671287227992046
sulu,0.95,495,-17.191736838064287,-72.21484824684708,-55.38277540899848
sulu,0.95,496,-36.641312338958926,-75.9920791041003,-55.42502104395581
sulu,0.95,497,-43.830577297238506,-76.19029761570627,-55.15082569114614
sulu,0.95,498,-31.338150790939267,-73.64762579455456,-54.503306395387895
sulu,0.95,499,-51.80600918987929,-72.36743988874579,-52.601245182353814
sulu,0.95,500,-38.005516579464654,-73.39782245229134,-54.16819418263121
sulu,0.95,501,-43.33072030409272,-75.5955954452242,-55.81719235596013
sulu,0.95,502,-33.62152234126364,-74.19042411686425,-55.39189735998969
sulu,0.95,503,-34.26501809634243,-72.5024499952201,-53.20264039263442
sulu,0.95,504,-49.430525044953185,-74.12793660447487,-53.58825865458688
sulu,0.95,505,-34.18888782198951,-68.32874279603949,-50.07974368234218
sulu,0.95,506,-34.08947727182999,-75.34794224378214,-54.892598007145665
sulu,0.95,507,-33.25706924530493,-73.88298222709682,-54.239609033248684
sulu,0.95,508,-37.79050320281914,-73.43260687119663,-53.03226876028957
sulu,0.95,509,-28.63706792242263,-71.05244269852504,-52.763018689402394
sulu,0.95,510,-36.782769974793325,-70.87888856391291,-52.003310798722886
sulu,0.95,511,-32.916367372066816,-73.62638630258093,-54.070034849431416
sulu,0.95,512,-35.38986646302152,-74.61944659547211,-54.56288112143087
sulu,0.95,513,-47.50181633806616,-75.44975304778576,-54.354753108646094
sulu,0.95,514,-41.80455375103148,-75.16465889709721,-54.66662096640881
sulu,0.95,515,-37.51975037722812,-74.32687053264722,-55.07857700853446
sulu,0.95,516,-29.975396322220348,-72.72136780527086,-55.23133982651374
sulu,0.95,517,-28.934818797774625,-71.6389294743822,-53.39717955851752
sulu,0.95,518,-25.900090709652005,-70.97522751111006,-55.21561880801322
sulu,0.95,519,-42.84837162881627,-74.0516320975589,-53.09355598569407
sulu,0.95,520,-39.89871699766118,-72.88522186609113,-52.970545548755275
sulu,0.95,521,-36.09631455917693,-73.55014895518437,-53.34701605246873
sulu,0.95,522,-45.676079052353145,-74.25285224326217,-54.058603549783456
sulu,0.95,523,-34.56500476021543,-69.95033836716186,-52.03228906048837
sulu,0.95,524,-42.775162719274675,-74.61648692654104,-54.118430874798584
sulu,0.95,525,-38.48104837354447,-71.28289139143536,-53.15439754283352
sulu,0.95,526,-36.920111338077504,-73.64614778375017,-54.20283336296831
sulu,0.95,527,-33.55200497405232,-74.33231173724965,-55.74446735269274
sulu,0.95,528,-36.66988655563878,-74.61239139158317,-54.019451469594
sulu,0.95,529,-34.64368283715888,-72.68458254377163,-53.40032819887329
sulu,0.95,530,-44.711474534174215,-73.02430826935837,-53.854990398294156
sulu,0.95,531,-44.26349510950652,-72.58785971449444,-51.69837952898526
sulu,0.95,532,-29.336313939164597,-73.2917468300108,-52.84539932319525
sulu,0.95,533,-39.89286273796944,-70.70397611544175,-51.75300710836683
sulu,0.95,534,-36.65620796806829,-74.42215390531364,-54.7107664640238
sulu,0.95,535,-39.49406874739918,-75.79000955921138,-54.63398298092332
sulu,0.95,536,-39.1111340917312,-70.44650792707512,-50.39926956447103
sulu,0.95,537,-56.51771743389486,-76.07782407133269,-55.02623679878325
sulu,0.95,538,-42.329647251014364,-73.43569385065672,-52.321224387372666
sulu,0.95,539,-41.9982083855281,-76.83940635568811,-56.2248140131144
sulu,0.95,540,-27.731195346898318,-70.8746937675829,-53.84508384803397
sulu,0.95,541,-35.60196254654497,-70.72385903333594,-52.69496430034237
sulu,0.95,542,-40.23768893502546,-73.00171654345897,-54.30547629943878
sulu,0.95,543,-43.49401657230135,-73.72882492625772,-54.45113864480747
sulu,0.95,544,-39.42306036108539,-71.05115012228342,-52.035173886474965
sulu,0.95,545,-40.28151694258878,-70.8711964184899,-52.00157224045175
sulu,0.95,546,-48.32641794756216,-75.1207760801799,-53.721369923956885
sulu,0.95,547,-27.097505481692906,-73.4530712047527,-54.564630550922274
sulu,0.95,548,-38.95467137860885,-71.91922611269798,-51.692383798175726
sulu,0.95,549,-38.70526668634423,-73.12605012189323,-53.31370202817392
sulu,0.95,550,-41.252476353300494,-71.68714895802447,-52.9443442530181
sulu,0.95,551,-43.57852148011105,-72.42197704411535,-52.7669901769884
sulu,0.95,552,-44.969891979110685,-73.0974438949124,-54.093661047724964
sulu,0.95,553,-35.901943465279714,-75.88705166347368,-55.29918483376066
sulu,0.95,554,-42.75523302244156,-73.22512214643909,-53.893335354156804
sulu,0.95,555,-43.60692904980456,-74.93556711011811,-54.57365702638133
sulu,0.95,556,-36.81563799753465,-74.57430824225376,-54.94095443832347
sulu,0.95,557,-35.54620537929077,-71.79015965897493,-52.344116613945175
sulu,0.95,558,-40.53234728721071,-71.8140685805824,-52.64350880047468
sulu,0.95,559,-39.301073155990764,-72.27156413825368,-52.87767605341632
sulu,0.95,560,-22.11647744762479,-71.58425677438004,-53.592769549744965
sulu,0.95,561,-49.65844118571678,-75.14765592858207,-54.572276184126515
sulu,0.95,562,-40.33537196904521,-73.31816721331693,-53.555141682969854
sulu,0.95,563,-36.38021124277887,-68.11576716985583,-50.38950117728269
sulu,0.95,564,-37.28084127036411,-72.70821097059363,-53.28346297661139
sulu,0.95,565,-35.1014841102386,-74.4576361554001,-54.56439553212211
sulu,0.95,566,-35.93115837687867,-70.23905926835671,-50.01751305773733
sulu,0.95,567,-35.04030479148861,-73.30955739436178,-53.438750463063904
sulu,0.95,568,-45.74740611050265,-72.7195747317345,-53.190058748847115
sulu,0.95,569,-45.93157426893001,-74.03881832894295,-52.62327947216349
sulu,0.95,570,-34.60884066629421,-69.79233335364967,-50.90093515414693
sulu,0.95,571,-39.39863774479076,-73.79080867211806,-53.91850749287637
sulu,0.95,572,-33.4775566254055,-73.19936416822291,-51.59331402910756
sulu,0.95,573,-32.41964171412084,-75.05039929060784,-53.86702166425719
sulu,0.95,574,-42.972499454391595,-72.87349262908577,-52.835320718583766
sulu,0.95,575,-30.636383377856504,-70.43918048984503,-52.093370895357246
sulu,0.95,576,-42.61234206022925,-71.92666822701332,-53.38365832478004
sulu,0.95,577,-33.618041321531905,-74.16277958142868,-53.066172348143326
sulu,0.95,578,-28.473603698478172,-71.45980387973842,-52.22910357978102
sulu,0.95,579,-49.011970905778526,-73.35977829347974,-53.07999600732242
sulu,0.95,580,-42.0565726491688,-75.48919498265975,-54.802479351390105
sulu,0.95,581,-26.51753998150403,-72.07958921605896,-53.967422394104894
sulu,0.95,582,-43.44849177874062,-71.22317219960146,-51.95716586432022
sulu,0.95,583,-38.1652361931923,-72.72864412502426,-52.89477372826178
sulu,0.95,584,-35.025080101022525,-72.81851851016879,-53.49538198835628
sulu,0.95,585,-35.257510666336145,-69.69260549029488,-52.55018224588643
sulu,0.95,586,-41.02072192882116,-75.97174067179688,-56.14430582498538
sulu,0.95,587,-27.412687463275233,-70.53650345834839,-53.001192838060454
sulu,0.95,588,-43.54175173405005,-72.07525434899605,-53.11030563172445
sulu,0.95,589,-23.230094593115297,-69.17361209667897,-52.22801773753882
sulu,0.95,590,-35.72524646002941,-76.58621732058384,-57.00403916375529
sulu,0.95,591,-32.517041398317275,-71.04048526693698,-52.16438731506822
sulu,0.95,592,-32.542844300886884,-72.70285494309812,-54.28472602018064
sulu,0.95,593,-30.67699180264728,-71.45827994409424,-53.5066403185518
sulu,0.95,594,-48.454604035863326,-73.69964436628342,-53.056573264806794
sulu,0.95,595,-41.683377580033294,-72.6068760174082,-52.45215136778962
sulu,0.95,596,-28.556623331834572,-67.7317324549539,-50.98086328639114
sulu,0.95,597,-26.34548759758215,-73.40595673882011,-55.4290076383913
sulu,0.95,598,-43.63017051828305,-74.45235148206855,-54.9447603281737
sulu,0.95,599,-34.57736593891656,-73.57851483213351,-54.45030563336035
sulu,0.95,600,-29.980142360982228,-72.5172352004333,-54.78976492621234
sulu,0.95,601,-45.08249570776874,-74.96349589745451,-55.96659347995271
sulu,0.95,602,-22.470513615419804,-68.64762363418686,-51.00656711340571
sulu,0.95,603,-38.89198504601097,-73.03598620034154,-53.6988436510368
sulu,0.95,604,-50.58566166803257,-72.57551807969287,-51.565423248279465
sulu,0.95,605,-26.938387029625375,-70.25244722913754,-53.15157390050241
sulu,0.95,606,-49.061692989921994,-74.8540476666984,-52.50361681320988
sulu,0.95,607,-39.32481082198612,-71.24942728959421,-52.82623439418705
sulu,0.95,608,-33.27534944502682,-74.90753045356098,-56.19596487984385
sulu,0.95,609,-27.300829515086008,-73.52138822039294,-53.933859703578065
sulu,0.95,610,-36.18268380313299,-73.63625257781212,-55.42888044860207
sulu,0.95,611,-28.826739619953656,-64.99003523037933,-48.505239556922206
sulu,0.95,612,-31.1954738810131,-71.44466917657655,-52.939823426578926
sulu,0.95,613,-37.85345992088273,-71.9370876212966,-51.44268168516667
sulu,0.95,614,-28.09238722627356,-73.24372013680109,-54.31130078751693
sulu,0.95,615,-38.68497701255029,-72.21580270012097,-52.90788440441847
sulu,0.95,616,-35.48665232355452,-70.80038958696741,-53.08550021571777
sulu,0.95,617,-38.00720140399491,-72.67416262135349,-54.28103985185771
sulu,0.95,618,-34.37034931065054,-74.83232146042894,-54.891446177738565
sulu,0.95,619,-33.38509414482678,-70.03414722220336,-52.59855157235134
sulu,0.95,620,-41.690238160535074,-71.67302091706775,-52.15452219515893
sulu,0.95,621,-35.359153840633155,-76.11548236829586,-55.161955017713964
sulu,0.95,622,-38.23236965411979,-71.69857680355956,-53.004935921541176
sulu,0.95,623,-36.510494843584894,-70.853649528033,-53.32691244161515
sulu,0.95,624,-31.66802020399794,-68.16272576208277,-51.929143557804856
sulu,0.95,625,-41.06848659394612,-71.2214950973381,-51.52269101521764
sulu,0.95,626,-28.48176753173132,-71.12672566290247,-53.60256661694467
sulu,0.95,627,-35.02363171644373,-70.75626898931293,-53.45891102611327
sulu,0.95,628,-36.528635277137,-74.62167958628832,-56.005116433558456
sulu,0.95,629,-44.53726570298585,-72.91004162580316,-53.91427380916137
sulu,0.95,630,-21.568181612686715,-71.0730510490749,-52.86154065957565
sulu,0.95,631,-22.980047213004354,-70.49302351329163,-51.75653252293659
sulu,0.95,632,-40.364737018788645,-72.46013120719736,-52.65094630304966
sulu,0.95,633,-38.28670126014984,-73.06907206484641,-54.74422439963004
sulu,0.95,634,-33.84731456782956,-71.14759482858312,-52.24168547122427
sulu,0.95,635,-24.58984558211759,-67.68941248413164,-49.518234659133476
sulu,0.95,636,-30.7576205189022,-72.403429617159,-54.182179691856284
sulu,0.95,637,-32.40906092134347,-72.04376421235614,-53.55820582914732
sulu,0.95,638,-30.572542520570835,-75.93635907822588,-56.62382791537311
sulu,0.95,639,-45.41159430596835,-74.95335596037756,-55.11226494257117
sulu,0.95,640,-29.08049290016578,-71.18403075845694,-53.765088075653566
sulu,0.95,641,-34.152372178098574,-75.43285034359515,-57.63301159243263
sulu,0.95,642,-39.04448898440501,-72.680617337379,-53.10784151540163
sulu,0.95,643,-43.1854777417673,-74.15912527605161,-55.126260700783085
sulu,0.95,644,-48.12551813813886,-74.59721412009122,-52.621991325667686
sulu,0.95,645,-34.970084136008836,-72.13205916870024,-52.47190148524658
sulu,0.95,646,-53.18580594560078,-74.37815272804876,-52.49652956931642
sulu,0.95,647,-47.966319981920066,-76.22639786267511,-53.33122464261248
sulu,0.95,648,-29.197543669424903,-72.96808276616393,-54.2976941887615
sulu,0.95,649,-30.115468648658094,-75.03241107705307,-56.46820745664942
sulu,0.95,650,-41.239815056289444,-74.54315695977317,-54.315243731593824
sulu,0.95,651,-38.703278017830826,-72.22598824372787,-52.93843799316241
sulu,0.95,652,-42.30908194114551,-72.25577854706101,-52.62087065586552
sulu,0.95,653,-38.23372900445736,-71.58029163061607,-52.423536539694965
sulu,0.95,654,-23.504291311907195,-70.09427066074963,-51.8761172146068
sulu,0.95,655,-36.70567874681538,-72.37828914482718,-52.636619752650475
sulu,0.95,656,-38.200526480102496,-73.35355918441354,-52.57248528691045
sulu,0.95,657,-37.41924606186524,-71.78651743256276,-54.00601614061412
sulu,0.95,658,-21.105638061876817,-69.57733594242123,-51.940464590540245
sulu,0.95,659,-37.62937625728429,-73.29511903352058,-53.54719556060646
sulu,0.95,660,-26.819176896962944,-71.29795462745923,-53.43386503236112
sulu,0.95,661,-45.332602809458194,-78.05727744822332,-55.43396797705243
sulu,0.95,662,-26.087425070209605,-71.09825467300774,-51.66066517091794
sulu,0.95,663,-28.109610139174066,-70.93386432233154,-52.27693987629352
sulu,0.95,664,-40.51787540399485,-74.15124262518546,-53.60698951343004
sulu,0.95,665,-27.97370062165095,-72.96234409172101,-54.81995491378935
sulu,0.95,666,-39.15737796076891,-69.9631836088407,-51.425859532008424
sulu,0.95,667,-36.01221674886796,-69.45497144647464,-52.45526914182375
sulu,0.95,668,-40.096624919631466,-72.48935190640593,-52.49668577446355
sulu,0.95,669,-35.469797456453534,-71.790318974123835,-52.21828220043937
sulu,0.95,670,-46.83543318732228,-76.48239619848793,-55.697161436484656
sulu,0.95,671,-39.58685199463633,-74.84614787462856,-54.617849110491996
sulu,0.95,672,-36.69249588175174,-70.89118198923428,-51.46022421337423
sulu,0.95,673,-43.42190356465372,-73.09210419827772,-53.980202514117636
sulu,0.95,674,-26.82132036187798,-69.09639034470379,-52.2602152003642
sulu,0.95,675,-43.37319193097835,-72.52622660108464,-53.229062775581944
sulu,0.95,676,-36.168304790949435,-74.25631763411168,-54.10377334798198
sulu,0.95,677,-30.90765931325788,-71.3867271010763,-53.971757360078776
sulu,0.95,678,-41.965170660697424,-72.26124341097467,-51.14714211618261
sulu,0.95,679,-45.37968253595696,-71.814659990801,-51.45097744063584
sulu,0.95,680,-32.35526175413872,-73.6392919119368,-55.27311769989652
sulu,0.95,681,-37.8275218688367,-74.81133493739742,-53.58511612937573
sulu,0.95,682,-40.71970822927403,-76.82125379283585,-55.289509821568984
sulu,0.95,683,-35.93269728263334,-71.53969146559047,-52.75455222791116
sulu,0.95,684,-43.155659886979095,-72.00368325501574,-52.37261217244651
sulu,0.95,685,-37.96102440711465,-76.7491932738508,-56.35344979076845
sulu,0.95,686,-46.70990521614698,-74.88358923478438,-54.73321955636563
sulu,0.95,687,-49.68856104525909,-73.90331109264704,-52.34809346360607
sulu,0.95,688,-39.663791266240196,-70.85005206381142,-50.63885671122646
sulu,0.95,689,-35.34394228745484,-72.75838084036138,-53.39589417184083
sulu,0.95,690,-22.973436643198,-71.80501004506355,-55.234878716523085
sulu,0.95,691,-25.194254344467623,-70.97913455545387,-52.79952102711306
sulu,0.95,692,-37.61591198385395,-74.01852683746768,-54.495070780874165
sulu,0.95,693,-27.659477410481287,-68.93814586153098,-51.83398439551184
sulu,0.95,694,-28.307566230021536,-70.38079877604468,-52.76016172192769
sulu,0.95,695,-38.78639919702795,-71.62569938285114,-53.47714715012875
sulu,0.95,696,-34.27526617338248,-71.73538211419884,-52.82427769907457
sulu,0.95,697,-35.37333951345002,-72.3098145131539,-53.560900063857645
sulu,0.95,698,-36.06638689771995,-69.3261275496518,-50.70268258093921
sulu,0.95,699,-30.259112629047337,-71.66885035802358,-53.763558795505496
sulu,0.95,700,-44.9927425463153,-75.8577281760694,-53.159325503007565
sulu,0.95,701,-31.395185803776258,-71.15864373686222,-52.797076634351946
sulu,0.95,702,-27.581944970929328,-70.14550494402245,-52.414028459647916
sulu,0.95,703,-49.6098488226346,-74.82863685047107,-54.0976817693742
sulu,0.95,704,-49.06667247145518,-72.73030350442473,-51.896123984427604
sulu,0.95,705,-41.08284684416904,-76.45253209697879,-55.63179723796593
sulu,0.95,706,-46.658070289214294,-72.40014432232849,-52.86341064394942
sulu,0.95,707,-42.430616011690006,-72.28423711560404,-52.19598051184012
sulu,0.95,708,-34.66296642285815,-70.51616589113762,-50.82888626661584
sulu,0.95,709,-48.40679076036105,-76.51477850646458,-57.36283318821188
sulu,0.95,710,-31.109190532331155,-73.00123025132078,-54.59671486907692
sulu,0.95,711,-41.54378944515392,-74.43519718925833,-54.349571515164726
sulu,0.95,712,-38.31516680054838,-73.3325241542372,-53.01408752292541
sulu,0.95,713,-44.39167275963729,-69.57271280749075,-50.11036104242726
sulu,0.95,714,-36.33107927949874,-73.79394467217887,-54.83364383734634
sulu,0.95,715,-32.562893498488336,-73.62356906338628,-53.904355487721915
sulu,0.95,716,-22.588157914384396,-68.0936394592222,-50.84474001170186
sulu,0.95,717,-32.41937300683057,-71.43900450822525,-52.53611765508757
sulu,0.95,718,-33.066817471906404,-71.82479123124223,-52.971331026699396
sulu,0.95,719,-29.21063577014732,-73.77077404316817,-54.0538495537307
sulu,0.95,720,-41.53999636661317,-72.84720036981177,-51.18632677964389
sulu,0.95,721,-35.79473216464834,-73.48011491781327,-53.54040770987257
sulu,0.95,722,-42.53532170109193,-75.95637297978008,-54.2967542789124
sulu,0.95,723,-37.53476150896165,-72.85394934192536,-52.36341774648775
sulu,0.95,724,-40.83051872271602,-72.77857554302568,-53.41130612212096
sulu,0.95,725,-32.874157729256154,-72.14582512759081,-53.61271853417564
sulu,0.95,726,-31.503202408686377,-70.85115541755266,-52.019562126248516
sulu,0.95,727,-41.13457912110769,-73.2662856913337,-53.47916341301915
sulu,0.95,728,-34.769032828040054,-71.76806801628773,-52.994125072305636
sulu,0.95,729,-43.62797128719163,-75.41793335748662,-55.175425783825034
sulu,0.95,730,-31.179185218181857,-70.3669784573714,-51.83817943507161
sulu,0.95,731,-37.47408366301289,-72.79546058698469,-54.01982728917977
sulu,0.95,732,-27.427839707089674,-75.08539199014689,-56.00174018614912
sulu,0.95,733,-44.99026849926679,-75.94135420578783,-53.75764612952273
sulu,0.95,734,-37.94891338333201,-71.23089610085833,-52.56398966834704
sulu,0.95,735,-30.435303118222038,-75.0082716914452,-56.00430535490565
sulu,0.95,736,-31.908969455235763,-72.58149967323006,-53.09641256664256
sulu,0.95,737,-31.075749612269078,-69.24848951337785,-50.22556833661345
sulu,0.95,738,-48.1643490058008,-75.52964915710666,-54.98270855042065
sulu,0.95,739,-20.807674049483097,-70.08241299606127,-53.67942840777793
sulu,0.95,740,-43.89484743536738,-73.23886211931338,-53.31932390798531
sulu,0.95,741,-36.590286781807976,-70.1326266825395,-51.81410811925983
sulu,0.95,742,-34.08366754463762,-72.07122432259412,-51.49680373604231
sulu,0.95,743,-41.30281343741984,-75.89153233893795,-55.91739854563498
sulu,0.95,744,-33.65702172757938,-69.37784182752401,-52.46394371209763
sulu,0.95,745,-27.105033750302425,-71.33325885429375,-53.0639045150387
sulu,0.95,746,-37.754312501356566,-74.5340341311866,-54.05801789854487
sulu,0.95,747,-33.2735303239821,-71.33595121239144,-53.82409957805006
sulu,0.95,748,-31.81102728758185,-72.63601028411085,-53.41663671377718
sulu,0.95,749,-32.663959241832515,-74.19693995902959,-55.04298036031402
sulu,0.95,750,-34.11401297852939,-71.4241116365819,-52.559549958462796
sulu,0.95,751,-50.55493065265472,-77.25020629205483,-55.623462795074374
sulu,0.95,752,-22.650259056347295,-69.62763013346287,-53.51808972300844
sulu,0.95,753,-36.98791825052788,-68.26463507672455,-49.536711971400074
sulu,0.95,754,-28.494259792227922,-66.96580836798564,-50.341196002994664
sulu,0.95,755,-26.947489851614222,-68.1488162111333,-51.98787806384585
sulu,0.95,756,-30.502204496592185,-69.04765965328747,-50.82312961716956
sulu,0.95,757,-39.589026280893364,-73.03186269255833,-52.69837710171772
sulu,0.95,758,-35.94163016133177,-70.22156075371808,-52.30121006298795
sulu,0.95,759,-38.74133557793368,-71.24989326923111,-52.76210770968606
sulu,0.95,760,-30.331105305619502,-69.91129899217378,-52.187714495929
sulu,0.95,761,-33.213599601684905,-71.83663632515918,-53.38108801652746
sulu,0.95,762,-47.57144689169044,-73.7336579190429,-53.01435309322102
sulu,0.95,763,-33.703077429741995,-71.54301142162103,-53.321596293993565
sulu,0.95,764,-38.62293804654823,-71.57278428568011,-52.10494213934584
sulu,0.95,765,-38.74210045831563,-68.08353174273846,-49.60116269508197
sulu,0.95,766,-30.702527179777604,-73.88695945696942,-55.42315572934352
sulu,0.95,767,-40.85313772281856,-70.45240421924692,-52.49382961948955
sulu,0.95,768,-40.43278494491426,-73.17468646426809,-53.54485796455664
sulu,0.95,769,-36.28101613335173,-71.08049354451822,-52.49765394683452
sulu,0.95,770,-28.585449111176075,-68.72594035699218,-51.570838002546665
sulu,0.95,771,-30.99483346248266,-71.86810211181344,-53.62212401596753
sulu,0.95,772,-29.96876905697019,-68.41954104105656,-51.52612988816732
sulu,0.95,773,-45.796474335799616,-73.75871745763247,-53.652110079841975
sulu,0.95,774,-36.673607013381286,-72.93030147010816,-53.54293617738578
sulu,0.95,775,-40.21774031079141,-76.98227514841857,-56.640507846426814
sulu,0.95,776,-32.82781234519658,-71.0357935438309,-51.63880474108849
sulu,0.95,777,-48.74826200882052,-77.06591012636211,-55.78784576160106
sulu,0.95,778,-32.30536584021209,-71.74441151786817,-52.50594950287936
sulu,0.95,779,-43.31149519756801,-76.4923132025157,-56.80940851195442
sulu,0.95,780,-34.231349951880276,-68.91614439490465,-52.50572008521415
sulu,0.95,781,-30.420314027263686,-73.52912198483693,-54.19784991301525
sulu,0.95,782,-40.020533985018545,-74.15172996474544,-54.491978863221036
sulu,0.95,783,-36.547284916645424,-73.14593218081453,-52.22387472583331
sulu,0.95,784,-36.983405954837764,-72.86170909592397,-52.74226378352662
sulu,0.95,785,-33.67546401872974,-70.61286959203397,-51.52609035166712
sulu,0.95,786,-30.211138432284343,-74.17489402972912,-54.46967164032799
sulu,0.95,787,-29.791236048155554,-74.03414519074201,-54.55947101334146
sulu,0.95,788,-39.557994810607624,-74.2513657779299,-53.47153217132136
sulu,0.95,789,-43.73722566816886,-75.08491025217812,-54.84283067403189
sulu,0.95,790,-33.8718220512238,-75.4792566968933,-55.8159471754687
sulu,0.95,791,-32.296034864173976,-70.03734735043713,-52.75756444827746
sulu,0.95,792,-49.30660512281062,-75.95485137526882,-54.2748243812984
sulu,0.95,793,-40.237487534093646,-73.13987608381122,-54.18198940150364
sulu,0.95,794,-60.51850698418767,-79.85854051613305,-56.51958921659421
sulu,0.95,795,-17.322596602428774,-67.51649615203112,-50.69433748732743
sulu,0.95,796,-43.54946038117566,-72.67622513147818,-52.44915186599235
sulu,0.95,797,-38.261402111267444,-73.67725231199165,-54.7243088166554
sulu,0.95,798,-46.87440355180394,-74.1409039979392,-53.62496290824185
sulu,0.95,799,-31.28993657811344,-69.87260650414412,-51.8666636635727
sulu,0.95,800,-45.26507220192207,-77.73397141913682,-56.31043905160317
sulu,0.95,801,-45.057158758581494,-78.19481938534321,-57.08858169912071
sulu,0.95,802,-40.48147868170372,-73.89921426301606,-54.994592732456915
sulu,0.95,803,-32.31745756058163,-70.44800993851716,-51.53404451169578
sulu,0.95,804,-37.16380921048611,-71.65352618313855,-51.40130176908561
sulu,0.95,805,-39.862976047307995,-73.31412634659931,-53.52624300562132
sulu,0.95,806,-42.72345602112375,-74.88331662899594,-55.057846714813806
sulu,0.95,807,-36.112511054700605,-77.64279061734017,-56.70340350767627
sulu,0.95,808,-48.54669377023626,-74.4412903502146,-53.75501472967862
sulu,0.95,809,-45.644800457283054,-75.22565519750503,-54.05578438431708
sulu,0.95,810,-35.13449265902216,-72.22231714360869,-52.82576701728629
sulu,0.95,811,-28.335455189133654,-71.35535549459206,-51.66808269944522
sulu,0.95,812,-35.81496215384334,-71.46143062023793,-54.280732716401104
sulu,0.95,813,-42.0008621772034,-75.30052973850486,-54.24248474971072
sulu,0.95,814,-38.858893172526535,-73.76455257511032,-53.41939443824191
sulu,0.95,815,-28.581132141700692,-70.08699494716899,-52.72941009032414
sulu,0.95,816,-35.527500568508486,-73.67497680403216,-54.66306462053103
sulu,0.95,817,-30.043944649770253,-72.71602075148297,-52.71766129562963
sulu,0.95,818,-43.125771439222945,-76.2027985885036,-56.03903387988137
sulu,0.95,819,-33.227341982067344,-74.73148596079211,-55.85084861497417
sulu,0.95,820,-37.198567097316584,-73.15745003905158,-55.89021089247544
sulu,0.95,821,-38.1362163591881,-75.72947416682325,-55.94859716697003
sulu,0.95,822,-24.90372090930657,-70.31206286344771,-52.56620413242104
sulu,0.95,823,-33.87174998764763,-75.14668068803758,-55.64719188088253
sulu,0.95,824,-51.71108922541197,-75.6199703186736,-53.7568684581439
sulu,0.95,825,-43.45359881938407,-72.56531943286599,-51.86399600138616
sulu,0.95,826,-27.50468860535247,-69.03203932942263,-51.06052179010378
sulu,0.95,827,-31.73934772153231,-71.3149907641154,-51.95716614367799
sulu,0.95,828,-39.88322390125663,-72.91214360045808,-54.1400247894362
sulu,0.95,829,-29.063115491636097,-72.73979553444508,-55.07900096850851
sulu,0.95,830,-34.0597138520568,-70.73779045002641,-52.00720371091809
sulu,0.95,831,-44.87047691688292,-72.76697242553925,-52.06555770879601
sulu,0.95,832,-47.42912941280474,-75.32534837739166,-54.354547586885374
sulu,0.95,833,-42.7075541759595,-74.88184883149408,-55.017228359455956
sulu,0.95,834,-43.15251321463717,-73.23881364128754,-53.27429689857914
sulu,0.95,835,-37.678892795086114,-75.622169231891,-54.559016689300705
sulu,0.95,836,-35.85592321718394,-72.31112339842302,-53.074620922197354
sulu,0.95,837,-28.66110175655544,-70.9472648872627,-52.76355807080628
sulu,0.95,838,-23.84599747026286,-69.39206721648972,-52.198907284691224
sulu,0.95,839,-32.19364218253233,-73.76215896096855,-54.40091107754078
sulu,0.95,840,-29.33815699246702,-69.00199458115134,-51.996914795978554
sulu,0.95,841,-39.5306852903997,-71.80868763739534,-52.508770830706816
sulu,0.95,842,-38.7786837024444,-70.84393762175579,-51.5434213774449
sulu,0.95,843,-28.279717760923546,-71.81289613482927,-53.2541396097744
sulu,0.95,844,-37.0734235977032,-71.69293327203732,-52.884468791842146
sulu,0.95,845,-22.226765918137886,-69.28052788715476,-52.174828536231686
sulu,0.95,846,-45.2254382586446,-74.12395889098099,-52.3009444474638
sulu,0.95,847,-34.417470817421105,-74.67988594029536,-55.3860743676649
sulu,0.95,848,-38.19074244979561,-74.65908150089028,-54.19526171683772
sulu,0.95,849,-36.48643067555457,-73.66158409497326,-53.363246224724094
sulu,0.95,850,-35.91290853071959,-72.97690287811409,-52.712448345840585
sulu,0.95,851,-27.016451203497923,-71.26772809502964,-53.185042104538844
sulu,0.95,852,-50.59188106012249,-77.3329769986996,-56.009328404755585
sulu,0.95,853,-32.97352849587148,-71.86186951083852,-51.60435164051539
sulu,0.95,854,-36.611414459494114,-73.9292742895235,-53.40356336627248
sulu,0.95,855,-40.162854534961724,-75.41852541481614,-54.08559159186999
sulu,0.95,856,-36.41549607336589,-70.8656267883976,-51.82303740809819
sulu,0.95,857,-42.89204765974199,-75.48139650439747,-54.179414376721354
sulu,0.95,858,-31.778831886977486,-70.66049612145326,-53.43888619868862
sulu,0.95,859,-41.886144516372354,-72.674858345827,-54.33454124630468
sulu,0.95,860,-34.455209181708796,-73.59955853420044,-54.03117234006308
sulu,0.95,861,-26.97979984563824,-74.85047445609617,-55.82716836487601
sulu,0.95,862,-31.697390141354703,-68.3171664526467,-51.541720727951784
sulu,0.95,863,-39.15715227266648,-75.83087603158748,-55.884341857589746
sulu,0.95,864,-44.38493578282515,-75.23027656618201,-54.17451240066755
sulu,0.95,865,-36.50868382158899,-74.73660855991562,-54.681680980856044
sulu,0.95,866,-50.86622392165427,-77.07893578591424,-54.399536774330635
sulu,0.95,867,-31.220018528719777,-72.63152688555931,-54.09831637176367
sulu,0.95,868,-38.40302023695625,-69.55727193540353,-50.19340769690838
sulu,0.95,869,-33.286527989294626,-72.80129465891356,-54.01955138538358
sulu,0.95,870,-41.74275538559834,-76.98536159650459,-56.983157624949776
sulu,0.95,871,-41.29054021485442,-73.45792786222935,-52.75925005110797
sulu,0.95,872,-26.440216257977625,-71.18690210577017,-52.30879529920906
sulu,0.95,873,-40.406149145257274,-73.69650815030835,-52.96661426091799
sulu,0.95,874,-35.22412279335151,-73.35017725184073,-53.960864769024894
sulu,0.95,875,-44.79649846113554,-77.36841551324285,-56.8640476602518
sulu,0.95,876,-39.92830736478868,-73.39325939393872,-54.61350437122573
sulu,0.95,877,-39.326963649470486,-71.64203211295303,-52.17068392971567
sulu,0.95,878,-45.392955951720324,-75.62733684155421,-54.26159137469081
sulu,0.95,879,-34.49169128756793,-72.2938033977579,-54.042402185794984
sulu,0.95,880,-19.035335227545318,-70.97304246962472,-54.215222689517965
sulu,0.95,881,-38.40690962890736,-74.57028989225478,-54.19716525730968
sulu,0.95,882,-28.90621544837029,-72.83125164752566,-53.211587330293156
sulu,0.95,883,-45.06683000226681,-75.41613378582603,-54.77824524405355
sulu,0.95,884,-36.22612256083457,-72.14737928845628,-52.95274494804505
sulu,0.95,885,-43.84533218313965,-73.69223379180116,-54.60701850847896
sulu,0.95,886,-34.84038150275677,-73.54941263775657,-54.000854410035366
sulu,0.95,887,-33.703998988257894,-69.02685867219441,-50.05638383000655
sulu,0.95,888,-44.846997921774715,-75.14833718480989,-54.37738088473702
sulu,0.95,889,-37.77429665506273,-74.00581761700498,-54.227412972100275
sulu,0.95,890,-37.63319824033138,-72.70545260547209,-51.84458452693244
sulu,0.95,891,-39.81772203175072,-73.28420003153283,-53.7567471922939
sulu,0.95,892,-29.40148104598876,-68.46588053162273,-50.648170094398345
sulu,0.95,893,-38.33160227859847,-75.90610233460245,-55.73537203218148
sulu,0.95,894,-33.01418445573398,-73.48854312552143,-53.92226609199243
sulu,0.95,895,-31.545677976944347,-74.16441285951,-52.95317146419265
sulu,0.95,896,-41.89346811169,-74.55073707958506,-53.74380861245906
sulu,0.95,897,-28.27699593711489,-69.322626332388,-52.031875847408386
sulu,0.95,898,-43.64292045209635,-73.79024060584572,-54.04334087321312
sulu,0.95,899,-41.516337666382896,-73.27100123722212,-54.08531247093147
sulu,0.95,900,-37.34273464749549,-69.76597448642511,-49.6026421096913
sulu,0.95,901,-27.710479900149153,-70.76010659062436,-52.75201500485339
sulu,0.95,902,-52.715197320591756,-74.23395395961899,-52.774359192199626
sulu,0.95,903,-43.5358074882445,-75.50557571535191,-52.861599034725494
sulu,0.95,904,-26.055569808989986,-72.56714029894738,-54.45090167985285
sulu,0.95,905,-34.981188762537556,-70.46570820673828,-51.52342278553991
sulu,0.95,906,-53.004783763871956,-75.89571119380304,-54.952846599130766
sulu,0.95,907,-29.244308040308255,-70.91813239771885,-53.06399923913057
sulu,0.95,908,-28.752805296183965,-71.66916090425367,-51.8068733665033
sulu,0.95,909,-31.085951856438584,-73.31286567107153,-52.56955648118341
sulu,0.95,910,-33.59336565986578,-69.54890555547209,-52.07888736160593
sulu,0.95,911,-37.34321261971323,-69.7961982186601,-52.410127110410286
sulu,0.95,912,-34.40327502909298,-71.74231122621644,-54.28207103055106
sulu,0.95,913,-39.18923114135586,-71.21727939996303,-52.59613225969646
sulu,0.95,914,-27.483877553462037,-69.75569383887404,-52.40652627720275
sulu,0.95,915,-39.6087633357526,-75.42956885869441,-54.610746993598774
sulu,0.95,916,-45.521254437592404,-74.31466767422799,-52.23638677083911
sulu,0.95,917,-46.47292228247338,-76.16464797118982,-56.37561468646713
sulu,0.95,918,-35.91238428781185,-72.42947283510608,-53.05677818727227
sulu,0.95,919,-22.627863822466338,-72.57506162472261,-54.98750303769056
sulu,0.95,920,-36.923064713694686,-70.03510872738399,-51.41331723623841
sulu,0.95,921,-32.34048146353939,-70.93107729171794,-51.7062942864917
sulu,0.95,922,-42.71384104969047,-73.65716755796824,-53.586144173885856
sulu,0.95,923,-28.37552271288112,-69.08631563143145,-51.305646344078234
sulu,0.95,924,-35.67956411385603,-71.19866318357765,-52.5577811132292
sulu,0.95,925,-30.248413893515902,-73.42388414227517,-55.58073510120455
sulu,0.95,926,-26.008307088108154,-72.59749708014209,-55.16628908244739
sulu,0.95,927,-25.676086550223744,-70.47657021574078,-53.14870172428922
sulu,0.95,928,-29.875361466784824,-71.08114439915612,-53.86891913748073
sulu,0.95,929,-37.556132851959205,-73.72080260961046,-53.89105674058456
sulu,0.95,930,-39.229231908971855,-75.46018663781007,-54.7784600181279
sulu,0.95,931,-45.83099666494235,-72.06877564093364,-51.3480996075578
sulu,0.95,932,-37.5836850886719,-74.91667062844114,-55.65468772597481
sulu,0.95,933,-24.71434509006704,-71.42679248179142,-53.249785389389416
sulu,0.95,934,-31.199392145137693,-73.10747673252908,-53.58615830985749
sulu,0.95,935,-39.67605505902745,-72.57626115085296,-53.09823938644428
sulu,0.95,936,-34.00897564054881,-73.20729940241179,-53.5798141466132
sulu,0.95,937,-33.40581681945045,-71.96446770452205,-52.04796405598101
sulu,0.95,938,-37.97986580249278,-71.0217940834334,-52.02455043209565
sulu,0.95,939,-38.744180574153575,-72.43652643666204,-53.270433092422266
sulu,0.95,940,-36.9144995956967,-71.7920710232062,-53.749987504891564
sulu,0.95,941,-44.668509722330896,-70.59793099450518,-50.88652877000613
sulu,0.95,942,-42.14655823161473,-70.87198488426213,-51.11038338833805
sulu,0.95,943,-31.14874368733146,-70.76148831983492,-53.35134251250227
sulu,0.95,944,-38.17510612809832,-73.05818647529958,-54.54236468955146
sulu,0.95,945,-43.77473649157625,-73.83319078875591,-53.57398608742992
sulu,0.95,946,-42.52200070819464,-75.351059452381,-53.87205091133542
sulu,0.95,947,-31.852654013897904,-68.1111559831123,-48.963447242535025
sulu,0.95,948,-39.05568874753138,-72.12353712729286,-51.939972201155676
sulu,0.95,949,-40.5778643223706,-72.75974486200649,-54.13932665601809
sulu,0.95,950,-28.367940447620953,-68.9751279584896,-51.1747822555906
sulu,0.95,951,-32.32313340191868,-68.18764931480659,-50.68833951078656
sulu,0.95,952,-45.81082853390572,-73.53081506214265,-53.54119631688253
sulu,0.95,953,-38.583564118482855,-75.30823986713966,-54.485600071309705
sulu,0.95,954,-33.86931237845542,-75.03179784031248,-55.00986829668227
sulu,0.95,955,-41.48203052389877,-73.1949676360605,-53.22509944190384
sulu,0.95,956,-39.47464038555802,-73.9861181806022,-52.916014406110925
sulu,0.95,957,-36.0790294904435,-70.77977888253146,-52.76256544040957
sulu,0.95,958,-40.666143005175854,-75.11558333855805,-54.323556953741736
sulu,0.95,959,-35.81669507906969,-69.69343467271409,-51.33372863914177
sulu,0.95,960,-46.51678278382991,-72.94217775244445,-52.36984365032799
sulu,0.95,961,-36.96723459200595,-72.19079503335678,-53.97144462702798
sulu,0.95,962,-37.296184697136084,-74.03148456223678,-54.781897552525365
sulu,0.95,963,-36.468886105600745,-72.60000327062247,-53.500063189846855
sulu,0.95,964,-45.03040253175294,-73.4431347275595,-53.933305173255114
sulu,0.95,965,-26.026354424868515,-74.22340476143145,-54.6517626836184
sulu,0.95,966,-40.011364151536895,-70.51758574702433,-53.111026317360896
sulu,0.95,967,-44.576120740273325,-73.96994299716823,-54.61569792445076
sulu,0.95,968,-32.32678806188429,-72.16247881975082,-53.40895488899872
sulu,0.95,969,-24.95206958869045,-72.27089276900386,-53.989266169652026
sulu,0.95,970,-33.55568039498027,-73.39689008729516,-52.75366571806651
sulu,0.95,971,-36.241826370524024,-70.8454030526164,-52.78416494855405
sulu,0.95,972,-32.75526528708184,-74.27544372927296,-53.75048317578242
sulu,0.95,973,-32.175860872968855,-74.04826828581125,-53.33995776519336
sulu,0.95,974,-43.17742483934239,-73.56396107284176,-52.28040262438026
sulu,0.95,975,-36.9567586998443,-68.3746177907748,-51.04283059199431
sulu,0.95,976,-39.36499171322953,-74.30858158296284,-55.08855525586839
sulu,0.95,977,-31.277961839600067,-73.44714696337681,-54.5727952091003
sulu,0.95,978,-34.10744092964919,-71.23069542971156,-53.34341512517425
sulu,0.95,979,-20.836582157836574,-68.65659924569907,-52.45009551974866
sulu,0.95,980,-35.17179121718445,-75.07394142702516,-56.40604054801112
sulu,0.95,981,-33.26095294068426,-71.68054886841293,-53.837228906321954
sulu,0.95,982,-46.96453166632051,-75.46952353999762,-56.17423959627687
sulu,0.95,983,-29.892190000044906,-70.11720009419611,-51.824103073782766
sulu,0.95,984,-43.861161319222674,-75.94067033511041,-56.13067711469859
sulu,0.95,985,-42.126111315803314,-76.604599266322,-56.890040960594945
sulu,0.95,986,-41.41894835775631,-75.39456733970955,-54.688321083769715
sulu,0.95,987,-27.915484380563953,-72.31959283901003,-54.30934519957207
sulu,0.95,988,-34.0391948717789,-70.37561815507247,-51.83118226479872
sulu,0.95,989,-39.27322263976316,-73.21740403403753,-53.22413674981782
sulu,0.95,990,-53.15314830670144,-78.26443928102748,-56.727869316816125
sulu,0.95,991,-32.593039730029034,-69.36870191200624,-51.266909365494094
sulu,0.95,992,-23.584997742946257,-70.83529225356936,-53.65038077286335
sulu,0.95,993,-37.95004573909182,-71.95005139616018,-52.064036845717084
sulu,0.95,994,-40.65458284899873,-73.3748784606254,-53.90979227780065
sulu,0.95,995,-17.16918076933476,-70.09332174514392,-53.72284084361026
sulu,0.95,996,-38.08972602548707,-75.53373128464433,-55.92260263090036
sulu,0.95,997,-38.31374329403019,-74.64033419937965,-54.728671268003914
sulu,0.95,998,-34.30977335279013,-70.12686200797569,-50.90888088145991
sulu,0.95,999,-50.48915597746674,-72.39867665521629,-53.38290978366449
sulu,0.95,1000,-38.05430080498522,-72.42325386290341,-53.244697926639674
