sea,target_coverage,bootstrap,q0,q1,q2
bohol,0.95,1,-1.5344994647180101,-3.9142284185443827,-3.9761384584872985
bohol,0.95,2,-4.207137138268763,-0.6531877902116605,-1.6197789186684801
bohol,0.95,3,-11.475169280188084,-6.506175023241525,-7.10281872342896
bohol,0.95,4,13.109132478007666,-2.041370069697507,-4.074613162032108
bohol,0.95,5,-11.9725059392091,-9.480054504871205,-8.111446454361904
bohol,0.95,6,0.17725548742407682,-6.786803934895133,-7.061226896485593
bohol,0.95,7,-14.568457322254176,-7.057337660684283,-6.406701934407806
bohol,0.95,8,-0.8907758779953951,-10.140439455290974,-8.284864827621504
bohol,0.95,9,3.6083082241547686,-0.12901453811613806,-3.2257613626367743
bohol,0.95,10,-1.3695983920449635,-7.099212471658674,-6.733300228947812
bohol,0.95,11,-21.388231812467893,-8.855200865006168,-7.086630422466463
bohol,0.95,12,-4.536576461413915,-2.0675939305455557,-3.2294702973485556
bohol,0.95,13,-13.386416827351638,-3.4118062989472975,-2.3736759883832974
bohol,0.95,14,-1.3606333164629518,-2.9342283306329904,-4.248396713594012
bohol,0.95,15,3.4554757345809435,-4.068596743536432,-5.499195868586881
bohol,0.95,16,1.2903336967168002,-2.4773912714436648,-3.2602883410332524
bohol,0.95,17,-3.873903169542359,-9.654547518640385,-8.89559464337291
bohol,0.95,18,-6.728243194977836,-6.466443881220897,-7.698452297494811
bohol,0.95,19,-11.554042746748678,-7.94139160230921,-5.982968872687614
bohol,0.95,20,-0.4222142488730469,-0.1076143782444774,-1.3992120586958379
bohol,0.95,21,-3.9873651141146524,-7.089897406817329,-6.492632577736515
bohol,0.95,22,-8.662035268955947,-4.554978978290123,-6.546877497341015
bohol,0.95,23,-16.41786949922772,-4.9113817911500774,-4.31030526392005
bohol,0.95,24,-11.977176406914054,-3.6004412265106254,-3.061593935674395
bohol,0.95,25,-7.129679419848969,-10.92117502630063,-8.767813131203802
bohol,0.95,26,-9.071981300257278,-6.408376237368657,-4.2352109709955315
bohol,0.95,27,-8.736734070531156,-3.54022884494276,-5.46140502520813
bohol,0.95,28,-11.078863252502629,-8.993133396749286,-6.311794158539804
bohol,0.95,29,-12.798548689756558,-9.463518017237263,-9.58270289223379
bohol,0.95,30,-14.995336618402973,-8.677659519028154,-8.405657339386003
bohol,0.95,31,-5.461756011668399,-3.487759101407107,-3.5117852334036925
bohol,0.95,32,-13.201294511306571,-13.770806632012636,-9.961760009793174
bohol,0.95,33,-11.643544817564873,-5.7311432407033465,-6.452658457712367
bohol,0.95,34,8.314314737128882,-1.4667249739803765,-3.0545194959904194
bohol,0.95,35,-5.002457443834373,-8.564152322082265,-6.987293460191339
bohol,0.95,36,-24.241047875993956,-8.65032282510137,-7.9614979657336775
bohol,0.95,37,0.32552422287966465,-6.471743109364596,-6.746457889197799
bohol,0.95,38,-17.61269309688322,-9.066112661062434,-5.39905966506727
bohol,0.95,39,3.4133413085245365,-3.0707746707323906,-5.813208889726496
bohol,0.95,40,2.858151793434331,-2.0641131881916976,-4.5123227367292245
bohol,0.95,41,-12.746756075105282,-8.825903941050711,-8.74608896814879
bohol,0.95,42,-3.184845376815133,-6.227356445512029,-6.929192403406532
bohol,0.95,43,-1.4805464135961302,-7.313213984376375,-6.453464812788617
bohol,0.95,44,-2.211367116475458,-5.228118411858418,-3.5925189416574312
bohol,0.95,45,2.8118640052971955,-4.202049974189094,-5.049667115093072
bohol,0.95,46,-10.180227928328236,-4.3295280191660055,-5.00960762222374
bohol,0.95,47,-0.4312838604757303,-5.72491648473752,-7.370417464241434
bohol,0.95,48,8.295189154197203,-3.7151501475531887,-7.168193565496296
bohol,0.95,49,-7.881181880865938,-5.852234406438811,-3.528842067701042
bohol,0.95,50,-10.773744145595117,-11.60376118490494,-8.794716830019354
bohol,0.95,51,-3.613077550999037,-8.218167778248485,-8.078633457113504
bohol,0.95,52,-23.64961301426024,-10.791441389399608,-6.637260734499421
bohol,0.95,53,0.8222114022312894,-0.4343251815582363,-1.3675146502429314
bohol,0.95,54,-25.054078730661786,-11.048122438561279,-6.310732310865731
bohol,0.95,55,5.6006037953430905,-8.710258036497677,-9.531109718080657
bohol,0.95,56,-26.211123241720486,-12.504516924537072,-8.734489828460745
bohol,0.95,57,-20.602519165546425,-9.46282703532026,-6.536017502883382
bohol,0.95,58,-10.163211431207571,-2.5123992449252768,-3.4534569366507313
bohol,0.95,59,-22.640902772023537,-4.155189944623828,-3.4340719599672056
bohol,0.95,60,-4.789363016942332,-5.839450620507279,-6.5838890457933985
bohol,0.95,61,-6.239100497963932,-1.4823591870332251,-5.420433307423771
bohol,0.95,62,5.193795657383248,2.9631760298985483,-0.05953963712620691
bohol,0.95,63,5.246303593382493,-2.4468989646238555,-5.6063661712249555
bohol,0.95,64,8.500192694432144,-1.4588678823086099,-5.819018498534476
bohol,0.95,65,-19.623327649850978,-11.445336654582178,-6.8530142823869085
bohol,0.95,66,-7.019252142290043,-2.874325602647744,-0.49619583820962276
bohol,0.95,67,-14.49457202434553,-8.223827599524341,-6.285093162546261
bohol,0.95,68,0.42341697002410683,-2.5620149777659122,-3.813673327553076
bohol,0.95,69,-7.881751289041119,-4.4988954346213745,-3.435062401717815
bohol,0.95,70,-25.28780866560038,-9.601501558509625,-5.117790485113339
bohol,0.95,71,14.675074180296576,-0.660324932804798,-4.36264224518861
bohol,0.95,72,-22.899908929765388,-8.568764938157017,-5.532333888455845
bohol,0.95,73,-7.896142377816204,-8.492022648612746,-8.4843238904514
bohol,0.95,74,-12.027899468981502,-11.3398868512202,-11.73257891881142
bohol,0.95,75,1.4126416119040641,0.5850634970877593,-3.0003141703467335
bohol,0.95,76,5.374207244866682,-2.4302964671589393,-5.875519661320965
bohol,0.95,77,1.9640124646957702,-1.9402072464196323,-4.240333573766279
bohol,0.95,78,-3.692285394795249,-9.211727114697027,-10.998222895411786
bohol,0.95,79,-16.27206626017039,-4.785348160647729,-2.8653616031725946
bohol,0.95,80,9.12177188802616,-8.934267785741483,-7.5497328245875295
bohol,0.95,81,-21.032100908710902,-10.254130150188757,-7.893212393418615
bohol,0.95,82,-3.018861629754042,-4.019288198031816,-4.4139868749504885
bohol,0.95,83,-5.557633928698976,-5.747820359229252,-4.957736203588468
bohol,0.95,84,-0.7282141432685876,-0.4696256992098,-4.5215456870768875
bohol,0.95,85,-18.352080439528436,-6.767252355937842,-5.8615056448142795
bohol,0.95,86,-26.852551112487845,-13.7150432388503,-10.074836718513296
bohol,0.95,87,-0.45043003887440136,-7.882138852877702,-8.505156361264227
bohol,0.95,88,-18.908265334649627,-13.329336891475734,-9.733307625020132
bohol,0.95,89,-20.805185546622454,-11.973687363722405,-7.456637429499793
bohol,0.95,90,-10.030219211456085,-4.7022723079286095,-4.75134028373742
bohol,0.95,91,7.176233165165115,-6.488716139494386,-5.201061586373648
bohol,0.95,92,-9.805860389683744,-4.323980464004478,-5.232760426827987
bohol,0.95,93,-8.670415378722225,-7.253603757262326,-5.780355679798134
bohol,0.95,94,-1.5163046928114454,-6.7633540710594815,-7.78443962325548
bohol,0.95,95,-3.2387218118303736,-7.524972731561149,-7.601572834083086
bohol,0.95,96,-9.510851436427743,-7.138306233516829,-5.906678145341402
bohol,0.95,97,-3.4991901270600465,-5.003098675048477,-6.464545753656594
bohol,0.95,98,4.21990049295772,-3.2367042976201503,-6.9581255507063275
bohol,0.95,99,-3.535900523331577,-4.73684183687287,-5.187866001493582
bohol,0.95,100,-12.150984837160877,-12.546936289320954,-12.8673905567965
bohol,0.95,101,9.706239047617885,-3.887920985914164,-5.704992393987645
bohol,0.95,102,-31.26258154408407,-11.567554763599091,-7.162977759778194
bohol,0.95,103,-13.923927914284207,-7.1446798609355255,-5.408744371770865
bohol,0.95,104,-14.773864749028064,-15.380253708030196,-11.029026862570127
bohol,0.95,105,2.9074687316414725,-7.083531199620651,-8.52070650406501
bohol,0.95,106,-5.3229833973004475,2.414076469101417,-1.3391574852571821
bohol,0.95,107,-9.509534007623017,-7.730434769206369,-6.370407645761972
bohol,0.95,108,1.1319056393455185,-4.18249672727454,-5.301704043111933
bohol,0.95,109,-5.477718807095243,-5.133376356379628,-4.999642556105748
bohol,0.95,110,-4.3569131586411345,-6.131276143128559,-5.638232076919408
bohol,0.95,111,-0.37796454899211085,-5.244991809020448,-7.999913859846167
bohol,0.95,112,5.630924892139433,-6.447617917423315,-7.6629784498286
bohol,0.95,113,-5.551259572895503,-7.311875447660981,-9.057547673909667
bohol,0.95,114,-9.219015607193626,-3.6819710888517108,-5.285308469782294
bohol,0.95,115,6.065019720951398,-1.951983877407386,-6.191499558849706
bohol,0.95,116,-18.218482858583457,-6.580411340993095,-3.9996225148168776
bohol,0.95,117,-11.247896604085383,-11.023861246042486,-9.094778921942563
bohol,0.95,118,5.6541088322815085,-2.6358377016610177,-2.5412539258613975
bohol,0.95,119,-10.380074827381236,0.3230511938452594,-0.8966874487667411
bohol,0.95,120,-5.387743875755291,-10.647208356384454,-9.678692093303752
bohol,0.95,121,-5.774714934900544,-8.081596467886584,-6.401831604714886
bohol,0.95,122,-3.622113780206405,-0.07827483859684037,-0.978811178175178
bohol,0.95,123,-1.1451804835451753,-3.0340995760150093,-5.946902812917109
bohol,0.95,124,-28.086028456470217,-8.84932671803135,-4.808844606899626
bohol,0.95,125,3.419616959357711,-2.7164103525011143,-3.4880722069533476
bohol,0.95,126,0.14365193522388608,-7.1163713557632775,-6.868686925967218
bohol,0.95,127,-7.338651517134849,-4.942249785875816,-4.094577027888448
bohol,0.95,128,-12.159310958129538,-8.867241458182235,-6.8502993088914295
bohol,0.95,129,-16.23411130967446,-7.891132062644317,-6.728505256847754
bohol,0.95,130,-4.362224627580986,-9.378954796468435,-7.578770630698607
bohol,0.95,131,-7.24326650952645,-10.486410577160697,-8.016364701435016
bohol,0.95,132,-7.296340199721669,-4.980096534035155,-4.566568126155332
bohol,0.95,133,-12.989328346539708,-11.978284695165954,-11.625285942714513
bohol,0.95,134,-17.379257271907647,-6.350816277926896,-6.654441376509823
bohol,0.95,135,-15.604235371891775,-5.779301064941208,-3.381502530281331
bohol,0.95,136,0.5740597903022717,-9.133549561884294,-9.227846736414008
bohol,0.95,137,-20.598960370150962,-13.259810597574855,-8.97669197453314
bohol,0.95,138,-12.104482349132127,-3.487797012034491,-4.270835177593305
bohol,0.95,139,-0.25576737244097103,-7.694765606851007,-9.153411312103671
bohol,0.95,140,-3.1903377202995102,-4.177536922371274,-6.726464355055178
bohol,0.95,141,15.668473393946442,0.13734046073693662,-4.475255019543695
bohol,0.95,142,-19.951557261314292,-11.034360693951612,-7.603836959816327
bohol,0.95,143,-0.23265823771026817,-5.983812285363726,-6.992237595502196
bohol,0.95,144,-13.186810858687295,-11.406691260698949,-9.135520641047925
bohol,0.95,145,-14.123289003078526,-6.872442446802353,-7.203168466720314
bohol,0.95,146,-13.650147391112228,-7.222172077701828,-6.357351827359757
bohol,0.95,147,-13.7870834868894,-4.656143347783285,-4.527781805034458
bohol,0.95,148,-12.11654386570524,-5.096265892333008,-3.2432550310441286
bohol,0.95,149,-15.992199942604884,-11.844319157512189,-8.1721821249143
bohol,0.95,150,4.193602748825981,-4.679250300230379,-6.665213720441379
bohol,0.95,151,5.4016305807505205,-5.830736288361521,-7.136020864001445
bohol,0.95,152,-2.8487660192612907,-4.284538574265369,-2.3697725954208835
bohol,0.95,153,-21.238528800071776,-7.445321974779986,-5.438123736899335
bohol,0.95,154,-16.919310603444274,-6.070424905431025,-7.008365144591302
bohol,0.95,155,7.386581727443627,0.48615132926595095,-1.3873352641596526
bohol,0.95,156,-8.720462111633765,-5.489615327713906,-6.1833032302614015
bohol,0.95,157,-10.657129669649862,1.9237864313972182,-0.18026996894872127
bohol,0.95,158,-14.441937272584994,-4.350353275455944,-4.169590998233758
bohol,0.95,159,-4.63058720499339,-6.65629704529286,-6.705982199767391
bohol,0.95,160,-7.275752316987962,-6.76033733606846,-7.534765223874125
bohol,0.95,161,-11.820519919613389,-9.083404160486253,-5.785215824892667
bohol,0.95,162,-3.436143448772725,-2.695796738889314,-3.3991149977943707
bohol,0.95,163,-6.70959547848463,-8.071309739263455,-8.442145575780827
bohol,0.95,164,-10.12217481183552,-7.66680908987091,-8.44839825432522
bohol,0.95,165,-6.620474626784926,-10.340424186581089,-9.831853032729093
bohol,0.95,166,-11.97146071445735,-2.9019418059913846,-3.1455002943973085
bohol,0.95,167,10.354268456133696,-0.41654232146218817,-4.857966567419901
bohol,0.95,168,-5.015503230206946,-2.949158724563361,-1.8657115692620394
bohol,0.95,169,-6.311758386509496,-10.293357003311712,-8.962116472590488
bohol,0.95,170,-11.909082821177378,-5.331894563683377,-5.652586587454714
bohol,0.95,171,2.1618520773376986,-5.392801230245183,-7.656314734659894
bohol,0.95,172,-2.109876548810746,-5.302548757740055,-6.267564331604284
bohol,0.95,173,-6.757465525575753,-3.5312577097914186,-2.852972979570346
bohol,0.95,174,0.9645821937679102,-4.252668126361684,-7.841690583735613
bohol,0.95,175,-11.892784696896115,-11.582611485822824,-10.19064969403567
bohol,0.95,176,5.373279561219306,-6.65051918844334,-9.363604768905702
bohol,0.95,177,4.648683397802017,-3.72158751992157,-3.9554357469777344
bohol,0.95,178,-5.476371937481645,-7.541852839052368,-7.065930070213696
bohol,0.95,179,-11.458130864431723,-7.269330682970619,-6.072337676015202
bohol,0.95,180,-1.645154652496558,-3.9632345808173852,-5.535290454346708
bohol,0.95,181,4.336617833606454,-0.25754571354254097,-1.4249028897323228
bohol,0.95,182,1.0807593546657586,-5.570693612272308,-7.999847437955253
bohol,0.95,183,-9.227621646391867,-4.7180148829138915,-5.312867049421563
bohol,0.95,184,4.014200100143512,2.4041153625512095,-2.297253451244707
bohol,0.95,185,-25.70824680074037,-7.373474225019365,-6.854500056440145
bohol,0.95,186,-15.184606106251977,-4.795955114422426,-3.992815172215302
bohol,0.95,187,-10.496856818316246,-12.586294829966363,-10.28552431887826
bohol,0.95,188,-4.104825977990629,-10.410985101226956,-8.960694753545845
bohol,0.95,189,2.650045312195118,-2.671089325569568,-2.6980785085204744
bohol,0.95,190,-10.596375599448152,-6.495081100535586,-5.1584498001057995
bohol,0.95,191,-5.301604091303318,-4.41585503369393,-6.446974749203889
bohol,0.95,192,-6.253325627307277,-2.898358450836639,-3.33629382295355
bohol,0.95,193,2.3137287089731444,-3.1390309602666946,-4.202233192614457
bohol,0.95,194,-13.707132364246434,-7.884449178164715,-7.642074288830081
bohol,0.95,195,-8.13993854181416,-5.940759016421097,-4.8584065229132705
bohol,0.95,196,-5.4581891548283465,-7.630505729219564,-6.857372619475335
bohol,0.95,197,-27.46012540478165,-13.60143895742199,-9.65713902670879
bohol,0.95,198,-2.2782073126853675,-3.0660919580739403,-3.4316128482463952
bohol,0.95,199,-13.232858721363016,-7.745873971952022,-4.2945096863903345
bohol,0.95,200,3.5900843646995213,-0.3189705181042939,-5.094534697645969
bohol,0.95,201,-2.872882072766913,-3.7761361167888907,-3.8775156516663642
bohol,0.95,202,-4.128318998144266,-3.2837549485410022,-6.583655496948481
bohol,0.95,203,-9.734948082558162,-5.71655576203878,-5.1284012882643
bohol,0.95,204,-10.574358118925488,-11.394036551169151,-6.889337465265733
bohol,0.95,205,0.8308566859690245,-6.497538515948179,-8.523824904457229
bohol,0.95,206,6.17044069999929,2.894091368041444,-2.5018560620955412
bohol,0.95,207,-15.928989686763998,-6.813718248033979,-5.8640204111500935
bohol,0.95,208,-6.79848997194955,-10.18207338364816,-7.285735316188536
bohol,0.95,209,9.975972272111164,-6.183860249150641,-7.405527660409511
bohol,0.95,210,-8.8226592003424,-6.58653716728935,-4.584542647756294
bohol,0.95,211,-0.8317967768370522,-10.166237999683588,-10.181161823670791
bohol,0.95,212,1.2933166755044567,-2.9838901558016744,-5.095136010718086
bohol,0.95,213,-0.4187895601031073,-6.8670875537073925,-9.437135212417267
bohol,0.95,214,-15.0272787899371,-11.179847834919215,-8.759049626487702
bohol,0.95,215,-25.050974879109106,-9.566422749492602,-6.787366156279354
bohol,0.95,216,-12.361310548385632,-10.260400352863954,-7.498856433532033
bohol,0.95,217,-14.543240971591672,-5.475568211492643,-4.5511257150917785
bohol,0.95,218,-8.387633614504864,-7.03270213944171,-4.6918983268129395
bohol,0.95,219,5.338839277851321,-3.2374574902430737,-4.501526160158264
bohol,0.95,220,5.709827165711943,-0.8177869403108389,-2.6648514574254847
bohol,0.95,221,-11.11169477061867,-8.943878282219657,-7.280052356592449
bohol,0.95,222,9.11023860144553,-2.6429018874823385,-4.109229974117568
bohol,0.95,223,-3.748256206695885,-3.3929523258059078,-6.450474803795096
bohol,0.95,224,-5.221597264642355,-7.533588203717315,-5.93311772592628
bohol,0.95,225,4.255878205242482,-2.8420241399481085,-4.793157708277349
bohol,0.95,226,-20.139577520582407,-5.125650326305802,-4.264549687863479
bohol,0.95,227,-17.803339987803724,-9.478476091961966,-7.483489184796376
bohol,0.95,228,-16.86874830410926,-5.959271041649572,-4.6489106138029825
bohol,0.95,229,-9.840497415155028,-1.6269001000066794,-2.2104023383475706
bohol,0.95,230,-0.8435903645149665,-4.598316605985616,-5.5082240494771995
bohol,0.95,231,-12.529670911537437,-5.620538127099039,-4.25363157412712
bohol,0.95,232,5.233869077453505,0.5087789659760347,-1.6821733126853928
bohol,0.95,233,-7.277420975095765,-4.092443053742926,-5.092629246209178
bohol,0.95,234,-16.97847237867569,-9.0852395005776,-8.167660537707228
bohol,0.95,235,-19.559888370923147,-5.708719987340487,-4.318762445079074
bohol,0.95,236,0.9724934712402273,-1.6440204639698663,-4.159658574393305
bohol,0.95,237,-7.736828514914862,-5.452774375568453,-4.555220085954026
bohol,0.95,238,-15.157607470190896,-9.073612337182965,-7.172550757701522
bohol,0.95,239,-21.432194651958014,-6.660658369880409,-5.123620239591325
bohol,0.95,240,1.4016791676602338,1.4755518347723893,0.8198236332906177
bohol,0.95,241,-19.787298621953653,-12.951874966457808,-9.707931751170776
bohol,0.95,242,-12.17151663123002,-5.34889442878773,-2.556354496019324
bohol,0.95,243,-12.35521936309624,-3.549656971009142,-2.359794993018255
bohol,0.95,244,-16.302771232197472,-4.799260050778372,-4.578099805721571
bohol,0.95,245,-0.4516235423978969,-9.690132278575078,-11.04099319353059
bohol,0.95,246,5.357475267640893,-2.1695210474097735,-4.7063037534284575
bohol,0.95,247,-11.844778202141754,-5.472730102534328,-2.5722659140423687
bohol,0.95,248,-35.139874414023495,-11.048145692804326,-7.816776538306087
bohol,0.95,249,-5.4278036612508345,-3.5319341113079332,-4.886671333637878
bohol,0.95,250,3.3002805446524235,1.4523436561164544,-0.1954434237233187
bohol,0.95,251,-6.243137487355057,0.3183753745672533,0.9171222789277707
bohol,0.95,252,-12.374263604160205,-5.722353384801281,-5.534685904210114
bohol,0.95,253,-19.378501450211388,-6.56724800042393,-3.967224676239475
bohol,0.95,254,-1.2556381871907547,-2.82802435731395,-4.05764866440326
bohol,0.95,255,-15.307243833687949,-9.579935639966934,-7.435289725125941
bohol,0.95,256,-23.852492077882516,-7.175664129854582,-4.0087933262012
bohol,0.95,257,5.954819651548917,-6.586193585380357,-7.956668933941117
bohol,0.95,258,2.826765541845589,-1.842500286194138,-3.167145411840174
bohol,0.95,259,-11.875802432866408,-6.770100311911207,-6.641887614516953
bohol,0.95,260,-4.458889225660812,-2.7697081511319652,-5.0830838868771835
bohol,0.95,261,8.136770830935632,-6.556089766835598,-8.796357368386992
bohol,0.95,262,-10.518834855213584,-4.37077560354345,-5.536944468665361
bohol,0.95,263,-13.624382561615278,-2.7727968477691434,-1.5514971762819627
bohol,0.95,264,-10.728596409474392,-7.9816012023602525,-5.589956407274563
bohol,0.95,265,-19.240235530934797,-5.885731170036465,-4.146564555354438
bohol,0.95,266,-26.683296507400087,-9.964854410289377,-5.531198301690004
bohol,0.95,267,-7.00943073542112,-5.4051609411277894,-6.428845709770833
bohol,0.95,268,-9.259980235610328,-8.025833009111835,-8.289685144727784
bohol,0.95,269,3.7587223794104716,0.5558125840451993,-2.316920889512275
bohol,0.95,270,-8.579437790209681,-10.536036576285838,-9.070847364655364
bohol,0.95,271,-2.9663125231403455,-4.317510736483882,-5.0839251170485795
bohol,0.95,272,-12.47611560904653,-8.841019740502048,-5.665457139692322
bohol,0.95,273,-10.513024818480687,-5.061420196441276,-5.414521875947834
bohol,0.95,274,8.142037210625915,-2.7965640527273905,-5.167149329219463
bohol,0.95,275,-13.223825864460593,-6.8130671118603345,-5.386306485190033
bohol,0.95,276,4.546800582276035,0.07214679671682234,-2.360248371553361
bohol,0.95,277,0.30475273180695694,-2.0710113817600018,-2.611577236055467
bohol,0.95,278,-12.446060400265935,-4.086489769663686,-5.182099822647899
bohol,0.95,279,-9.124838116219564,-7.20768474857212,-4.369991832005809
bohol,0.95,280,3.22841448274977,-2.659644697557056,-6.4649164564474475
bohol,0.95,281,7.270328601290203,0.5695793869153363,-1.4835199625672573
bohol,0.95,282,-8.397523705217793,-9.297056524550015,-8.13619180863816
bohol,0.95,283,4.893146456854083,-8.405631362421289,-8.448422955409008
bohol,0.95,284,9.902158858239261,-0.0918023089533051,-1.6919638224860947
bohol,0.95,285,-3.671910611317685,-6.4085145456289325,-6.874090257672492
bohol,0.95,286,5.626920143681389,-6.7936965112648124,-7.191188621413488
bohol,0.95,287,-10.705100207915223,-6.958638430812741,-6.318993690510204
bohol,0.95,288,-2.7944333625246713,-11.64226251107388,-9.91773604864541
bohol,0.95,289,-11.437365982329936,-8.486145536528525,-7.4436595747952055
bohol,0.95,290,-13.414591904052486,-8.116640073438262,-8.641358144084109
bohol,0.95,291,28.67557350982935,0.12067615621069194,-7.040815714354565
bohol,0.95,292,-6.648465903297506,-1.5861205367101547,-4.446170421613523
bohol,0.95,293,-27.39647713569832,-8.121433197457009,-3.8756788185247686
bohol,0.95,294,-10.334989784503591,-3.4620780634393498,-3.242766371222139
bohol,0.95,295,-7.209933796278733,-2.4297195958040447,-3.347182609812812
bohol,0.95,296,-11.476693545742933,-7.699863414809343,-4.6431973987305355
bohol,0.95,297,-7.871955123012242,-5.920344434615345,-6.1810762431701605
bohol,0.95,298,-0.35238655210156367,-4.5085697994190355,-3.201067585971984
bohol,0.95,299,-12.493313680248775,-6.282429133351258,-6.507848074681455
bohol,0.95,300,-0.0013648478222876292,-2.8073933460968874,-4.334183206461553
bohol,0.95,301,-7.2513712793382865,-7.48239462041245,-6.255163030840919
bohol,0.95,302,11.25398800734223,0.3909001367119913,-3.6467546523469636
bohol,0.95,303,-7.098426677998589,-4.358577319875792,-2.959190477559318
bohol,0.95,304,-12.471071661000963,-3.0051653858457286,-3.6300087499565237
bohol,0.95,305,-22.735741517405415,-7.8776951493206155,-5.063125767241175
bohol,0.95,306,-9.404860549474336,-5.527231417774928,-4.715232895521062
bohol,0.95,307,-13.269041631102652,-10.882937898120986,-7.549224937696799
bohol,0.95,308,-0.225444133823828,-2.6731540142648953,-4.64812765240471
bohol,0.95,309,-8.50078109089668,-10.555546359100688,-8.911636666255092
bohol,0.95,310,-5.218633577814671,-6.357774755343726,-6.509971318406784
bohol,0.95,311,-18.736748887042097,-8.724865901193013,-4.1715509604902294
bohol,0.95,312,-13.157176738468877,-9.84883532900568,-7.4234412799659495
bohol,0.95,313,4.813433170726341,-6.220644102418788,-7.649903834083858
bohol,0.95,314,-11.651904503511503,-8.412821745412202,-6.303017168937963
bohol,0.95,315,0.847681213118733,-6.374720966553653,-8.04982553577107
bohol,0.95,316,-17.21350807658257,-7.247657283853954,-4.914556916458125
bohol,0.95,317,-3.8892874653179206,-1.9138035482609723,-2.6093857560997407
bohol,0.95,318,-13.339660383536398,-5.566001261216641,-6.52423641832786
bohol,0.95,319,2.462099720812205,-2.2540922024570165,-5.172788761712191
bohol,0.95,320,-1.5582113624808471,0.9279928219685161,1.3506450742348903
bohol,0.95,321,-19.86277963180504,-9.80050195353661,-7.545896427157132
bohol,0.95,322,-17.444756380883234,-2.2246487617787523,-3.321021612549373
bohol,0.95,323,-3.5808209925953634,-4.174262905661777,-3.8013655907688957
bohol,0.95,324,-9.779391028757857,-3.7288514065481877,-4.292296861753428
bohol,0.95,325,13.559045506823907,-6.1635511163029975,-7.082049458336151
bohol,0.95,326,-25.664496606486637,-15.116471122931102,-11.230963712828256
bohol,0.95,327,-26.243128174995377,-10.258824199804451,-8.341179365093744
bohol,0.95,328,-2.277980742873922,-2.2295599260014285,-4.2117616456657245
bohol,0.95,329,-15.701889002641565,-6.4867313322160385,-6.140797689695404
bohol,0.95,330,-11.01247593800008,-6.6435094517956514,-7.994655350923587
bohol,0.95,331,-6.516442398869003,-5.719795421302123,-5.293636170992244
bohol,0.95,332,-3.0315511847910557,-1.4310812207756385,-5.419531497589432
bohol,0.95,333,-13.931654427374951,-6.135954492695959,-5.065334389550706
bohol,0.95,334,-12.043690440927662,-6.243644023600567,-4.861327799583577
bohol,0.95,335,-11.00272391543217,-5.833133956477013,-5.163941008528205
bohol,0.95,336,-1.7458081342822993,-3.6704240228956877,-4.444483247044182
bohol,0.95,337,-12.375636901699295,-6.6953128572372975,-3.453188171693867
bohol,0.95,338,-12.524970277086084,-8.482192515686364,-8.600018266266979
bohol,0.95,339,-21.25489728984485,-8.656968264534314,-3.4563791801086694
bohol,0.95,340,-14.406885548832008,-5.894067696713051,-3.3454512240226606
bohol,0.95,341,-6.606783161010412,-4.416230203557106,-4.281375169853455
bohol,0.95,342,3.0077679536536834,-8.864021272968188,-10.344583930615656
bohol,0.95,343,-12.431208693090298,-3.581173864795332,-5.55140741093345
bohol,0.95,344,-4.356799078370216,-7.6616533647043354,-5.5999842653702885
bohol,0.95,345,8.031007142609553,-4.4295780371597715,-6.101826034665507
bohol,0.95,346,-10.969741740752966,-9.515288656307774,-6.903671856386303
bohol,0.95,347,0.24233183224936283,-6.8624926855886486,-5.436628379962372
bohol,0.95,348,-29.875988863792543,-13.600751413201152,-8.84192704948822
bohol,0.95,349,-18.55419929125111,-9.675663342580833,-7.3193050731643226
bohol,0.95,350,-6.210752506489939,-6.460617052392223,-8.495612746298143
bohol,0.95,351,-14.590812686551885,-12.248642919693623,-9.366458093354716
bohol,0.95,352,-10.08148543899705,-1.7742346388886432,-0.34923813080656885
bohol,0.95,353,-9.75872569531299,-0.7911738479772055,0.06699522395841484
bohol,0.95,354,-9.204722023294778,-3.9970124136375063,-4.211597795840923
bohol,0.95,355,-18.412423314318573,-7.807484599931399,-5.4834021394562384
bohol,0.95,356,-4.719847892093185,-7.428085134644448,-7.481957596747208
bohol,0.95,357,-30.208229082383752,-11.944329277910356,-7.6695452504947355
bohol,0.95,358,-19.766663309791625,-5.786569609991403,-3.5594032603771453
bohol,0.95,359,-18.072322278573836,-9.224719802811464,-6.689909413147902
bohol,0.95,360,-4.941401395225284,-8.146361892628804,-5.642964695994522
bohol,0.95,361,3.802620876713604,0.9335532612310828,-1.331023201092421
bohol,0.95,362,8.647628776595866,-1.1913660755694622,-3.0161958083648557
bohol,0.95,363,-11.005840733229377,-9.638198216906346,-8.756660799609989
bohol,0.95,364,-5.244627146764287,-4.623862628796047,-6.276339347308159
bohol,0.95,365,12.2458561115576,0.5997629198447498,-1.9367199346048878
bohol,0.95,366,-12.823892976138211,-11.856635642342354,-9.92881039717949
bohol,0.95,367,2.3346239411562237,-5.763856877647157,-6.858933362660913
bohol,0.95,368,-5.262631996433129,-8.230998885612948,-7.868398636189511
bohol,0.95,369,-11.971938328655597,-6.6584596832909,-6.099551113143264
bohol,0.95,370,5.1885265459157495,-5.800062208097373,-8.580818317070062
bohol,0.95,371,-5.735671470488512,-8.39172781903487,-6.8479055748482835
bohol,0.95,372,0.23624186707951367,-2.8924763341339315,-4.498545637224282
bohol,0.95,373,-8.059647133028307,-0.8369691253052451,-1.549439858013912
bohol,0.95,374,6.263926195324416,-5.96934949347208,-9.579118223372376
bohol,0.95,375,-3.7704301369952873,-10.430998598243107,-9.258726932036417
bohol,0.95,376,10.224302469760914,-7.374164457481726,-8.756607825659486
bohol,0.95,377,-9.620622426187992,-7.936444178825312,-8.014690026391683
bohol,0.95,378,-10.208133997783023,-3.965703707016459,-3.798873087848847
bohol,0.95,379,-7.58033298028505,-2.469683285997718,-4.78085516999699
bohol,0.95,380,-37.280389162095105,-12.548628648372329,-7.588150343079974
bohol,0.95,381,-6.1710933949703985,-2.6284629153889227,-3.391842577032513
bohol,0.95,382,4.1020881884107325,-2.8080025378073543,-4.887938948616778
bohol,0.95,383,-13.57658991669797,-4.634893993790541,-3.7773577954096353
bohol,0.95,384,4.355649333123324,-0.676459272155796,-3.964212331250309
bohol,0.95,385,-28.23626035294666,-13.816137445741958,-9.08515377014966
bohol,0.95,386,3.435116693546888,-1.8634739761958343,-4.438540348886441
bohol,0.95,387,7.239927197981672,-4.500406211335303,-5.260626203818283
bohol,0.95,388,-20.63939688321642,-9.486659422665213,-5.950214285585837
bohol,0.95,389,-27.42852963739682,-7.143740567647626,-5.098498439809163
bohol,0.95,390,-12.783242413699782,-4.4937221041282385,-3.8001028361560714
bohol,0.95,391,-8.597885401775272,-2.9843144075007046,-1.2927447431638939
bohol,0.95,392,-5.1942315069902065,1.018014494687833,-0.9849008927597467
bohol,0.95,393,-5.255497281741555,-0.8103203992344135,-1.7669356222346337
bohol,0.95,394,4.949284459605167,-1.0584721980840612,-5.75610694808401
bohol,0.95,395,-3.0172219136613307,-9.399041081102297,-8.21101913016279
bohol,0.95,396,-13.54918796906719,-10.578411325111702,-9.01383329724598
bohol,0.95,397,-5.1447246918347105,-6.659796378820374,-3.9920035830032106
bohol,0.95,398,-20.155351987849087,-10.910295413271754,-6.373043982096952
bohol,0.95,399,-23.453516119840344,-6.02634403679437,-5.405517601878678
bohol,0.95,400,-1.5450084479140855,-3.7925075813005407,-5.1882932639384975
bohol,0.95,401,-6.653035197476584,-11.224812347248346,-9.1671691951112
bohol,0.95,402,-21.212392875442504,-7.7555638435991625,-4.616518389054782
bohol,0.95,403,-13.383617875158905,-7.2231743007610305,-7.2333070724500885
bohol,0.95,404,-13.017587719160758,-5.629780912927586,-4.980037618731139
bohol,0.95,405,-15.226820691574744,-10.119478820186288,-8.479238065859406
bohol,0.95,406,-10.195476521043247,-6.436931535676351,-5.074400204987306
bohol,0.95,407,-5.1622608734919595,-8.140015136522663,-6.475417137681696
bohol,0.95,408,-10.094922919913017,-9.200115058254823,-7.911249506957333
bohol,0.95,409,-7.252863483815304,-5.4671475935899,-4.979960954471707
bohol,0.95,410,-12.576849164228122,-5.637394112179493,-6.949952036013272
bohol,0.95,411,-11.475922966730991,-5.321195066691999,-5.179618432416682
bohol,0.95,412,1.5273987015009425,-0.5651880749054783,-5.13881724406729
bohol,0.95,413,6.894866947977221,-8.055839345035281,-9.883804189599438
bohol,0.95,414,4.1465130542948145,-2.2501896151053273,-4.792620284466828
bohol,0.95,415,-7.971021290234489,-6.524628439287582,-5.924626631681043
bohol,0.95,416,-7.832867595828247,-4.979496836702523,-5.929845127932779
bohol,0.95,417,-20.063974993551938,-2.817419450455816,-3.8913230343693286
bohol,0.95,418,-9.736002675857833,-4.848844583294067,-4.751077046873263
bohol,0.95,419,0.25628778468217206,-4.20761847493776,-5.595816207121537
bohol,0.95,420,-2.3716441406934337,-3.8739817682388917,-3.501359918150925
bohol,0.95,421,-7.7142856940555475,-6.895038683680809,-3.798688391379521
bohol,0.95,422,-16.751743872810835,-7.617521679714443,-7.120376224459292
bohol,0.95,423,-11.482602215007773,-8.218918635499492,-4.993002047796644
bohol,0.95,424,-19.136181947306795,-6.310283986963356,-3.4601660260389338
bohol,0.95,425,-10.942264956493887,-8.92062820641624,-8.796580595233735
bohol,0.95,426,-2.4619295965720767,-7.726530823445941,-8.376072257882974
bohol,0.95,427,-18.566305779310653,-7.712087644887447,-7.001735663639295
bohol,0.95,428,-3.8220340557351165,-9.849873377222835,-9.893793465276076
bohol,0.95,429,-4.239936777597791,-2.6396138609710533,-4.905260242400395
bohol,0.95,430,-8.200056340656886,-6.099827755549043,-5.291446076749381
bohol,0.95,431,-5.756436687174357,-6.7274196177619245,-6.394186269532213
bohol,0.95,432,-3.6410289425706424,-4.719477652744388,-6.660007037803695
bohol,0.95,433,-8.572984943792449,-5.061294146195465,-3.645535750877272
bohol,0.95,434,-8.263099760602358,-8.811986281608782,-8.369390392417309
bohol,0.95,435,-18.001140748577598,-9.998871388705211,-6.560960209360964
bohol,0.95,436,4.989904696783356,-4.32775855923127,-8.61824578433162
bohol,0.95,437,3.23967358938188,-5.081587063637883,-3.7866931830366894
bohol,0.95,438,-5.896971548750571,-3.3679132545566404,-5.179198826090399
bohol,0.95,439,-20.369219289283308,-6.6215485757029455,-5.62614835743053
bohol,0.95,440,-10.490300166972474,-7.04513728811375,-5.9709208787320875
bohol,0.95,441,-15.830983482172371,-11.954553211813035,-7.748480565997134
bohol,0.95,442,-16.944145410731494,-8.41819410220856,-5.991936716418827
bohol,0.95,443,-19.62196772117892,-8.144665522340702,-5.6758464522185506
bohol,0.95,444,-13.488798842877998,-10.150484903589643,-5.857982215960931
bohol,0.95,445,-8.441809381078258,-8.333658188333786,-8.222340181901771
bohol,0.95,446,-15.714236340293098,-6.453274050426728,-5.013219884821339
bohol,0.95,447,-23.727454649926642,-7.819553663097423,-4.545080620381476
bohol,0.95,448,-11.00324052424412,-2.4580476809654925,-4.170958101193996
bohol,0.95,449,0.18236828992496612,-4.0204934644373225,-3.5959752321951726
bohol,0.95,450,-7.680868208429615,-9.651546697495974,-8.15450406989138
bohol,0.95,451,-1.9223591241709528,-5.344441078818548,-7.014693135339222
bohol,0.95,452,-24.45787632309026,-11.657679816673024,-7.253145575206638
bohol,0.95,453,-8.446012829797894,-12.87548939451429,-11.817966700704588
bohol,0.95,454,-8.883632830688498,-3.5130697661044366,-3.0982091744628377
bohol,0.95,455,-17.10295327760724,-10.99602419575794,-9.146691611711312
bohol,0.95,456,-8.518707907939131,-9.956241319384688,-7.873390103733328
bohol,0.95,457,-17.574596029088127,-8.678199611549942,-6.332656753416359
bohol,0.95,458,-21.913937726466145,-8.7837509936044,-6.337732753264419
bohol,0.95,459,-21.092589420421632,-12.525714879572519,-7.1507580529486034
bohol,0.95,460,1.6411992002288684,-5.394727648381135,-6.6469710923902525
bohol,0.95,461,-5.399522377846722,-5.235635042332504,-4.420398988090639
bohol,0.95,462,-8.833610564951698,-7.984867588732698,-6.450638501145704
bohol,0.95,463,-20.200079619188273,-10.843486048394865,-7.792420494283611
bohol,0.95,464,-19.26925700243254,-9.472339543936272,-7.631834077532275
bohol,0.95,465,-11.68638956885718,-5.053194068467249,-4.249883239216331
bohol,0.95,466,9.14815827020027,0.6271304297428912,-2.845394507194392
bohol,0.95,467,-14.92991224887544,-6.9362322067726865,-5.82740747070671
bohol,0.95,468,-6.099626535613311,-2.74189699991058,-3.390788887209496
bohol,0.95,469,-6.194114673012507,-7.733966698832518,-8.112309442698589
bohol,0.95,470,-19.343162390181874,-9.440914271793787,-6.675822956384934
bohol,0.95,471,-10.211247515392984,-4.897268184801433,-3.5001355499598006
bohol,0.95,472,-1.8653372803760817,-6.091730668141508,-8.385119446722548
bohol,0.95,473,-21.386668494539265,-8.889495710535925,-6.210176699906555
bohol,0.95,474,-7.327700858961634,-7.121773659309312,-9.84890458828908
bohol,0.95,475,-6.605337893675767,-8.951822080060722,-9.275770843030365
bohol,0.95,476,-9.098423272381297,-5.083780491300189,-4.4289765045397544
bohol,0.95,477,-18.856437400410016,-10.814429968417457,-8.127542111790838
bohol,0.95,478,-6.595946489055564,-5.506141667210599,-5.9646085460125065
bohol,0.95,479,-3.6731126021387013,-5.318170359632106,-6.3242647729990935
bohol,0.95,480,-12.038939630548839,-0.35572712362849757,0.9314142853615834
bohol,0.95,481,-8.076724883901647,-4.500580815445488,-3.2610394103332894
bohol,0.95,482,5.28599488365893,-1.7111996299015004,-4.807543850446649
bohol,0.95,483,-24.011181138451434,-4.8117678092005605,-1.1712831850866934
bohol,0.95,484,-26.2197858629317,-11.250731415014315,-5.800722044784635
bohol,0.95,485,-7.447449752333057,-8.041584591229508,-6.65434033077068
bohol,0.95,486,-12.686177492893705,-6.578662338976045,-7.371066263881296
bohol,0.95,487,-14.547315558938237,-8.26008521784199,-6.539143884323032
bohol,0.95,488,6.404648631209511,-8.04558938997549,-8.219565650167866
bohol,0.95,489,5.148978673125498,-7.550280748206518,-9.11877302022802
bohol,0.95,490,-11.65947796254926,-11.472699123846226,-9.244864069436481
bohol,0.95,491,-3.001628384220794,-7.116144230951832,-7.068847994858189
bohol,0.95,492,-18.0355324548691,-9.862001349810171,-7.406352949770572
bohol,0.95,493,-10.7159344112452,-6.130839164317592,-7.071975827201122
bohol,0.95,494,-7.106345963691922,-8.035187104438876,-6.328168200073648
bohol,0.95,495,12.899611628422008,0.8161738408243338,-2.302163508471949
bohol,0.95,496,2.2127526186469026,-1.531953685600243,-5.1913503768960965
bohol,0.95,497,-1.248593182912316,-2.0061608094862464,-4.29251748912889
bohol,0.95,498,-0.37038280993346007,-6.04991430175285,-8.049688211304243
bohol,0.95,499,-0.9792472509519143,-2.618054545096811,-3.4902749181646016
bohol,0.95,500,-10.790486184541635,-4.907535831598011,-4.28113863847117
bohol,0.95,501,-7.063855548256129,-6.8559575982881995,-8.448153123207248
bohol,0.95,502,9.281220475076793,-0.8417191907903288,-4.615443789026408
bohol,0.95,503,-4.777441085894907,-6.607245804727114,-7.633556883021285
bohol,0.95,504,-0.04471013783000899,-7.425787915566616,-6.2786720591083025
bohol,0.95,505,5.011442246123636,-3.4841972215920833,-5.7024765354734654
bohol,0.95,506,0.8853906555970639,-5.069109416278636,-6.789672292420569
bohol,0.95,507,5.534092215513397,-1.6000143959522433,-4.288165135615117
bohol,0.95,508,-5.2583985698586275,-3.081263920791443,-2.668121089292434
bohol,0.95,509,-13.627143807024765,-9.388620950157375,-9.942736050275869
bohol,0.95,510,-25.368130937076558,-12.172976619947391,-9.36054265084423
bohol,0.95,511,-8.4315339594271,-3.24251941964242,-5.275237443306196
bohol,0.95,512,-5.371759447136867,-4.543564474833076,-6.0096178229997435
bohol,0.95,513,-3.3997322222667776,-3.3303285888869993,-4.4937071444325625
bohol,0.95,514,-13.854787668905999,-5.5675111347035795,-7.670839416257252
bohol,0.95,515,7.907145106026633,-3.9793237631767084,-6.418891930746582
bohol,0.95,516,-9.889201420861468,-10.58156407506469,-8.792162352340803
bohol,0.95,517,6.107636176970516,5.068936178484748,-0.5194890854932268
bohol,0.95,518,-23.359914621709606,-14.107433419607048,-11.67488045973289
bohol,0.95,519,-22.757202561787608,-11.068403103992438,-8.636993898321577
bohol,0.95,520,-13.137740801508642,-9.046017691511395,-8.159648502874475
bohol,0.95,521,-5.792594995350726,-9.995601842203612,-7.183457572825581
bohol,0.95,522,-6.805019218296366,-5.353297952448145,-3.1058899450439554
bohol,0.95,523,-14.967310459998089,-13.947125510068773,-10.621664279415192
bohol,0.95,524,5.086874093680365,2.1682893587346115,-2.6795642440305585
bohol,0.95,525,-2.486225165260123,-6.469067334974227,-5.826470475498795
bohol,0.95,526,10.549042042890676,-6.227136508463829,-8.131501441610546
bohol,0.95,527,2.9634851645198523,-3.2990038164780913,-6.160529236844795
bohol,0.95,528,-0.056769680526429056,-8.887802818323578,-6.665457446750096
bohol,0.95,529,-14.653652705362049,-5.31112526902848,-5.635806110409639
bohol,0.95,530,-1.219613716657932,-5.279004642561134,-6.084935012146403
bohol,0.95,531,-7.490034317006405,-9.101276372145989,-5.28661078046364
bohol,0.95,532,18.945522574603558,-4.162039223945911,-7.567660784789894
bohol,0.95,533,10.498228393783961,0.6066618073932801,-3.436211545384225
bohol,0.95,534,-14.144129901286192,-11.053188263963463,-10.38846376741077
bohol,0.95,535,-18.668916413936415,-5.499165532869469,-2.548674332010407
bohol,0.95,536,-16.312302324701136,-8.103203719310358,-5.992683225018077
bohol,0.95,537,1.5085065297586766,-6.14276497878177,-5.200566958421938
bohol,0.95,538,-14.580691018077971,-8.719222052406025,-5.954973482086309
bohol,0.95,539,3.8912413320916244,-5.387620371590515,-7.7531172026506425
bohol,0.95,540,2.3576038572517746,-4.5009314613797216,-5.577151999585084
bohol,0.95,541,-1.2159610058709518,0.41994284513981484,-2.0617557350692692
bohol,0.95,542,-0.28559237986104336,-4.192071003947731,-5.924911630770765
bohol,0.95,543,10.001227134942553,-2.276085977898333,-5.331560343345622
bohol,0.95,544,-9.940392086690338,-5.0503327195305445,-4.8310020610621365
bohol,0.95,545,-0.46902550515375196,-7.563055517478361,-7.890468924920221
bohol,0.95,546,-14.390417921688481,-8.754729910249196,-7.494677473978108
bohol,0.95,547,-3.840498783763053,-9.655868977409341,-8.1994605541393355
bohol,0.95,548,-20.022213705641718,-9.191902948817045,-7.485791366151524
bohol,0.95,549,12.995931606031661,-0.5006998477006448,-3.1609399519479027
bohol,0.95,550,-4.0563667076363,-8.844621420458466,-9.487612391826524
bohol,0.95,551,3.8683781691086097,-3.506013808793938,-6.147532905439057
bohol,0.95,552,-9.002764524335475,-8.334527561922982,-7.419757674926402
bohol,0.95,553,4.889291986262947,-5.504379001609337,-8.930112048065915
bohol,0.95,554,-7.941121556367818,-3.6788156919187998,-3.8110027278933956
bohol,0.95,555,-25.66153541093655,-9.963698508325393,-6.243199721291958
bohol,0.95,556,-22.87649820371354,-9.925761557600168,-7.714785135415063
bohol,0.95,557,-11.321817773292537,-11.064999519447596,-9.539968374345612
bohol,0.95,558,1.097506949614683,-7.588860917861837,-8.250643160370487
bohol,0.95,559,2.352164519908399,-6.129828893585852,-6.8654842961688445
bohol,0.95,560,4.543976322415972,-5.248844731627997,-7.118971377206705
bohol,0.95,561,5.930571815730616,-2.089219773264702,-5.760859566704525
bohol,0.95,562,-7.980536829913831,-3.3757894830045814,-5.389120428142931
bohol,0.95,563,-8.655004386425105,-5.690389194881163,-9.139783662795452
bohol,0.95,564,-14.474691403461179,-11.637624110663722,-9.846634559773342
bohol,0.95,565,-15.662173613945868,-8.635207255368272,-6.676898106757072
bohol,0.95,566,-6.989763338322916,-8.142213844289685,-7.7000697793994135
bohol,0.95,567,-6.119090469171056,-8.215409405445811,-7.737994847298097
bohol,0.95,568,2.029165398877012,-1.2095745571628242,-2.534444476180255
bohol,0.95,569,3.371846993439931,-3.7249273288774845,-5.391873681423661
bohol,0.95,570,-8.498205723053616,-1.440280352339201,-2.6092590672198597
bohol,0.95,571,-7.264516436501481,-7.731846047589869,-7.269279141972092
bohol,0.95,572,-6.795559758007187,-3.0585849406922136,-2.984110864477252
bohol,0.95,573,-7.194004951725219,-2.6054326181316014,-4.051554902142797
bohol,0.95,574,-3.61795762422787,-4.1086361417913935,-5.292387327348621
bohol,0.95,575,-7.8197979829474775,-9.070536773183392,-8.109313980112226
bohol,0.95,576,-2.630585354819914,-8.627836151286076,-8.059051112407438
bohol,0.95,577,-15.427447498666027,-4.498821207127762,-2.877464673813506
bohol,0.95,578,1.7674796031242295,-6.389899166079772,-7.974853508707483
bohol,0.95,579,-8.599987399131237,-11.402950723847653,-11.058934915544143
bohol,0.95,580,-0.32999419210597125,-10.99469442603467,-11.98276752264313
bohol,0.95,581,-2.8773825860021134,-8.252737163499518,-8.351302117609734
bohol,0.95,582,-17.166968904008968,-11.521320503091772,-6.741873765228846
bohol,0.95,583,-5.284553866642284,-4.485544762849358,-5.629912559097377
bohol,0.95,584,-16.732737736512092,-7.826798446749734,-7.118757310343582
bohol,0.95,585,-11.315549479093875,-5.914375314519688,-3.595443709109027
bohol,0.95,586,-10.04109531427639,-6.4927763610447045,-6.1139408624251175
bohol,0.95,587,1.7303781912626164,-2.3835382376319103,-6.17980375843927
bohol,0.95,588,-24.52212666055476,-8.818053398049074,-6.557120139324468
bohol,0.95,589,-10.75253203297001,-9.216492671950562,-5.598261900019658
bohol,0.95,590,-14.678003565396182,-10.167348428802441,-7.204557116998629
bohol,0.95,591,-7.949215304778932,-10.687326582309794,-11.02017745497696
bohol,0.95,592,-6.765171643148506,-2.9101966875439587,-4.480683592923292
bohol,0.95,593,2.7252303630071424,-3.1724230208533726,-4.8362730394952536
bohol,0.95,594,0.038397660645671294,-3.691495596877644,-4.818420400029183
bohol,0.95,595,-15.38470924280466,-7.965829094703693,-5.784186194564043
bohol,0.95,596,-8.895131456826789,-9.27015306074864,-7.607673741817997
bohol,0.95,597,-22.85324801485308,-7.358398797914717,-4.3781834230758605
bohol,0.95,598,-16.872864440239596,-7.205223686439339,-5.511640702398594
bohol,0.95,599,-5.139007321870395,-5.862625170023094,-6.9338350493200736
bohol,0.95,600,-3.184128430797955,-1.2348099464333728,-2.35387299424238
bohol,0.95,601,-10.179068829338064,-6.3003739939257315,-7.213536310855822
bohol,0.95,602,-16.818523805113728,-13.0348022762918,-7.846987421472598
bohol,0.95,603,-7.58697211548332,-10.230530486149803,-8.231918145485984
bohol,0.95,604,9.407697688979795,0.4644997057296081,-2.847556789707525
bohol,0.95,605,-1.1000838233713353,-6.2796500604196694,-5.557341499634255
bohol,0.95,606,-16.73814354120384,-10.822433101847778,-8.888182430193076
bohol,0.95,607,-4.750304926127512,-5.392534832489986,-6.657074224686909
bohol,0.95,608,-11.201279369116378,-7.39446295682319,-7.241775707901482
bohol,0.95,609,-20.29044788430099,-11.720461155698018,-7.0239580528605075
bohol,0.95,610,-13.364152766121322,-6.950553189712494,-4.652328565199035
bohol,0.95,611,-17.77595244594579,-8.303172663365416,-6.019418119893075
bohol,0.95,612,-15.845413301492158,-4.193356193240177,-3.367669564629054
bohol,0.95,613,-7.895934673324177,-7.1565667945339015,-7.863621946404052
bohol,0.95,614,-14.043395703119018,-5.8382644685608795,-5.902817478441364
bohol,0.95,615,-6.4382570971221185,-6.12318135455854,-6.399089759748513
bohol,0.95,616,-1.0114597968586168,-6.642725369997905,-7.379339637639902
bohol,0.95,617,0.669841076790533,-4.129355003059345,-5.914149865046554
bohol,0.95,618,-19.089105211038998,-8.79088498710523,-6.724150654390968
bohol,0.95,619,-14.903010015948382,-5.7889604943864015,-4.490228843297253
bohol,0.95,620,5.566170797790903,-1.6346986636664695,-3.268266219499502
bohol,0.95,621,1.4656263259478806,-0.23518477038571461,-3.383535851657996
bohol,0.95,622,-20.886908386994264,-10.628140487352113,-7.466913171915586
bohol,0.95,623,2.7200237341919546,-4.693538816509388,-5.723951616656031
bohol,0.95,624,0.3292853830032527,-5.574160376915373,-7.5624161981399
bohol,0.95,625,-7.612563888233012,-3.178927836400092,-2.7994665675851564
bohol,0.95,626,-13.623893929967096,-9.425749635780548,-9.857874037352957
bohol,0.95,627,1.7751025758398669,-2.877353368824984,-4.856018351113413
bohol,0.95,628,-13.355600736446604,-6.7790144500161205,-3.6943368311129205
bohol,0.95,629,-9.950037598419215,-11.51228116494164,-10.392154223607108
bohol,0.95,630,-7.649626584721375,-5.78173941267184,-5.954787826006402
bohol,0.95,631,-9.546775403428398,-7.200538374429556,-5.421124698667022
bohol,0.95,632,-26.484771391080073,-8.303570688984877,-5.924867415523671
bohol,0.95,633,-13.206550049759244,-3.935534207972154,-4.066353365941069
bohol,0.95,634,-15.87168936029002,-9.39580849300691,-5.399167335837376
bohol,0.95,635,-3.931336696927872,-7.691255198764395,-7.656702876879301
bohol,0.95,636,-0.5395297208706893,-4.906274307781686,-5.70283434916896
bohol,0.95,637,-12.993368311011011,-9.145330043515727,-10.139047991437948
bohol,0.95,638,-19.495266697368322,-10.259097539490185,-8.428120255150006
bohol,0.95,639,8.640795660777655,-0.07445970333715479,-2.7952801442374593
bohol,0.95,640,-5.263652310926602,-6.607370767988741,-8.219476753038393
bohol,0.95,641,-11.970730903592766,-4.9186477863438824,-4.904901384449246
bohol,0.95,642,-4.268643845350823,-5.787502324577147,-5.278217430874939
bohol,0.95,643,2.746911309824725,-3.274034151976551,-3.9035468162578226
bohol,0.95,644,-24.8120224182519,-6.654700680908348,-5.015574604143595
bohol,0.95,645,-9.653583723395457,-3.782087834250831,-4.299595332195011
bohol,0.95,646,-16.31036848378136,-5.637823834439146,-4.728230812825899
bohol,0.95,647,-10.960673719318379,-7.2264329534419005,-6.99967115422713
bohol,0.95,648,-3.504125590852709,-3.5147363086796446,-3.60014705931016
bohol,0.95,649,-14.616349017634207,-5.683834564191002,-4.8251347969991585
bohol,0.95,650,-4.286273892928762,-4.8758874515793025,-5.7558362948070965
bohol,0.95,651,-4.030987497931676,-0.8526060895007248,-0.4435137956074158
bohol,0.95,652,-15.370157279222951,-6.771067034411047,-4.462063588849965
bohol,0.95,653,-14.111274096318596,-12.620090657463166,-11.837284703604084
bohol,0.95,654,-4.623293487227272,-2.9244585284268965,-3.185487636779584
bohol,0.95,655,-0.8081733597039715,-4.306783084439175,-5.4493740306388645
bohol,0.95,656,-7.4805116353529115,-8.25952646962999,-8.234492630484333
bohol,0.95,657,-2.068299024260341,-0.7657334101562157,-1.756417991850114
bohol,0.95,658,-16.61722379415636,-11.871106511047515,-9.789929500932708
bohol,0.95,659,-11.163191734632278,-2.6092361313096433,-3.4488016716437713
bohol,0.95,660,-17.977138327186708,-11.00113715917739,-7.819889397030913
bohol,0.95,661,-3.9813331799252296,-5.2309696901237714,-6.332418799676141
bohol,0.95,662,6.962263928292259,-3.4533904823152,-6.517154542311822
bohol,0.95,663,-4.012133209291676,-5.456648148503419,-8.899484421876522
bohol,0.95,664,12.085871685949542,-1.6515358843930272,-3.091882314804522
bohol,0.95,665,-6.630505907568477,-7.050792392740561,-7.8358151326452585
bohol,0.95,666,-8.897111614638447,-10.468710982075692,-11.154909806054093
bohol,0.95,667,-11.311141415997099,-8.582099593029497,-9.091868442113544
bohol,0.95,668,-8.372605610855771,-3.3785257991148114,-1.8612902548892905
bohol,0.95,669,-12.218438019237908,-10.007762902744574,-8.778547797505219
bohol,0.95,670,-1.531619935818071,-6.779203255968454,-7.2630386426212254
bohol,0.95,671,-2.0054691869490853,-3.1229072525907213,-4.922247802286684
bohol,0.95,672,-11.593351592247643,-9.298682208860711,-8.581428730512698
bohol,0.95,673,-6.381674353786082,-4.588705810541342,-4.791145113567737
bohol,0.95,674,-2.229997095199053,-12.27322289022787,-11.892750509508986
bohol,0.95,675,-9.03137771174994,-6.7050734759449995,-5.189650658379982
bohol,0.95,676,7.3035460406415496,-0.6385200021248352,-4.650040830649189
bohol,0.95,677,-2.609903489947669,-6.025923748946596,-4.611514922707272
bohol,0.95,678,-9.690080305011406,-4.583664875771632,-4.749852089159745
bohol,0.95,679,-16.363798942086248,-9.072265082335988,-6.011293662341757
bohol,0.95,680,-0.008745861743705063,-2.936554962721587,-3.9938778456615225
bohol,0.95,681,0.05949815421445237,-3.2008422122922866,-6.392784535587651
bohol,0.95,682,6.932514572659102,-2.230403120990644,-4.155114818369732
bohol,0.95,683,-5.4370581491845655,-3.35886521991803,-4.190582943976878
bohol,0.95,684,-5.694490294363391,-5.2805110849664345,-4.019560781054949
bohol,0.95,685,-4.981835856925727,0.713909849195403,-2.9422495393777623
bohol,0.95,686,-18.3421425265837,-9.020000254214011,-6.5824624706292525
bohol,0.95,687,-7.113385390480005,-6.677095981752217,-5.195903902654223
bohol,0.95,688,-25.69719591045765,-5.6312742285054895,-4.100260439199609
bohol,0.95,689,-23.9240976199344,-10.880390568267956,-8.380810289733041
bohol,0.95,690,-6.410207557284821,-3.1378058431935614,-4.216383065189959
bohol,0.95,691,-31.791026255106942,-8.84766535372816,-6.501684288175596
bohol,0.95,692,11.782739293049644,-2.3272254740191585,-4.976335104780503
bohol,0.95,693,-11.284706796779517,-13.701222254181744,-11.80172891308586
bohol,0.95,694,10.224518495158122,-4.873809801720995,-6.189122873210877
bohol,0.95,695,-7.321160832056023,-4.711459440587731,-3.9756432746123522
bohol,0.95,696,-3.904905016145051,-3.5947566393573,-4.032623406503177
bohol,0.95,697,-29.823670822794725,-8.740335980533757,-6.014791856008429
bohol,0.95,698,-19.645158861329833,-8.886810081825729,-6.764198057728088
bohol,0.95,699,-22.00404580148154,-8.84857671937013,-4.383148125893349
bohol,0.95,700,5.499847987298779,-2.564140077938532,-4.29326283233803
bohol,0.95,701,6.3567940215144745,-4.062989881679712,-6.122319095008777
bohol,0.95,702,-11.078480703543107,-2.566215620598541,-3.365654664440804
bohol,0.95,703,-25.985093125176945,-10.329784234949798,-7.433376677957163
bohol,0.95,704,-13.895618844607327,-7.826479635686326,-6.585196332182512
bohol,0.95,705,-4.150390193649116,-2.0054148545631847,-2.5190552570234246
bohol,0.95,706,9.566635204055899,-1.9854744385974357,-4.287536866133486
bohol,0.95,707,-18.37712545546242,-9.95129068213852,-8.15409997873482
bohol,0.95,708,1.4269247223118668,-2.6683822219520863,-3.8071859661581513
bohol,0.95,709,-14.413818227655213,-10.883756033500916,-9.636824831042901
bohol,0.95,710,-27.440353740370256,-6.248464128335442,-4.675232852716832
bohol,0.95,711,-4.492714129443129,-5.963486017629535,-5.115078685108735
bohol,0.95,712,-8.549395477616315,-6.123059305011182,-6.960530053697816
bohol,0.95,713,-1.0087093635490874,1.042445445967033,-0.558376423318343
bohol,0.95,714,-7.394692671360303,0.5492440656837232,-1.2596805473826365
bohol,0.95,715,-15.348992197388498,-6.478497181654518,-4.0693603942763374
bohol,0.95,716,-17.04825328961408,-9.905339314360987,-8.165962536181382
bohol,0.95,717,-24.351182930018865,-16.339999796654155,-11.435017373185403
bohol,0.95,718,7.354162534334989,-2.8182910598675335,-3.647478800679096
bohol,0.95,719,6.432856849532527,-3.039470875469391,-4.787106812739559
bohol,0.95,720,-10.124608119202719,-5.141312156206581,-4.226233268415314
bohol,0.95,721,1.073259775469296,-6.490381418081967,-6.892375952939311
bohol,0.95,722,-17.501225002408603,-4.855273281721395,-3.8966432553031254
bohol,0.95,723,-13.969944679029709,-9.718766009266417,-8.209033918265007
bohol,0.95,724,-6.541276176232998,-1.8231165614414238,-0.1079932919308817
bohol,0.95,725,-12.18276122266883,-3.7975581143990524,-3.954418053690688
bohol,0.95,726,-21.148126595870053,-7.751560376223438,-4.609099564003003
bohol,0.95,727,-11.60286032934988,-10.043453208999594,-9.369903974389203
bohol,0.95,728,-3.5105062768301423,-3.8655498078855004,-4.321516665993187
bohol,0.95,729,-2.9447577389052526,-3.850330793064444,-5.418773869939237
bohol,0.95,730,-7.509141437208825,-3.1060886603026887,-1.8915012539673342
bohol,0.95,731,-9.422109956528175,-11.86313788434326,-11.816114659936545
bohol,0.95,732,-6.538221402847,-7.788055817483553,-6.31512940359908
bohol,0.95,733,-7.694156615342138,-4.563386600648059,-6.1812333814224445
bohol,0.95,734,-19.05745934078726,-10.734268383577827,-7.7985094790321625
bohol,0.95,735,-23.102619560807796,-7.772476150649808,-4.154946563367702
bohol,0.95,736,-0.5133857545679348,-3.59453841348801,-5.463124176571256
bohol,0.95,737,-5.408304521618902,-5.538107802569854,-4.19425250904407
bohol,0.95,738,-10.813093214074286,-5.478998476819783,-6.948836669630282
bohol,0.95,739,3.468747868789251,-6.545723653303,-6.810380391228577
bohol,0.95,740,-12.971820592446704,-3.926135798449465,-2.7185073236042285
bohol,0.95,741,10.851294192468288,-6.732235901612839,-9.0684169658511
bohol,0.95,742,2.662181290510091,-1.4907721659053692,-5.171279775741404
bohol,0.95,743,2.8978650004087854,-5.563611871331872,-8.62127959632673
bohol,0.95,744,-9.240677170651225,-14.053405686075408,-11.770956566349497
bohol,0.95,745,-16.09150997715227,-7.512168461831166,-3.834680552822462
bohol,0.95,746,-14.42868130871426,-8.958891610768234,-7.9287471275212695
bohol,0.95,747,-13.780614053250076,-5.531163341081026,-6.927527878433736
bohol,0.95,748,6.192032507307658,-3.650811897834444,-5.61657322478181
bohol,0.95,749,-18.819372702330043,-8.895942394164393,-7.396101669266322
bohol,0.95,750,-3.374429263804643,-8.750642881283412,-8.993545203142396
bohol,0.95,751,1.9823045191862434,-6.099396466605327,-5.066353732142204
bohol,0.95,752,-11.418623596536747,-7.198112238828514,-6.827644886165615
bohol,0.95,753,-5.565025017297955,-10.790109346443913,-9.597015409676878
bohol,0.95,754,-6.638039381772103,-4.295262671903927,-5.430046453743316
bohol,0.95,755,-15.188529348823408,-6.7336480195154,-5.009986376806744
bohol,0.95,756,1.6715337711146958,-10.849426593558391,-9.884021111674812
bohol,0.95,757,-22.796079246975296,-3.920163926281134,-4.42265520779916
bohol,0.95,758,1.7951079304719428,0.11678447327663832,-1.879531132681464
bohol,0.95,759,9.608343612644092,-9.902776526336538,-9.057458342416211
bohol,0.95,760,2.226642787038088,0.4138537097352213,-1.7309100182389017
bohol,0.95,761,-11.186013455018212,-9.018383173514465,-8.77602792353288
bohol,0.95,762,4.606888947035088,-3.8780749478183765,-5.1021375648712635
bohol,0.95,763,-23.324990902431352,-8.449419062217885,-4.6369062982209925
bohol,0.95,764,-2.297143371258983,1.337355644736732,-1.951678379236462
bohol,0.95,765,3.5507009167275214,-10.98488291025285,-9.186763488738023
bohol,0.95,766,2.304229373702526,-8.025175607510107,-9.256516263006574
bohol,0.95,767,-20.083167447891356,-7.865052314197783,-5.214245696001768
bohol,0.95,768,-0.14261890403537336,-0.6065373705274482,-1.899359652126229
bohol,0.95,769,3.487069660682778,-6.2630265524839075,-5.959405933162088
bohol,0.95,770,-7.677355826890505,-4.701791486182174,-4.429641844988673
bohol,0.95,771,-7.965441278870912,-9.927306318951764,-7.420325542300581
bohol,0.95,772,8.711424488567275,1.2936110380109938,-1.5369320412192522
bohol,0.95,773,-12.812816923760863,-7.468617493749548,-6.178475706858002
bohol,0.95,774,7.223311923248616,1.1470003417277752,-3.295733824454885
bohol,0.95,775,1.6572460183854787,-5.154269200345993,-6.9623630849871745
bohol,0.95,776,-5.068665144254965,-7.824937461324396,-5.843996923122717
bohol,0.95,777,-15.53006061925629,-9.373569319804702,-6.98180942706054
bohol,0.95,778,4.265513332966918,1.4816576556901424,-3.8297002381079253
bohol,0.95,779,-4.28484117092313,-1.6093932642008042,-1.5380636026498706
bohol,0.95,780,-7.188712358082455,-6.6210323216824065,-7.549037896093267
bohol,0.95,781,-20.269358595985068,-8.473336460832428,-7.8201099432463295
bohol,0.95,782,4.302962699382533,1.6419161451944575,-2.599627553919774
bohol,0.95,783,-11.842285778002747,-6.954289784395968,-4.701344156389858
bohol,0.95,784,-4.709069005217316,-4.9009204932841754,-3.643205090542793
bohol,0.95,785,-2.3823461692064143,-1.656008870044161,-2.94743035194481
bohol,0.95,786,-9.447694860560091,-3.087528815527648,-2.4236297526873543
bohol,0.95,787,5.539885254417072,-1.5877890440364695,-3.821456708685865
bohol,0.95,788,-11.11605124367918,-14.049249039669817,-12.28807828932635
bohol,0.95,789,-9.14616738711635,-3.2623614876843305,-1.817655000431742
bohol,0.95,790,-15.347650786593533,-10.899801140970979,-7.707489120767271
bohol,0.95,791,-10.704432146938473,-8.114055438359003,-6.581884783035264
bohol,0.95,792,-15.202028660659096,-9.257533169313518,-6.46827717276981
bohol,0.95,793,-10.798813065105321,-5.827175296210498,-6.951247952983643
bohol,0.95,794,3.5022061360436965,-6.72259031064452,-7.7183262350757715
bohol,0.95,795,-26.819116995712818,-15.055899142850919,-9.867175403041749
bohol,0.95,796,-22.153522036688912,-6.2504600455468164,-5.501167392238237
bohol,0.95,797,-10.708731434787865,-4.679889089918333,-4.825307020567493
bohol,0.95,798,-14.348525645544214,-5.110908169891516,-4.3076494327957136
bohol,0.95,799,-0.13970499475635734,-0.3079431107532429,-1.7955277932613924
bohol,0.95,800,-2.128541801972915,-5.424135190715887,-4.089660444663103
bohol,0.95,801,-7.331222564036068,-5.636184766995314,-4.376534093174797
bohol,0.95,802,-5.027631581100195,-5.803019588801931,-8.394723285569285
bohol,0.95,803,0.6909752163062421,-7.77089400250604,-8.786866608777345
bohol,0.95,804,-13.870475910611901,-8.753246217519802,-7.369437760307534
bohol,0.95,805,15.835237462735961,-2.0596106784578723,-5.15912888410579
bohol,0.95,806,-3.8277387851045432,-6.687317248572839,-4.514501695695387
bohol,0.95,807,-17.481725857592096,-7.150108576696411,-4.800152233561384
bohol,0.95,808,-15.73623276811071,-8.489936480925223,-8.20465496616469
bohol,0.95,809,-10.136122662840648,-8.38682760766946,-8.140119566617123
bohol,0.95,810,4.756002800972112,-4.774459831544775,-4.996422727599608
bohol,0.95,811,-17.16643275693542,-7.293084248616708,-6.025358991278878
bohol,0.95,812,-5.759375886462919,-3.72220501576129,-4.745107895525415
bohol,0.95,813,-13.099687528435766,-4.231851769819684,-6.606255211971366
bohol,0.95,814,-24.53239367412482,-8.699298332110914,-4.180859840147043
bohol,0.95,815,-15.188241087574397,-5.824473444783493,-5.216053723506192
bohol,0.95,816,-4.29972096881238,-2.1078074965192144,-4.934187185045047
bohol,0.95,817,4.539747892517482,-0.2657428481973909,-1.9466360738813933
bohol,0.95,818,-14.605714420254287,-9.029063924903184,-9.046864209697553
bohol,0.95,819,-5.52133418888701,-6.52625384470403,-6.367481053429586
bohol,0.95,820,-22.622914562499943,-13.289576875880698,-11.00623056395876
bohol,0.95,821,-8.573997305207286,-4.911817738675666,-5.347152484781013
bohol,0.95,822,-8.971647684882328,-7.623518242972452,-6.44582552681949
bohol,0.95,823,-0.6854676430925792,-8.601290261365293,-6.511830007169806
bohol,0.95,824,-8.604343944212872,-5.868877064379916,-5.640987320538251
bohol,0.95,825,26.418649161566748,-1.3837377133568793,-7.340478885063661
bohol,0.95,826,19.661556669664265,-2.631361535503686,-6.116349617319607
bohol,0.95,827,-3.4328147114334797,-4.354356459419705,-4.696724669165292
bohol,0.95,828,-4.446154941897419,-4.639309471953936,-4.4787017365759425
bohol,0.95,829,-4.81102448101791,-5.534184030807694,-5.408121377668827
bohol,0.95,830,-14.983352679020129,-7.6868721180596395,-7.199776115823518
bohol,0.95,831,1.0451761412939504,-2.7902188968835446,-2.798163224980833
bohol,0.95,832,-4.031889303530477,-4.776127053803506,-7.035525945956223
bohol,0.95,833,-4.580723341064527,-8.155087925512575,-8.112156631286084
bohol,0.95,834,-19.58926827048674,-6.197266209354993,-6.209512148039423
bohol,0.95,835,-17.99440708121938,-5.716311065247297,-5.439572095196439
bohol,0.95,836,-11.456121693430191,-7.416288260674477,-6.810946369953854
bohol,0.95,837,-16.315210105405924,-4.743566896440228,-2.821139866619447
bohol,0.95,838,4.965263176311453,-3.8791309398785074,-6.516622046154467
bohol,0.95,839,-6.791156448483889,-0.7505012538190812,-1.9128106341468296
bohol,0.95,840,-19.661743045666356,-10.701234983195732,-8.263435130742337
bohol,0.95,841,10.882933574808533,-4.2221595212498215,-6.4528734917933335
bohol,0.95,842,6.14043336680578,-6.874722275611646,-8.94624908297802
bohol,0.95,843,-1.6168148981829518,-4.889023738559885,-6.105710862304086
bohol,0.95,844,10.068764806945865,-1.4746443442739405,-4.200936224617827
bohol,0.95,845,-18.049651379194984,-7.102085793518384,-5.488756759768876
bohol,0.95,846,-19.39270383622437,-7.028474934254561,-4.598619085909895
bohol,0.95,847,-5.262076253531461,-8.405141723345068,-7.583342514485814
bohol,0.95,848,-17.928260435084496,-5.757702294482229,-5.569803701574955
bohol,0.95,849,-22.78712469179112,-10.65098858728993,-5.98204493565477
bohol,0.95,850,-21.14618943817146,-15.348866919707916,-9.392933166594858
bohol,0.95,851,-7.818716242087589,-4.799197315764545,-5.2519170570553015
bohol,0.95,852,-19.283967853738773,-10.32826637196385,-8.709580547078318
bohol,0.95,853,-8.793435998664052,-5.255249378258185,-5.360177444668032
bohol,0.95,854,-0.22628410994713022,-3.611066183317746,-4.637787145669684
bohol,0.95,855,0.6271076401746996,-5.49963844504515,-5.09810684003736
bohol,0.95,856,-10.488528835866703,-2.6726701548040808,-1.3885543425830704
bohol,0.95,857,-17.76877054022333,-8.8622553086131,-7.823823193927375
bohol,0.95,858,-1.847084997147988,-3.3804296799163183,-6.419129654086014
bohol,0.95,859,-5.52512023476487,-4.9248207584985835,-6.6614128374090384
bohol,0.95,860,-27.111196056250947,-10.844422524891598,-6.7468430795157275
bohol,0.95,861,2.6553267772665663,-1.462166684293095,-2.7840594356508888
bohol,0.95,862,-23.742021684703843,-10.901718065826941,-7.629401540681897
bohol,0.95,863,-13.328254871339652,-4.128393497695555,-4.880616503721271
bohol,0.95,864,-7.862047111771517,-3.7126726371926964,-4.879919700262796
bohol,0.95,865,-11.941461289465565,-9.788681400615616,-6.53232337108966
bohol,0.95,866,-14.351833219186972,-10.43046161614491,-6.89039561438161
bohol,0.95,867,-17.00168100648193,-5.835283732828671,-4.5390335411965665
bohol,0.95,868,0.756475415346813,-6.108240386550818,-6.636298567772535
bohol,0.95,869,-6.7890435573093555,-2.9671517703557413,-2.3489977729859604
bohol,0.95,870,-1.4808867536926869,-4.148110547286024,-4.691260428346688
bohol,0.95,871,-3.953945281622282,-11.584760645061678,-8.914485571547587
bohol,0.95,872,6.509114792255843,0.1801219561551335,-3.663944649479248
bohol,0.95,873,-14.125262861124838,-3.4815250596013243,-3.288694097560281
bohol,0.95,874,-8.244198460260918,-8.161470732327757,-6.111902657840574
bohol,0.95,875,-0.8308739036564816,-4.271228812146774,-4.002449457051448
bohol,0.95,876,8.54413103224249,-2.5138192551007705,-3.3478638120031476
bohol,0.95,877,-15.586376001131612,-8.808852956486078,-4.418130689963078
bohol,0.95,878,4.997768971182154,1.1078487206528251,-1.4109588847180916
bohol,0.95,879,-24.293928469332457,-9.777974831193092,-6.815402324841152
bohol,0.95,880,-9.52659725684066,-7.280864746522681,-4.5899405098441335
bohol,0.95,881,-10.711472082923365,-5.616917582299166,-3.811781941566018
bohol,0.95,882,3.866022284377266,-5.785137328905478,-6.578421679713081
bohol,0.95,883,-9.021881746174756,-4.6919639748206805,-5.532578825818753
bohol,0.95,884,-7.436531097514376,-10.522459969201378,-8.830242500446793
bohol,0.95,885,7.304436647839225,-1.875530449587174,-5.123842110547379
bohol,0.95,886,-9.671519572952775,-7.926078635242504,-8.073378832496765
bohol,0.95,887,3.456183156947418,0.09612321799239965,-4.686550382151594
bohol,0.95,888,-17.986697912257057,-10.739624783941423,-7.790456810024686
bohol,0.95,889,-2.9684086862459935,-1.3916719722019053,-2.3791219050788968
bohol,0.95,890,2.935403908099431,0.1699392388435257,-0.6841156112837297
bohol,0.95,891,5.385405750792245,-3.0223818734619954,-8.222447318209497
bohol,0.95,892,-12.728572423179799,-6.306228870621908,-3.675956180976442
bohol,0.95,893,-16.92981436923941,-10.683290584571083,-8.927790036348696
bohol,0.95,894,-1.5956563132721158,-5.638406623396378,-5.4460289572773135
bohol,0.95,895,-17.394291945842554,-10.007292367980241,-7.366948339143249
bohol,0.95,896,3.376131051209711,-4.04335092269325,-3.6843979321537574
bohol,0.95,897,-13.15194830119151,-7.375074375782191,-4.883589416602902
bohol,0.95,898,-26.798207263703205,-6.183064311488437,-5.332791211503711
bohol,0.95,899,-15.415168382732418,-5.775631092231862,-5.566551993210439
bohol,0.95,900,1.8823452177202284,-2.4148279391464484,-5.403198528561852
bohol,0.95,901,-11.361969636847789,-10.850475658874117,-9.25434836752067
bohol,0.95,902,-8.60428458499291,-2.4634492592284687,-2.0382487462397876
bohol,0.95,903,-11.300170887176478,-4.195499984849249,-3.8906409874416354
bohol,0.95,904,-0.7603538854970111,-4.618615324836327,-6.021346759597456
bohol,0.95,905,-4.9265509150502,-8.011403980063236,-8.06179380409666
bohol,0.95,906,-8.452693115127659,-8.625207994175128,-8.410301041632962
bohol,0.95,907,-19.528018998078323,-10.267930361547101,-7.099216377330485
bohol,0.95,908,-5.065997568668536,-5.540253147717323,-6.4479272475864065
bohol,0.95,909,-20.67234244463765,-7.3677626594238745,-4.24611901293266
bohol,0.95,910,-23.528525970979047,-12.726815576550393,-9.350259661831842
bohol,0.95,911,1.6885560809877802,-2.3848048337444254,-5.046393258002155
bohol,0.95,912,-12.550532629305962,-10.722842536842762,-7.594292607226457
bohol,0.95,913,-9.114091871326309,-6.915670972530563,-6.967976551512756
bohol,0.95,914,8.741888501434516,-2.9849963884910977,-6.2576329587994906
bohol,0.95,915,-3.6494394403326282,-6.23906701210835,-7.119267566941765
bohol,0.95,916,-8.043257530858114,-8.011267400306053,-5.525676511117702
bohol,0.95,917,-4.6143945724777495,-7.246942289945977,-6.984179318953871
bohol,0.95,918,6.555195936606253,-4.249633755207043,-4.415852015212181
bohol,0.95,919,1.7949956973866392,-7.737943882713353,-6.894474031487185
bohol,0.95,920,-4.86972735365282,-5.880436361988998,-3.8137112486499802
bohol,0.95,921,-8.833888428386388,-8.929606935578406,-8.380241786492647
bohol,0.95,922,-0.7954754998895623,-5.470865774691148,-6.370666678020996
bohol,0.95,923,-4.186272237982337,-4.438714748223731,-5.477113561985924
bohol,0.95,924,-17.07638359674388,-10.70778576098705,-6.8894394200184195
bohol,0.95,925,-16.104386416578336,-2.3749825860495264,-1.094656716487691
bohol,0.95,926,-2.937670134307268,-13.369923882645281,-10.62965464324391
bohol,0.95,927,5.417698152691628,-5.836344489144409,-10.226711863167985
bohol,0.95,928,-19.122014569976272,-7.172236243048346,-4.324739496020392
bohol,0.95,929,-6.788492724561706,-8.517794494940318,-6.594375600785995
bohol,0.95,930,-12.14382715123287,-4.992774589554557,-5.0267510701366405
bohol,0.95,931,-7.1874470745394206,-5.839410539438887,-7.876608914969893
bohol,0.95,932,6.401777020525174,-3.0669221717001136,-4.764937556110837
bohol,0.95,933,-0.16607652630028724,-4.049654521476455,-6.735900144947166
bohol,0.95,934,3.3236014312786892,-9.666507645528924,-10.044373436999493
bohol,0.95,935,-5.57921780761302,-7.382751594730749,-5.095043973181895
bohol,0.95,936,0.2611394858170115,-8.440246131298721,-8.020112506761265
bohol,0.95,937,-5.074799388911799,-6.980370932160682,-8.014007716702643
bohol,0.95,938,-6.836221772684553,-9.173981410913683,-8.819302270378529
bohol,0.95,939,-6.0791706806700745,-8.628141053805109,-6.31072253590893
bohol,0.95,940,-24.21266387720641,-11.032856313337192,-8.03788557307783
bohol,0.95,941,-12.807544883895332,-4.407370320363455,-3.382159351824825
bohol,0.95,942,-3.5972231176735363,-7.3989149031732495,-6.128647884924689
bohol,0.95,943,2.359388922487085,-4.041318697403,-4.589441055517206
bohol,0.95,944,-4.781329632622658,-4.5049037479683705,-2.0503315249289287
bohol,0.95,945,3.517739517418704,-5.913514351624684,-7.307169572338552
bohol,0.95,946,-0.7564584014335765,-3.1232770926835514,-5.138154422221298
bohol,0.95,947,-6.335146648035391,-5.7569104785577,-7.696759753739563
bohol,0.95,948,-3.139674402067385,-7.405690966549173,-7.417408607444116
bohol,0.95,949,-15.45172741140226,-7.193020549594252,-8.248738612265704
bohol,0.95,950,-2.289621047748028,-7.663155014853189,-7.781766481556957
bohol,0.95,951,0.9089686499686991,-4.732200100857966,-6.554687608352587
bohol,0.95,952,-10.697424129826175,-11.30787676693393,-9.603479949681969
bohol,0.95,953,-11.579215635957269,-1.925309773621393,-0.04671469157100461
bohol,0.95,954,0.8485416218877617,-2.093203070294365,-3.3646645823953705
bohol,0.95,955,4.921074648475155,0.628742306889265,-1.522185706303624
bohol,0.95,956,-28.2749854216396,-7.648227465906416,-4.9154516218967785
bohol,0.95,957,-6.679924301945903,-5.92188967401799,-6.538719414830979
bohol,0.95,958,-9.695576540436264,-8.131318202001964,-8.37616905982069
bohol,0.95,959,-1.511781813192897,-2.955964393337652,-5.320343743838421
bohol,0.95,960,-15.442693925083631,-8.688813249448486,-8.554990266940933
bohol,0.95,961,-14.28187641967503,-5.487195108948143,-6.484480075673154
bohol,0.95,962,-22.4619383647522,-11.262140262145635,-7.365237430988174
bohol,0.95,963,3.1288206890198467,-1.492446567994378,-3.029825821226126
bohol,0.95,964,-14.17398624904257,-7.5510058564996,-4.890161511662313
bohol,0.95,965,12.217525432841114,0.8820075570580173,-2.702445030474607
bohol,0.95,966,-7.0669818697589335,-3.6033839631714955,-5.271525846508467
bohol,0.95,967,2.1523390058566747,-1.6300796293871542,-3.752283072707236
bohol,0.95,968,-5.251822691179257,-5.209979751932337,-4.194031516023998
bohol,0.95,969,14.639086531620364,-1.9824972959378755,-4.062540849739072
bohol,0.95,970,1.6588831958209198,-5.539501679558924,-7.091731351996593
bohol,0.95,971,-7.935602789322445,-8.252559872159523,-6.906422473016633
bohol,0.95,972,-10.992276094697559,-2.523970888109517,-3.448403283008936
bohol,0.95,973,9.399617171761747,0.21091530729975716,-3.239667759265693
bohol,0.95,974,-16.173319773123296,-10.046004088699007,-9.525443004956955
bohol,0.95,975,1.4335154652755477,0.34201538775748475,-0.5577222365940173
bohol,0.95,976,-2.6830896801462814,-1.9933872359150229,-3.121082706627874
bohol,0.95,977,13.678940341497935,0.6431029585126282,-2.9166048832926137
bohol,0.95,978,-21.840343956836477,-2.336650382302807,-1.080123545138612
bohol,0.95,979,11.12926419447848,2.446937263941294,-1.8678526313653094
bohol,0.95,980,0.4420284073763696,-3.124717428480949,-5.236986664511676
bohol,0.95,981,-8.495221491776704,-5.223727056325146,-5.014839039193703
bohol,0.95,982,-6.63726925950067,-8.481485558275892,-5.426207176143613
bohol,0.95,983,-10.168458452284824,-8.487802047510343,-7.650930644904918
bohol,0.95,984,7.561617811453914,-6.3947776042268885,-6.812624446390963
bohol,0.95,985,-0.038689891925571374,-0.5307313642027935,-3.1832099516566856
bohol,0.95,986,-21.468166200681935,-6.544783489366196,-3.6985886874337126
bohol,0.95,987,-9.001844221000681,-10.14252396806529,-7.746961557735261
bohol,0.95,988,-7.299134819068513,-6.882360479700111,-5.402577451266254
bohol,0.95,989,-7.249710846459379,-5.963016407908626,-4.477559910680803
bohol,0.95,990,2.391883959570123,-0.9617488059869146,-5.980109834785409
bohol,0.95,991,16.260017869273497,-4.657339167525365,-7.663329305109535
bohol,0.95,992,-0.948267188033924,-0.3734629386228505,-1.7552751758362888
bohol,0.95,993,-2.862938381594006,-1.5619304625483323,-2.570207374693368
bohol,0.95,994,-2.5295869397938304,-11.72068583945898,-11.325188688546518
bohol,0.95,995,1.1500739638351547,-4.8875507335957025,-5.239125962191693
bohol,0.95,996,-4.053158207954823,-10.041814333441096,-10.287233770927962
bohol,0.95,997,2.2166387155779717,-4.764382300844119,-6.372162473715804
bohol,0.95,998,-28.505322230676256,-12.740691873717807,-8.238919448347069
bohol,0.95,999,-11.336529443639051,-5.122082067553606,-6.563914480554871
bohol,0.95,1000,8.613398185080712,-4.851679312100998,-6.9390372823383615
sulu,0.95,1,-60.06967354890921,-91.0336262981491,-65.57058704515208
sulu,0.95,2,-50.185999492376766,-85.17282335443664,-64.49046609877783
sulu,0.95,3,-49.019818645759045,-82.76141770373013,-61.77444818940111
sulu,0.95,4,-66.63646862200858,-91.16925126456485,-65.00895309803796
sulu,0.95,5,-54.93026794809202,-87.21804569419155,-63.56980493222477
sulu,0.95,6,-55.80665567481307,-83.63265504945468,-61.22347663351594
sulu,0.95,7,-44.78728014924539,-84.50674338274024,-62.78567321739512
sulu,0.95,8,-69.31929629792023,-87.69960021366664,-65.72486164009597
sulu,0.95,9,-57.89844160559625,-89.92244196028037,-66.07489748006925
sulu,0.95,10,-57.93608231090329,-87.17719833662503,-62.602943136625626
sulu,0.95,11,-60.140064969860134,-87.83658466642592,-63.65186145135112
sulu,0.95,12,-64.47503207989942,-87.75526885453952,-63.86678863562064
sulu,0.95,13,-66.3410789228131,-82.95127371289546,-59.72982171389504
sulu,0.95,14,-48.57331572980755,-82.08578396511476,-59.418298263001624
sulu,0.95,15,-47.56342222579087,-84.91337458909261,-62.25029722835142
sulu,0.95,16,-58.82055527195837,-84.96620257645506,-61.75883535578998
sulu,0.95,17,-67.8542899252308,-87.81766564994696,-62.911733809866725
sulu,0.95,18,-58.544021417413546,-86.4401695437956,-62.82649096603056
sulu,0.95,19,-59.18734239942097,-83.44277899044401,-60.958733186415444
sulu,0.95,20,-70.72238086110403,-88.92954574425839,-64.06622093153014
sulu,0.95,21,-46.56916250291363,-85.02321393411457,-62.96232731023049
sulu,0.95,22,-53.51705929213466,-90.69266786568623,-66.28979801452375
sulu,0.95,23,-48.34057515778369,-82.5649752890225,-60.216513097408644
sulu,0.95,24,-62.012606246037535,-88.72074165073752,-63.06696136342259
sulu,0.95,25,-44.013827429769265,-84.32194180555692,-61.40527136129522
sulu,0.95,26,-53.2742229827881,-85.36254203214527,-62.88361047862622
sulu,0.95,27,-46.1672112940862,-85.92772216724438,-63.90920880665678
sulu,0.95,28,-73.25908690946181,-87.73515555622679,-64.3662704305517
sulu,0.95,29,-71.04248617219889,-88.46294910015425,-63.666170886181675
sulu,0.95,30,-53.985151729626864,-85.68211515497566,-62.73559376140323
sulu,0.95,31,-69.04888323293903,-87.93407453544394,-63.79121208625887
sulu,0.95,32,-55.60913482611238,-82.6867856808551,-60.62679499492582
sulu,0.95,33,-55.02125163095391,-83.89725258428525,-62.643878574003104
sulu,0.95,34,-62.22445291424074,-87.34762627107847,-63.04576671326851
sulu,0.95,35,-53.59788182120971,-85.33277338620356,-63.05985615901815
sulu,0.95,36,-60.699918212433715,-89.7993050269795,-66.36979728042682
sulu,0.95,37,-48.769537631209914,-81.37019450644922,-58.87303027709779
sulu,0.95,38,-44.43576193070294,-84.27763117945285,-63.511621906571825
sulu,0.95,39,-57.14437197023352,-84.48148561035171,-61.93879654385531
sulu,0.95,40,-59.90968103066794,-84.50387836800331,-62.7458780218512
sulu,0.95,41,-52.89453724196511,-86.22501868872908,-62.87760658091934
sulu,0.95,42,-63.959478761438305,-88.7512759546934,-63.50285925123107
sulu,0.95,43,-55.604403107238284,-86.25654789494219,-62.99760400435473
sulu,0.95,44,-49.674391661497026,-86.13208618273087,-63.18124904093601
sulu,0.95,45,-53.42177266926922,-84.67474823749248,-63.04151738300746
sulu,0.95,46,-58.83283346831135,-88.25862440607628,-63.591104273853894
sulu,0.95,47,-63.11312499785387,-85.24894510777922,-61.47479056810012
sulu,0.95,48,-60.793254006952594,-87.68589779280458,-64.92112232491405
sulu,0.95,49,-62.036019004725745,-83.69761003059403,-59.785461540536325
sulu,0.95,50,-47.55058203686269,-84.33260246958383,-63.024432306832956
sulu,0.95,51,-37.03902721426948,-80.88594566614097,-60.81800341345141
sulu,0.95,52,-63.10700959275195,-85.93474949445513,-61.81990250435911
sulu,0.95,53,-59.54464826610473,-83.28458698415524,-61.11094528225964
sulu,0.95,54,-61.79488652540658,-83.9411908831135,-61.30731059285459
sulu,0.95,55,-47.72938744138844,-83.84621422499578,-62.1618489421804
sulu,0.95,56,-70.04023112954525,-89.11497606896897,-63.51364566957733
sulu,0.95,57,-50.71038723228156,-86.1720030790801,-61.89158810536449
sulu,0.95,58,-54.811255868540854,-84.36817610769124,-62.17364603321694
sulu,0.95,59,-54.86396841528915,-85.37445913816694,-62.80688996601388
sulu,0.95,60,-48.27981260994696,-86.65387217028893,-63.735189180856075
sulu,0.95,61,-69.09521701937103,-90.02215074008286,-63.14660416362825
sulu,0.95,62,-68.33835184693379,-88.61673102463618,-64.61189971256206
sulu,0.95,63,-67.6410227203894,-88.16380588659374,-62.37068388178447
sulu,0.95,64,-59.9125809265245,-87.21368775027253,-64.36013964283504
sulu,0.95,65,-71.13060492339898,-91.32536309125662,-66.32020999698622
sulu,0.95,66,-53.10279291014848,-82.82644382054889,-60.03501017059058
sulu,0.95,67,-60.08927017440081,-84.14216191474728,-61.74586240927659
sulu,0.95,68,-60.71497816343876,-85.9910726924863,-62.102401827392974
sulu,0.95,69,-73.05697314952528,-87.53639482146359,-62.90297736456288
sulu,0.95,70,-77.08964857073244,-90.35867051513492,-65.18196639975092
sulu,0.95,71,-58.553216136759886,-87.00530178977625,-61.824272282492245
sulu,0.95,72,-72.62558921970384,-86.63447036142426,-62.16185354072006
sulu,0.95,73,-50.69733086127539,-83.45130669658963,-59.17111053962549
sulu,0.95,74,-71.69821138700178,-88.15133123415222,-63.005585277263286
sulu,0.95,75,-55.01877619945867,-82.27558393032785,-59.65035338413662
sulu,0.95,76,-55.95097702525149,-85.78066954734797,-62.41817167148477
sulu,0.95,77,-70.49038834892187,-88.30902783706867,-61.96639128101529
sulu,0.95,78,-65.86484615337281,-86.14085103452695,-60.884605042764434
sulu,0.95,79,-53.40716445455041,-80.97451991578835,-60.64892171028784
sulu,0.95,80,-47.363343791499176,-83.36488884081965,-61.85114077012301
sulu,0.95,81,-53.953137218319114,-83.97785000539427,-61.2783857546538
sulu,0.95,82,-48.68836822852904,-80.2135309907705,-60.61987676078597
sulu,0.95,83,-48.20767910707258,-87.98136288348331,-64.30050721441141
sulu,0.95,84,-52.156525017217064,-84.11650342445736,-62.70075103223748
sulu,0.95,85,-54.476755784013335,-82.26139848816972,-60.81613097182105
sulu,0.95,86,-57.96453151134875,-83.83512278975033,-61.64103201862679
sulu,0.95,87,-47.70673921503857,-81.96422944159275,-61.337286257631106
sulu,0.95,88,-59.319223925045634,-86.46928085040905,-62.474884241749585
sulu,0.95,89,-63.78649160736404,-86.8540482790662,-62.73564670363046
sulu,0.95,90,-42.948808432687514,-81.85878815284028,-60.3285148612482
sulu,0.95,91,-65.44740830551018,-87.96916463137885,-63.92392318210966
sulu,0.95,92,-53.7269016719078,-84.51956548371209,-62.25314257508988
sulu,0.95,93,-61.39008178428105,-81.95224811284385,-60.91034887057734
sulu,0.95,94,-62.354145757033365,-85.68259290741817,-61.85546437544619
sulu,0.95,95,-39.81294391133042,-82.50919339975837,-60.965026582642196
sulu,0.95,96,-42.99035942708687,-81.03527320190756,-59.95172770251958
sulu,0.95,97,-48.610702495755675,-83.57332011836844,-61.47533904167634
sulu,0.95,98,-52.903302859750625,-84.205773829192,-62.18340962005302
sulu,0.95,99,-52.1818094802947,-81.48786246939234,-59.00647676490865
sulu,0.95,100,-39.91522110218145,-83.72072495871473,-62.9795221276671
sulu,0.95,101,-52.38012667160976,-89.00161616214102,-64.35415753789883
sulu,0.95,102,-51.5145928466535,-85.1116880403161,-63.14480660155373
sulu,0.95,103,-39.516407070181515,-83.57759794615657,-60.96857379983237
sulu,0.95,104,-56.82452051992581,-84.69473886760746,-62.0887930220687
sulu,0.95,105,-51.484598955851396,-83.2797537042702,-60.74707191760503
sulu,0.95,106,-55.63114925528447,-85.56058769220179,-62.00712364059206
sulu,0.95,107,-62.359103236391235,-84.11717049657474,-60.51927292621154
sulu,0.95,108,-67.21565169213909,-87.50614066766826,-63.47212829595454
sulu,0.95,109,-50.26570784435336,-85.73340851915432,-62.75374979771995
sulu,0.95,110,-54.32582293722652,-87.05087512528029,-63.81216631410701
sulu,0.95,111,-50.94608208354845,-84.68403267796522,-61.59339220131383
sulu,0.95,112,-41.435950429619936,-84.13980679200432,-62.99889427526444
sulu,0.95,113,-51.123001663157794,-85.32695727523222,-63.955964227536256
sulu,0.95,114,-61.641671680966255,-87.05125804846259,-62.82941412648221
sulu,0.95,115,-64.9250811009808,-85.76107228678245,-62.78546909891415
sulu,0.95,116,-64.02871268330733,-86.92721519816332,-63.39045028424067
sulu,0.95,117,-51.996264926014135,-84.01881104078755,-60.109115002301394
sulu,0.95,118,-57.302050014664275,-84.81256991547633,-62.38951502208523
sulu,0.95,119,-59.80467718964064,-86.27214049520832,-63.21320159872045
sulu,0.95,120,-60.9237027336419,-86.90535355011319,-62.70336450436998
sulu,0.95,121,-56.72411770012209,-84.8646864965369,-62.9958929801451
sulu,0.95,122,-51.5650710953073,-85.31457200252461,-62.13449022475865
sulu,0.95,123,-58.8269135896214,-85.68502564406207,-62.689597991224566
sulu,0.95,124,-63.57073118687154,-83.95551551844254,-62.577617539952705
sulu,0.95,125,-71.45080341246324,-86.0915523725904,-60.98722577821017
sulu,0.95,126,-52.91032392202419,-83.41054525921095,-61.4681544533274
sulu,0.95,127,-69.89207512611767,-85.39087596333445,-61.98926711067734
sulu,0.95,128,-55.55638312237343,-86.62333629171636,-63.12187522406627
sulu,0.95,129,-53.576141481636114,-85.89317514460018,-64.03051771558967
sulu,0.95,130,-71.85500334749102,-90.76735667731259,-65.51296251400787
sulu,0.95,131,-53.68251410911253,-84.6531001791899,-63.42701135610832
sulu,0.95,132,-54.961564923302205,-83.97349791681631,-63.0908802390911
sulu,0.95,133,-46.32632413001238,-85.44857103442482,-63.63284071731286
sulu,0.95,134,-47.16372081521189,-84.80856757431619,-60.60357402696732
sulu,0.95,135,-52.87908432961419,-83.9909467641232,-61.369151627898006
sulu,0.95,136,-57.9590954634279,-85.45585638948481,-63.13630745928794
sulu,0.95,137,-47.24525429850485,-86.52852841063182,-63.15034557699482
sulu,0.95,138,-58.924862567879615,-86.23519558705127,-63.0439079724354
sulu,0.95,139,-66.32148969692275,-88.56431436242023,-65.75846369048183
sulu,0.95,140,-55.268703568411865,-85.18551154652233,-63.27578187379573
sulu,0.95,141,-51.79480096161592,-82.39077928527004,-61.42502783168997
sulu,0.95,142,-60.25678034055895,-82.43268582164512,-59.82141880424941
sulu,0.95,143,-57.22672721208676,-87.12888716575037,-63.653489130315066
sulu,0.95,144,-51.46714936882455,-83.5393380409543,-61.08898010863615
sulu,0.95,145,-55.286828992218716,-83.64495525370629,-61.625081198573355
sulu,0.95,146,-63.371862358868185,-87.23864417234057,-62.83204231465212
sulu,0.95,147,-50.1126602511514,-86.06195108720976,-64.1650336719883
sulu,0.95,148,-62.31724818966521,-85.76646050136702,-61.79823227399536
sulu,0.95,149,-60.11770843638655,-83.90022111532903,-60.02321373435163
sulu,0.95,150,-64.47157289138414,-87.13876364634048,-62.127381344976776
sulu,0.95,151,-52.976969814341174,-86.62496567339747,-63.97063255652841
sulu,0.95,152,-56.1258331143697,-85.53731602887767,-61.97058140554877
sulu,0.95,153,-47.54249736738393,-85.12165850013497,-63.02429346103765
sulu,0.95,154,-50.23144511269885,-86.5396297111389,-62.86166281173895
sulu,0.95,155,-52.77026466943374,-82.18917756362464,-59.31049099233862
sulu,0.95,156,-65.0537074771783,-87.09821070909237,-62.79116736377434
sulu,0.95,157,-57.81118391630832,-84.89623649781117,-62.439217739801286
sulu,0.95,158,-58.00511973676484,-87.10140919667131,-63.75154364545308
sulu,0.95,159,-46.25938652306144,-84.76366398869479,-62.67256719956109
sulu,0.95,160,-48.27428042332002,-86.20689016916853,-63.222952726420644
sulu,0.95,161,-58.554659209819704,-86.84992499823782,-63.67080605132353
sulu,0.95,162,-51.58270527646698,-82.39957106257566,-60.50298585387153
sulu,0.95,163,-61.69498322176824,-83.68140182098469,-60.535084916234794
sulu,0.95,164,-59.926119363259374,-84.89811992142751,-61.428169741415125
sulu,0.95,165,-70.90327799924106,-87.45603687616341,-62.0645616810464
sulu,0.95,166,-57.652709848999734,-87.81000627960555,-63.020220915513846
sulu,0.95,167,-64.05184038427424,-87.86000737187771,-63.42471158496551
sulu,0.95,168,-67.18873458025533,-85.9189460906887,-61.127169885138244
sulu,0.95,169,-59.06984074507935,-86.547534770741,-63.85606294610506
sulu,0.95,170,-54.26821436428449,-85.18261210862626,-61.919350025919954
sulu,0.95,171,-77.12911948799379,-87.31699217270526,-60.68080110658195
sulu,0.95,172,-60.043648486474325,-88.51456698631652,-64.07653769880231
sulu,0.95,173,-56.423425390225816,-87.91767390898295,-64.60517676958675
sulu,0.95,174,-53.417749224573896,-88.57773081275809,-65.23058402110694
sulu,0.95,175,-63.250407425900704,-87.27802992535223,-62.90750580717913
sulu,0.95,176,-67.1145868912275,-89.99961870407229,-64.2148729934705
sulu,0.95,177,-50.677631675444644,-81.49002888734964,-59.26741236170855
sulu,0.95,178,-64.19871064083202,-89.44770130027142,-64.53995015110641
sulu,0.95,179,-59.13003582169637,-85.91559471424799,-63.33536302428354
sulu,0.95,180,-59.89646675588682,-86.52676630534796,-63.06645782053413
sulu,0.95,181,-56.30240599332865,-86.01584785779804,-61.71775951992032
sulu,0.95,182,-57.976974375287256,-85.79816837586976,-64.43232486490572
sulu,0.95,183,-61.05691538995535,-85.52919297456373,-61.09183855710281
sulu,0.95,184,-60.53489385777701,-89.50646517655954,-65.25518742223142
sulu,0.95,185,-51.6666086092809,-83.60522444666631,-62.375886150697184
sulu,0.95,186,-62.6821140435446,-86.95705322785926,-63.46861292908771
sulu,0.95,187,-57.56385355823346,-84.74139217543265,-61.90675379014142
sulu,0.95,188,-68.87556070321563,-90.69194915801553,-65.42804270525596
sulu,0.95,189,-65.45051830031775,-88.67284279175468,-64.39426631352116
sulu,0.95,190,-51.889391816564,-84.61140116344636,-61.612745238917235
sulu,0.95,191,-60.95075998132978,-86.72648946748899,-62.56705708537818
sulu,0.95,192,-50.45072824097787,-83.951740727796,-62.841708099275635
sulu,0.95,193,-54.63856121389725,-83.85244060166718,-61.241161304808
sulu,0.95,194,-51.996963530132774,-87.36381809081385,-63.6126281275117
sulu,0.95,195,-48.934252883053205,-82.83492583803626,-61.78890361950881
sulu,0.95,196,-54.951873300783205,-83.31672698908145,-61.56997275169685
sulu,0.95,197,-60.53644826808784,-86.7317807544618,-63.64828708174959
sulu,0.95,198,-75.58745929093408,-85.07389730387015,-60.32114239217247
sulu,0.95,199,-41.67875584708068,-82.67102014528945,-62.82833225815277
sulu,0.95,200,-57.66371114244353,-85.62292895106683,-63.197871084582076
sulu,0.95,201,-67.20848490499338,-84.54152521511391,-59.57304028435276
sulu,0.95,202,-47.58224065465453,-80.77357508780142,-61.710918556681314
sulu,0.95,203,-62.84903721090447,-90.81210381272527,-65.08643350268797
sulu,0.95,204,-64.35160099070347,-86.70755912976202,-62.50619245178801
sulu,0.95,205,-46.85415561010288,-83.90880001539696,-62.15530936405492
sulu,0.95,206,-53.584470529500436,-84.83014733764581,-63.28500533499652
sulu,0.95,207,-66.73853756510752,-86.00265628095792,-61.46612728774277
sulu,0.95,208,-68.80072608844284,-90.45103373369827,-63.641529090997565
sulu,0.95,209,-68.55861113343445,-86.71427798988545,-62.61032358748345
sulu,0.95,210,-54.931458439276554,-84.31948345803885,-61.72739033543125
sulu,0.95,211,-70.67169340159168,-86.65294723855875,-61.54126198526064
sulu,0.95,212,-56.61039494411858,-80.68411164247263,-59.27738456706961
sulu,0.95,213,-49.0617117068476,-85.88432365164678,-62.23017429897742
sulu,0.95,214,-48.56920109085871,-88.84723822521283,-64.79387326386946
sulu,0.95,215,-59.49288386220218,-88.78961374386053,-64.50807663310414
sulu,0.95,216,-53.777754624775696,-86.43016220873183,-63.10814486928149
sulu,0.95,217,-65.78256303108247,-89.24279921628894,-64.65435198692893
sulu,0.95,218,-58.7365874374004,-84.48837790011305,-59.316080087041556
sulu,0.95,219,-54.5345854864988,-85.14170890231446,-62.79218281907911
sulu,0.95,220,-51.1011093378948,-87.45869900362862,-64.4288302144824
sulu,0.95,221,-56.56430030741069,-83.99686769075117,-60.27618988336993
sulu,0.95,222,-75.68406053221364,-87.34675036628981,-62.870839874918794
sulu,0.95,223,-52.87375422162569,-84.07126863050523,-60.398954097475155
sulu,0.95,224,-44.261073124228176,-82.29824040975969,-61.77034884717925
sulu,0.95,225,-54.77662055045241,-82.43676010964944,-60.9303833144772
sulu,0.95,226,-64.24381930735916,-87.04759018382391,-62.31623531772311
sulu,0.95,227,-54.29131463312575,-86.21174387302347,-63.20072497748558
sulu,0.95,228,-56.007356750775074,-85.66967317906008,-61.954497663395095
sulu,0.95,229,-66.90305622201441,-87.07115956283374,-64.5482786616432
sulu,0.95,230,-52.52478471510392,-83.14097374855031,-63.236302703242245
sulu,0.95,231,-67.81930452060271,-87.5199971319258,-63.05082019335201
sulu,0.95,232,-65.70020703978719,-84.48007017002624,-60.98097944384928
sulu,0.95,233,-53.94278695529027,-84.35694872409536,-62.336257495241775
sulu,0.95,234,-51.25899792027519,-85.23703927267482,-61.029222233285694
sulu,0.95,235,-48.16997917651352,-80.66374982924913,-59.36642539378247
sulu,0.95,236,-62.06909135243606,-88.42850385113553,-65.37428386992678
sulu,0.95,237,-64.58148317392329,-88.04104611022626,-62.65685536083686
sulu,0.95,238,-56.891722715880434,-86.9878401682671,-62.72354956451709
sulu,0.95,239,-55.741777154612294,-81.9493880681687,-59.923394653271195
sulu,0.95,240,-58.59335724515944,-86.46702774596304,-62.875775240326504
sulu,0.95,241,-56.119802874432565,-85.95880445589341,-63.02558663859173
sulu,0.95,242,-55.2474209607702,-84.1431046476846,-63.15013572143513
sulu,0.95,243,-48.63112558913264,-85.00501723632973,-63.180040015415685
sulu,0.95,244,-51.00402863639414,-85.45268782756305,-63.367563921278844
sulu,0.95,245,-43.62480865833814,-85.93529990712179,-64.23908775534044
sulu,0.95,246,-64.30084836628765,-86.02530216079,-64.30289246135679
sulu,0.95,247,-47.20681217946935,-84.06586252177961,-62.722014863351234
sulu,0.95,248,-53.6217523152427,-86.91014400063807,-63.315569293584254
sulu,0.95,249,-48.13787382372459,-80.64346193534006,-58.785046974321375
sulu,0.95,250,-56.90611279183403,-86.27753864536211,-62.37195745443189
sulu,0.95,251,-56.02348667589882,-85.92882314458659,-63.392580602074204
sulu,0.95,252,-64.35819024887743,-86.66077742922141,-63.111591290384716
sulu,0.95,253,-50.81646343042365,-83.76878571600145,-61.861579670805625
sulu,0.95,254,-56.45131252728282,-83.22496058513967,-60.31126292322531
sulu,0.95,255,-56.52687155470085,-83.89191095994651,-60.244250493060456
sulu,0.95,256,-58.57775626235275,-86.46587385032684,-62.31321866213422
sulu,0.95,257,-48.579044519025786,-85.09752360311383,-63.55596207254499
sulu,0.95,258,-57.44799874298249,-88.14930251257965,-63.42311492552005
sulu,0.95,259,-51.76252234440369,-80.47468712283239,-60.47167076612978
sulu,0.95,260,-50.780489385208426,-84.28600713268436,-62.049728669518096
sulu,0.95,261,-62.73620534701388,-87.3612925852329,-63.77526850604166
sulu,0.95,262,-61.0098202503533,-86.61264506223475,-62.58510068852622
sulu,0.95,263,-58.964860339793745,-87.01690817859634,-62.60765285095385
sulu,0.95,264,-72.44146619676263,-90.24412108527974,-64.55634357079067
sulu,0.95,265,-58.23967220244444,-85.957987309953,-62.32391034343995
sulu,0.95,266,-56.869167682090534,-85.27140458029115,-61.52001665259756
sulu,0.95,267,-52.475685768290475,-85.57268611972746,-62.05711172997293
sulu,0.95,268,-55.40063610367247,-85.01790039364823,-63.0239556981423
sulu,0.95,269,-68.4505449358611,-87.88573233863633,-62.69241928684595
sulu,0.95,270,-57.509789395828335,-84.7307166323042,-62.43631500399131
sulu,0.95,271,-56.629884514597336,-87.43114671748512,-63.38208459276922
sulu,0.95,272,-60.825883537002454,-83.18188379325733,-60.51119632182428
sulu,0.95,273,-42.94210548447302,-83.2042005936131,-60.90395949270592
sulu,0.95,274,-65.85140316536103,-85.55887884995636,-61.78397976856392
sulu,0.95,275,-58.857136922308655,-80.92669670107006,-58.906605591947425
sulu,0.95,276,-60.40344501084013,-84.28566499968122,-60.49425736587547
sulu,0.95,277,-61.065741027210834,-91.67826717467804,-65.50873550664582
sulu,0.95,278,-55.030288637918574,-83.16860301346694,-59.518838332749105
sulu,0.95,279,-67.72711589285456,-84.38670520210374,-60.52247032120059
sulu,0.95,280,-60.62878743205809,-84.31583477297131,-61.908641165622235
sulu,0.95,281,-59.03916357996218,-87.37050706161476,-64.26074038313554
sulu,0.95,282,-67.29509583422956,-88.0693292855066,-64.401972754233
sulu,0.95,283,-64.47129154249413,-87.26212849143327,-61.984466662070545
sulu,0.95,284,-53.09128174668871,-82.2743267920952,-60.528153977175194
sulu,0.95,285,-50.902877976469966,-82.48270676566818,-62.098266917183764
sulu,0.95,286,-37.31050643294378,-80.53373452120616,-60.08882994431423
sulu,0.95,287,-59.19742027029986,-84.01981760905377,-61.32633089712568
sulu,0.95,288,-54.12149380558162,-85.82565300149106,-62.171729743721514
sulu,0.95,289,-55.09029780368226,-87.53150844088707,-64.2118824897682
sulu,0.95,290,-67.94290770810898,-84.49554233033126,-62.155655038069845
sulu,0.95,291,-61.27691417115,-84.32687042151119,-62.20900159296424
sulu,0.95,292,-61.84915121185739,-88.1607329126002,-63.761488851442806
sulu,0.95,293,-54.97074229942086,-83.69320664319764,-60.015685529705884
sulu,0.95,294,-61.77440183842066,-87.51375243699603,-64.08366510379244
sulu,0.95,295,-61.66499646283526,-89.53080176584012,-65.57326873048589
sulu,0.95,296,-60.93022381784874,-87.25500094387719,-62.20262566319462
sulu,0.95,297,-61.78111437680698,-86.9533898046898,-62.98728626535428
sulu,0.95,298,-49.78863454212362,-85.89160852719877,-64.35637771733403
sulu,0.95,299,-50.92499231963967,-85.7614629567299,-63.13005853508095
sulu,0.95,300,-67.50427361772003,-88.83976081796938,-64.23782438134457
sulu,0.95,301,-67.44481422141308,-91.67228563321166,-66.58727176633695
sulu,0.95,302,-59.87539518733362,-87.2931600188476,-61.88400768145811
sulu,0.95,303,-57.86546864440504,-83.34437045078207,-61.38551905748261
sulu,0.95,304,-42.95899342598233,-84.104154824346665,-62.01891858848991
sulu,0.95,305,-61.651520550996196,-83.98027734903359,-60.92360228817429
sulu,0.95,306,-55.700476857584846,-82.92554979194273,-62.178797026017925
sulu,0.95,307,-41.022618945638015,-81.31276698599443,-61.26569327760199
sulu,0.95,308,-59.39006174998724,-88.8172787721511,-64.40630921115263
sulu,0.95,309,-47.727806861174656,-84.87773070894062,-61.94005598200621
sulu,0.95,310,-42.49431604076699,-82.48855205457006,-61.88840419745024
sulu,0.95,311,-46.15263092082631,-83.48844533901996,-62.61582478032922
sulu,0.95,312,-59.647041871416775,-84.83961331745223,-60.93399508742274
sulu,0.95,313,-45.59911986070978,-82.1951502041698,-60.877160150810475
sulu,0.95,314,-52.32382198218187,-88.63950883257121,-64.90210089026833
sulu,0.95,315,-69.41592738437839,-87.69781660347209,-62.88196775102675
sulu,0.95,316,-39.22829399178465,-80.27273234770756,-60.39436038646839
sulu,0.95,317,-51.847930002936295,-85.74104190484412,-63.883929234720995
sulu,0.95,318,-52.15141322177263,-86.22966083911783,-63.28434552791611
sulu,0.95,319,-52.738317647610074,-80.71625851313979,-60.12517288139399
sulu,0.95,320,-69.86763556208174,-88.66064087801719,-63.7369977983672
sulu,0.95,321,-54.91143413174689,-85.60043445288122,-63.33622261928947
sulu,0.95,322,-62.12840023149812,-84.87214245893921,-60.163637647161195
sulu,0.95,323,-45.46057972383494,-82.04954388454937,-60.00860838562426
sulu,0.95,324,-72.69875717590509,-90.44161026626185,-65.87669829700785
sulu,0.95,325,-61.59158584071881,-86.76262240976843,-64.03868039232634
sulu,0.95,326,-56.26686725523314,-85.72124268317869,-63.10887037525489
sulu,0.95,327,-48.11592915505693,-84.8542263384087,-62.74429120798496
sulu,0.95,328,-47.61713273985879,-83.53514445271038,-61.81945306090114
sulu,0.95,329,-61.82396302875793,-84.6129812856289,-61.22063700207491
sulu,0.95,330,-60.268813349355156,-89.54091025915363,-63.89213588669442
sulu,0.95,331,-55.08982410493002,-89.42268975937799,-63.64836834704256
sulu,0.95,332,-52.14135716627132,-84.99287706220923,-62.97224310244405
sulu,0.95,333,-54.09936021761763,-85.2422270245888,-62.22932318686976
sulu,0.95,334,-51.90876515349933,-86.54912815188757,-62.7540524364459
sulu,0.95,335,-53.10318926613573,-83.38176580419429,-61.10699295719479
sulu,0.95,336,-57.226491887957025,-87.3695479397337,-64.15701965552934
sulu,0.95,337,-66.62218620361784,-86.21084339235921,-62.115745802105735
sulu,0.95,338,-64.08223705596805,-87.86141813603365,-63.301579151394634
sulu,0.95,339,-56.51796894207507,-87.13374709381968,-63.15969234599194
sulu,0.95,340,-73.67988425797836,-90.44771601556602,-63.92578272893604
sulu,0.95,341,-57.9109649443522,-84.9443566196596,-62.62583201395767
sulu,0.95,342,-57.10286501184885,-83.77832164237505,-62.41662561069546
sulu,0.95,343,-61.42789185137991,-89.50512037669033,-64.98448580899682
sulu,0.95,344,-64.19472752636233,-87.33415614046741,-63.34783138955081
sulu,0.95,345,-40.59939152293285,-80.77907355047122,-61.31508078732658
sulu,0.95,346,-60.13824475518123,-88.51051252956505,-63.46074502743583
sulu,0.95,347,-49.13267589295049,-85.47591272252797,-63.499888264834
sulu,0.95,348,-51.62228794961845,-84.9642328299069,-61.94488071213635
sulu,0.95,349,-74.61456923646483,-86.81901645513466,-60.577997818763876
sulu,0.95,350,-55.09935617124137,-83.82607023380183,-61.20429311617568
sulu,0.95,351,-54.76070423615411,-83.07897865050124,-61.17304513077595
sulu,0.95,352,-49.691907956243284,-80.62008728984716,-59.47694868200176
sulu,0.95,353,-52.8259840936183,-86.43106313752551,-64.35003364588253
sulu,0.95,354,-64.01744289898414,-89.44453885302809,-64.23300302947143
sulu,0.95,355,-49.88163830967858,-86.03688165324542,-62.89363127375529
sulu,0.95,356,-63.20233694381551,-82.73359559129683,-60.382638997626685
sulu,0.95,357,-54.8429714386786,-85.98334625188448,-62.461992017235175
sulu,0.95,358,-54.47049769875832,-85.34273267971678,-61.98890628783806
sulu,0.95,359,-58.180247752006096,-89.72692593507264,-65.4645763706819
sulu,0.95,360,-53.37022797225035,-84.8957241558866,-61.05863910136721
sulu,0.95,361,-56.25696802514409,-88.88079177636506,-63.71951842315411
sulu,0.95,362,-49.46204213789929,-84.9018886310485,-63.700135266304244
sulu,0.95,363,-53.62664071089094,-89.29579153136763,-66.3332813520216
sulu,0.95,364,-69.90808854721246,-86.87327703565182,-63.47701139284435
sulu,0.95,365,-55.623084189683766,-87.8542729242476,-64.16423215481157
sulu,0.95,366,-54.47542531429775,-82.435549895768,-61.064924929355826
sulu,0.95,367,-44.93030277664067,-84.57588999366658,-62.18974343125244
sulu,0.95,368,-51.55648507971321,-83.18498877884596,-61.42457695332991
sulu,0.95,369,-64.38757591233198,-86.12694463268443,-62.72974586130697
sulu,0.95,370,-56.537167544069064,-82.32906365614124,-61.724358598723185
sulu,0.95,371,-47.54732187325328,-84.29923653893002,-61.821810754892326
sulu,0.95,372,-62.69738211812401,-87.70097221404139,-62.76857159969346
sulu,0.95,373,-49.37045497739177,-82.44222686850443,-60.5756582171793
sulu,0.95,374,-55.28221417354621,-85.55287812327877,-61.85550154798375
sulu,0.95,375,-70.48732787454435,-87.70032722126254,-62.20095082042986
sulu,0.95,376,-59.08693421302445,-81.32897367302857,-58.222222458931604
sulu,0.95,377,-72.51256993905551,-93.35096792655081,-66.38620462988743
sulu,0.95,378,-57.31987925402319,-86.6480802669605,-62.88630145246982
sulu,0.95,379,-56.20447021600404,-82.695087129359365,-60.18773556241997
sulu,0.95,380,-56.03286167428297,-85.13630470728594,-62.84788429994616
sulu,0.95,381,-61.73422849271179,-87.17676960863116,-63.149122013202806
sulu,0.95,382,-51.26234233806673,-80.18641373157459,-58.92157968078869
sulu,0.95,383,-58.577553564107006,-86.43365411066286,-62.909164223332795
sulu,0.95,384,-47.85533471896201,-83.30068253364286,-61.48401773515299
sulu,0.95,385,-61.418418330072484,-87.74480965109086,-63.035769085153085
sulu,0.95,386,-67.76310563763184,-87.30385734041695,-62.56707772546085
sulu,0.95,387,-51.3622896557859,-83.7727022309989,-61.038728808110655
sulu,0.95,388,-45.14647136728527,-83.71591877351665,-62.40221518942949
sulu,0.95,389,-64.93150773071486,-89.02486926832913,-65.59740104995151
sulu,0.95,390,-45.533041989983786,-83.13915666435383,-60.899648273921365
sulu,0.95,391,-51.308509728961695,-84.02786913142606,-62.010737494561766
sulu,0.95,392,-52.72733906392608,-87.07837051322275,-64.88573624207638
sulu,0.95,393,-66.08044067932354,-86.99927330595798,-62.78924694223298
sulu,0.95,394,-44.72729874011617,-81.86875503863209,-60.70098168890479
sulu,0.95,395,-64.49667809850934,-85.2743577280368,-60.13822199747821
sulu,0.95,396,-52.59191750009572,-85.47969647418759,-63.05493539262096
sulu,0.95,397,-68.39554153960572,-84.71739631269747,-60.448066999131434
sulu,0.95,398,-61.95465728612743,-88.27203750109894,-63.771747945556044
sulu,0.95,399,-60.93933907795295,-81.172587665462,-59.72290924639402
sulu,0.95,400,-57.603843666731535,-87.08519549355957,-62.22532171784836
sulu,0.95,401,-57.41655734543406,-83.62053050349405,-61.46991001292862
sulu,0.95,402,-53.79235589577107,-85.86290577022768,-62.44088527079427
sulu,0.95,403,-60.81897283464062,-88.48920807567535,-62.62328274769011
sulu,0.95,404,-56.22979796698371,-84.99932262982372,-62.41640409629453
sulu,0.95,405,-63.52668059120094,-88.6675246505792,-63.0662084250374
sulu,0.95,406,-71.82199059666061,-87.21903649769575,-60.62953562365692
sulu,0.95,407,-60.065438598296794,-85.49692998281694,-61.38069802307038
sulu,0.95,408,-67.69373196566215,-88.68490774655663,-64.27349403531295
sulu,0.95,409,-59.848299433066984,-83.1329900595419,-61.14849414699964
sulu,0.95,410,-63.563551991342365,-88.42338293215619,-63.34364080682556
sulu,0.95,411,-56.04381639282775,-85.26445352303614,-61.872392619069664
sulu,0.95,412,-72.473021456742,-90.2389449523022,-63.76951537055768
sulu,0.95,413,-41.44210091294184,-86.58277901758301,-63.27019457209495
sulu,0.95,414,-48.91356569201406,-82.79272497206287,-62.11728467952305
sulu,0.95,415,-56.490795728069315,-84.3592831254267,-62.460341354224084
sulu,0.95,416,-51.47549037572168,-82.9194063279481,-60.54867955827325
sulu,0.95,417,-61.75696717139351,-85.87747664381762,-61.72997710587808
sulu,0.95,418,-46.514458185013325,-85.9819622303609,-63.33756885468394
sulu,0.95,419,-52.75672337091797,-86.68131931981016,-64.74041528345387
sulu,0.95,420,-52.51803642480064,-83.73668453848184,-61.34643640400459
sulu,0.95,421,-51.92356095450572,-85.161165254746,-62.41477358068441
sulu,0.95,422,-44.29873420252238,-82.94959758719344,-61.63182057011177
sulu,0.95,423,-58.9599048606525,-88.8243058849848,-64.90621705626901
sulu,0.95,424,-63.35623364771408,-90.25014380836046,-64.2028490495433
sulu,0.95,425,-49.61610017047124,-87.75797788062664,-64.9678045432638
sulu,0.95,426,-54.415864780266986,-85.24013470569025,-63.0826152513925
sulu,0.95,427,-43.03590551981313,-84.13649914549703,-62.1018358146854
sulu,0.95,428,-61.57878972101116,-87.55616413659948,-64.63955857952013
sulu,0.95,429,-51.46177252040678,-85.84671414949291,-62.21206741181915
sulu,0.95,430,-44.85117154449688,-83.89473025641146,-62.435050714226676
sulu,0.95,431,-47.54993062100121,-86.775157197867415,-64.13932424556025
sulu,0.95,432,-74.30538205697394,-89.61685740154846,-64.09529453236273
sulu,0.95,433,-50.59295957821968,-86.40175502769802,-64.90199482393892
sulu,0.95,434,-66.77815631279671,-84.53901171304517,-62.21978764287513
sulu,0.95,435,-48.85340991611395,-86.10469300789892,-64.41633444955853
sulu,0.95,436,-66.02846808304565,-88.93835649769031,-65.47607771098434
sulu,0.95,437,-63.10165612640594,-88.75598074153578,-63.11993469669732
sulu,0.95,438,-55.6926055452177,-84.0075569011377,-60.94718256619723
sulu,0.95,439,-64.57935232845887,-86.5552240102981,-63.485495814652005
sulu,0.95,440,-53.0045066768854,-87.47194146727362,-64.5813710794852
sulu,0.95,441,-51.562024244515555,-84.14480688900126,-61.994650421025675
sulu,0.95,442,-67.49759184058661,-85.83761764268846,-62.44830256175741
sulu,0.95,443,-45.32128041199505,-82.88629664582922,-60.45210541206762
sulu,0.95,444,-62.45460507390271,-86.92606980515421,-63.705912284863345
sulu,0.95,445,-66.70800983348303,-89.90758306032212,-64.06918207309286
sulu,0.95,446,-53.93331811811282,-84.59670765904471,-61.02657021373162
sulu,0.95,447,-68.0634769497791,-92.14746386498366,-65.6144744143083
sulu,0.95,448,-64.85412127938758,-85.66298327558721,-61.91319506471424
sulu,0.95,449,-46.110280495791784,-83.73747815864695,-62.4157669929144
sulu,0.95,450,-60.440711291808356,-89.29525958704996,-65.04573628522877
sulu,0.95,451,-52.36607007667743,-85.79785021606078,-63.95544300997012
sulu,0.95,452,-64.155717827147555,-86.81530305530978,-64.09344808303145
sulu,0.95,453,-61.23266556447311,-86.32043408482176,-63.14589207711989
sulu,0.95,454,-56.95677636487275,-86.27090185832135,-62.307248257218625
sulu,0.95,455,-58.49093508526681,-89.26910813277775,-63.498231027957566
sulu,0.95,456,-64.34016545666293,-88.51272474678368,-64.75269087113156
sulu,0.95,457,-55.50724011045892,-86.85662622906287,-61.97179090001963
sulu,0.95,458,-64.06120653695436,-88.91291910863525,-64.20702666389819
sulu,0.95,459,-66.44642080466605,-85.71732033138068,-64.1420354880078
sulu,0.95,460,-54.27764311074378,-86.06975648303421,-63.35303424404239
sulu,0.95,461,-60.939088532228965,-82.32501352138902,-60.009838711760246
sulu,0.95,462,-55.575975997426184,-88.12532275002977,-64.02078865285253
sulu,0.95,463,-58.23885368416586,-85.74200414404484,-62.4385105186396
sulu,0.95,464,-49.19338140628568,-84.83893981707598,-62.99546411608478
sulu,0.95,465,-64.44845861373437,-87.66856725451855,-63.02724373667691
sulu,0.95,466,-44.0607903247992,-85.60577381268118,-62.783684892577256
sulu,0.95,467,-54.86999042469614,-83.45115822403213,-61.476258027048196
sulu,0.95,468,-51.643396944516496,-87.70267537417328,-64.12679877599463
sulu,0.95,469,-49.50792162131472,-81.40794507550763,-60.41031492428658
sulu,0.95,470,-67.92392207259752,-88.65831082653858,-65.07029474369925
sulu,0.95,471,-60.41310834460387,-87.46412221478295,-63.45207239848603
sulu,0.95,472,-64.68210400764045,-86.37880297692546,-63.914270514067866
sulu,0.95,473,-48.91675956596063,-86.77880140161193,-63.19729730825459
sulu,0.95,474,-51.4204114562944,-88.04170998365805,-64.1976159738171
sulu,0.95,475,-57.13949112302683,-84.6908852372419,-61.00573352669285
sulu,0.95,476,-53.015944594488815,-85.09050648976459,-62.3068660482206
sulu,0.95,477,-52.8611380393757,-81.55725588971384,-60.538715192034786
sulu,0.95,478,-50.90366970941426,-83.74883140355999,-62.4563488398847
sulu,0.95,479,-63.929635300751414,-86.270560891726,-62.401384910745364
sulu,0.95,480,-57.98588658894485,-87.35144950140082,-63.631455668327675
sulu,0.95,481,-61.33662957738974,-86.31529583637912,-62.499304181684664
sulu,0.95,482,-57.89316075157868,-87.87364995175285,-62.59829181462486
sulu,0.95,483,-66.13895164860136,-87.99710207052215,-63.40955085555634
sulu,0.95,484,-47.49476815458041,-84.60233913850476,-62.849888471109026
sulu,0.95,485,-66.88871936266548,-87.56129077528212,-62.30468540229603
sulu,0.95,486,-66.29035737963181,-86.78973211660302,-63.67856125318002
sulu,0.95,487,-65.9356229853872,-89.0262323760338,-62.99076978330009
sulu,0.95,488,-55.222154584582256,-84.27683024301489,-60.453284881264885
sulu,0.95,489,-53.82708118976706,-86.92233925237477,-62.31938238781605
sulu,0.95,490,-63.85055966659874,-85.28300189335141,-61.28086122532896
sulu,0.95,491,-62.78354602467999,-86.5344986283406,-62.08066778015237
sulu,0.95,492,-65.79266924530148,-86.73834154199804,-61.575692862067434
sulu,0.95,493,-63.90797697456486,-90.21342481323663,-63.92721006148812
sulu,0.95,494,-63.648341690659066,-83.33777575034684,-60.476199848325216
sulu,0.95,495,-55.24968881246821,-84.98382820368462,-62.68586525197901
sulu,0.95,496,-57.90212710449504,-84.2827418454922,-62.466211348523856
sulu,0.95,497,-54.58528459531243,-82.8980101266552,-61.123253681135424
sulu,0.95,498,-63.4288091061795,-87.18962583989725,-61.20082557208535
sulu,0.95,499,-58.11730887352408,-88.93663998743838,-63.6489672490129
sulu,0.95,500,-56.95402366633098,-84.56585827390435,-62.22340286840949
sulu,0.95,501,-49.58257462834544,-82.97845468574747,-61.75610584277745
sulu,0.95,502,-58.05324517956899,-81.43082059952918,-58.82295443104671
sulu,0.95,503,-50.33914816769206,-85.6494262070586,-64.86956318649376
sulu,0.95,504,-53.654720783633195,-83.64127970112253,-61.453813260451234
sulu,0.95,505,-53.805308205719996,-89.90515967610497,-65.18804455035283
sulu,0.95,506,-61.4077143808812,-85.88568300690682,-61.97782179106256
sulu,0.95,507,-51.43073441450798,-86.25629107754558,-63.105507549370216
sulu,0.95,508,-44.34570077172344,-82.34230221474732,-61.277376869260145
sulu,0.95,509,-65.04260078345806,-86.75216959307821,-62.19947206456001
sulu,0.95,510,-67.37519177553679,-90.20088088796304,-65.08972493165963
sulu,0.95,511,-62.38185541885457,-83.70692005675227,-59.641929282358255
sulu,0.95,512,-60.86726528409946,-86.16210159862611,-62.70956389881043
sulu,0.95,513,-61.73776497615074,-86.98805163703186,-62.82144674674439
sulu,0.95,514,-57.64019009338972,-80.54137929016653,-58.56214114376974
sulu,0.95,515,-58.51900991821935,-85.08725155407393,-62.55653481051303
sulu,0.95,516,-52.13724324610726,-85.03703286932986,-62.34740397202047
sulu,0.95,517,-46.55907700625045,-84.85040051333468,-61.73014376038893
sulu,0.95,518,-59.94983134166779,-84.42680346108926,-61.020090588471675
sulu,0.95,519,-60.35642366660079,-83.72382458039145,-60.66101569889503
sulu,0.95,520,-60.11172603876375,-86.5774891591459,-65.2501167900684
sulu,0.95,521,-54.374936987851044,-86.17707956720301,-62.99909552013869
sulu,0.95,522,-51.08792032176683,-81.70571117096071,-59.686941363635995
sulu,0.95,523,-55.17579259019004,-83.68107849230903,-61.77065222909722
sulu,0.95,524,-58.30087814475996,-86.33317225199785,-61.13053279279277
sulu,0.95,525,-54.45323011641548,-85.02053883387072,-63.20087569940405
sulu,0.95,526,-58.26642203611891,-84.68914804496242,-61.04615241991603
sulu,0.95,527,-63.83911855980651,-86.62444765631845,-61.641919990919874
sulu,0.95,528,-47.02407782111371,-84.67582026195596,-62.447738593147065
sulu,0.95,529,-61.36029228149016,-92.10547177581331,-66.70074301930572
sulu,0.95,530,-51.40598274791711,-86.06021538667392,-63.966627607802984
sulu,0.95,531,-55.465551426953425,-85.05305286695986,-60.79042557577741
sulu,0.95,532,-55.11209217998794,-87.25996475351694,-63.15118643073677
sulu,0.95,533,-52.08216644531143,-82.78011728752054,-60.64507978088132
sulu,0.95,534,-48.45153610655302,-89.26172392296337,-65.50403316965142
sulu,0.95,535,-62.220964138722366,-88.33305109686592,-63.45173780808921
sulu,0.95,536,-59.35386578712681,-84.95671162152377,-62.38432401614362
sulu,0.95,537,-49.87819616780206,-82.74083576129712,-61.02731347051663
sulu,0.95,538,-46.49120137769731,-80.58301272287386,-59.65921135956041
sulu,0.95,539,-51.38681682919929,-83.54568803603964,-61.596955714325375
sulu,0.95,540,-65.50848861199586,-85.21092436496758,-61.21797351923339
sulu,0.95,541,-61.53680090307648,-89.48580854384879,-64.32478370800128
sulu,0.95,542,-54.24013643183952,-85.36801012072681,-62.035491811813976
sulu,0.95,543,-51.67878525702528,-85.48588050464481,-61.993027251562744
sulu,0.95,544,-56.8677778039721,-85.03825481149347,-62.92155131914142
sulu,0.95,545,-58.76469553349537,-89.82898336798607,-64.55663324820297
sulu,0.95,546,-47.97968045055049,-83.15815285409505,-61.16422160877715
sulu,0.95,547,-58.75584942617314,-86.77042477403859,-63.57170267239994
sulu,0.95,548,-51.90727930722272,-86.20312857786458,-64.22728987098766
sulu,0.95,549,-54.2542416351956,-85.66380892820956,-64.06664636877373
sulu,0.95,550,-59.931065282069085,-88.14546860050785,-63.572547263734414
sulu,0.95,551,-56.560343240438186,-85.03274609399774,-62.22204638106109
sulu,0.95,552,-66.8616614274178,-86.21356538498246,-60.264787335393265
sulu,0.95,553,-55.62428154653975,-85.04798449984818,-62.95547402558432
sulu,0.95,554,-51.83537984617655,-84.81915757138034,-61.88864466899183
sulu,0.95,555,-73.6505337564409,-91.16812415720597,-65.54466826806178
sulu,0.95,556,-59.91754206752017,-86.92215701134272,-62.84783671701012
sulu,0.95,557,-63.9971884958772,-85.25017784302162,-62.656841068967296
sulu,0.95,558,-53.02803957007322,-84.98222313366497,-62.091075388516295
sulu,0.95,559,-68.77689963705839,-88.90460247308668,-63.030394917507714
sulu,0.95,560,-53.0402308246272,-84.49012855248567,-59.94441305730891
sulu,0.95,561,-66.73057181169352,-86.06556196307773,-62.33135588569303
sulu,0.95,562,-59.68469630549356,-81.28401338804996,-59.921535314251585
sulu,0.95,563,-69.16943678610627,-85.40251703018279,-60.41686306330832
sulu,0.95,564,-56.468868423689116,-86.13726070514292,-61.61518894477008
sulu,0.95,565,-68.83338979773964,-88.38870418839919,-64.22751907725473
sulu,0.95,566,-58.02948131578188,-85.9836408865816,-63.354507152686836
sulu,0.95,567,-57.06557101067668,-86.35424733775326,-60.64931172704987
sulu,0.95,568,-54.408033940659095,-83.94302719653464,-60.85988638959532
sulu,0.95,569,-65.06218873221326,-90.56229687628324,-64.6760983065936
sulu,0.95,570,-49.670340879236306,-84.39778830179729,-63.47053271078809
sulu,0.95,571,-58.828141756858656,-82.96919468390749,-61.071830576616904
sulu,0.95,572,-47.13274208780635,-81.6835313004049,-59.64945879286354
sulu,0.95,573,-50.600036224098744,-85.47750341806713,-62.274084850324215
sulu,0.95,574,-58.72642811154293,-87.65730091796297,-63.348719999086214
sulu,0.95,575,-67.20150417796197,-89.04346524155612,-64.20687399408607
sulu,0.95,576,-56.99990026429478,-83.73770139731722,-63.73306521189504
sulu,0.95,577,-58.48933534302958,-86.63011740622807,-63.20504637577043
sulu,0.95,578,-49.90569293220574,-84.27032675942453,-62.14868766390877
sulu,0.95,579,-52.76371121599203,-86.33455691043099,-62.97930167321326
sulu,0.95,580,-59.66681089601582,-84.86818477326389,-61.07860195179168
sulu,0.95,581,-50.28942984256847,-86.73390970149455,-64.18975494476028
sulu,0.95,582,-47.77282719256607,-81.00905343169656,-60.66196859423218
sulu,0.95,583,-52.064074152274145,-87.57846673281756,-64.83097998890611
sulu,0.95,584,-55.15782945996841,-84.57694988663945,-61.41689362072182
sulu,0.95,585,-58.558081593702695,-85.91716370319145,-61.70479718224089
sulu,0.95,586,-62.52383541460455,-88.78202178698977,-64.35324187858365
sulu,0.95,587,-52.64759966043127,-85.73301265970088,-61.748179831526976
sulu,0.95,588,-39.993980579793856,-84.99731853721914,-64.0253280947324
sulu,0.95,589,-50.213199874462504,-86.66895668815141,-63.09122387319536
sulu,0.95,590,-61.008459569984495,-87.75610476776568,-63.28459278948808
sulu,0.95,591,-65.1003957689631,-86.68066343445652,-63.077580883766316
sulu,0.95,592,-64.88621687815134,-87.17993568214567,-61.47374735631545
sulu,0.95,593,-57.88357142075327,-87.12082328173483,-63.6282007415405
sulu,0.95,594,-63.43927536607728,-84.57122996682469,-61.84637604948788
sulu,0.95,595,-49.463164961417874,-86.53276869837418,-63.98303234969106
sulu,0.95,596,-63.529993976166566,-83.89474558644108,-61.35147892189993
sulu,0.95,597,-52.926069256172184,-84.54632764511915,-62.31099123150691
sulu,0.95,598,-50.987500774856926,-83.2183331286751,-60.56401362544219
sulu,0.95,599,-52.127122248315004,-84.52569056874202,-61.34184178437519
sulu,0.95,600,-58.050850293282764,-85.66057102992634,-61.658038043204925
sulu,0.95,601,-53.528421245548344,-84.88200318224006,-62.909007864804146
sulu,0.95,602,-56.98332287622418,-86.68235314325737,-62.82015044724046
sulu,0.95,603,-45.82578421858088,-84.2192568656389,-62.082538410105286
sulu,0.95,604,-43.89282385602331,-82.33095956774498,-61.10420701851855
sulu,0.95,605,-55.266914735065825,-87.12998009987567,-64.45225424989256
sulu,0.95,606,-57.68470190545696,-88.76362398635538,-63.53545167883711
sulu,0.95,607,-48.52646997290614,-84.60469313810651,-61.42757121098272
sulu,0.95,608,-64.79687195425163,-84.80011674079805,-62.25360616445835
sulu,0.95,609,-52.77259868288036,-83.2223762322738,-60.482874398504315
sulu,0.95,610,-59.51873280775092,-87.51325317798843,-63.83512694966504
sulu,0.95,611,-59.86866160875462,-88.70668252786896,-63.48137609329632
sulu,0.95,612,-61.87624414797938,-86.39435653670128,-62.363541339598626
sulu,0.95,613,-59.64485342424922,-83.7345556516531,-61.50430031541522
sulu,0.95,614,-68.1458688883202,-86.56168998050833,-61.31047073566475
sulu,0.95,615,-46.81754694297081,-86.84711460526555,-64.84171409292885
sulu,0.95,616,-51.28055181529487,-85.63369281533761,-62.71198463917774
sulu,0.95,617,-65.46633690109641,-86.44850330427411,-64.15012239095546
sulu,0.95,618,-61.31943006297976,-83.94878576092555,-61.03315060113084
sulu,0.95,619,-68.12295057768978,-85.84947540855626,-62.01983059393476
sulu,0.95,620,-50.660586446441954,-86.21766498479515,-63.469796661701
sulu,0.95,621,-56.72295445568824,-87.35834335445595,-63.913034240552236
sulu,0.95,622,-61.60782091399716,-86.14763733570547,-62.82988764330768
sulu,0.95,623,-54.74116090021147,-82.99589382313462,-60.4535231547236
sulu,0.95,624,-60.68848042673159,-84.30196232374914,-62.09548425111206
sulu,0.95,625,-64.18986976802881,-86.01823188102456,-63.73509032536266
sulu,0.95,626,-52.808918383875266,-87.54440034972066,-65.42602130483199
sulu,0.95,627,-54.47127175304507,-88.66615874128678,-65.34997291569685
sulu,0.95,628,-47.78395797980784,-83.71421285749031,-61.37850075758371
sulu,0.95,629,-52.500254922351445,-88.37410094119014,-65.9200415867058
sulu,0.95,630,-56.804527714739976,-84.76572151589477,-61.33934873592092
sulu,0.95,631,-60.108651328633215,-85.67167587893205,-62.74483211402255
sulu,0.95,632,-57.282019434833444,-84.39622908389092,-60.76908020197395
sulu,0.95,633,-62.25605906392755,-88.96187584558824,-62.890588162087695
sulu,0.95,634,-67.26268914829987,-87.62911212928755,-63.12014980783479
sulu,0.95,635,-59.4463160972241,-87.62623644983582,-65.08464883395754
sulu,0.95,636,-45.097897524970136,-83.45933672556043,-61.52904705376863
sulu,0.95,637,-63.196684378528175,-88.35825295296085,-64.91884518310682
sulu,0.95,638,-54.403389440250265,-84.21939677971807,-61.561924693080655
sulu,0.95,639,-53.684992349470406,-85.96492683496646,-63.05422378172027
sulu,0.95,640,-56.703231140613696,-81.6840942766664,-58.94178769546159
sulu,0.95,641,-48.56624894370569,-85.71970773803113,-61.677764676888756
sulu,0.95,642,-63.27594634353352,-85.88188009433796,-62.60700919346936
sulu,0.95,643,-59.932594799281105,-85.43759561259847,-62.45808785774358
sulu,0.95,644,-59.649908472876405,-85.24273319210266,-60.83892918746349
sulu,0.95,645,-56.484837036095456,-83.05619308162997,-61.022207092009644
sulu,0.95,646,-58.205339368251714,-86.34102135493903,-64.4723281781596
sulu,0.95,647,-48.122230045494035,-85.76827349256767,-63.22533855683625
sulu,0.95,648,-60.28279404079319,-84.24681728894737,-61.61837313296878
sulu,0.95,649,-55.50417705702881,-85.38456404187006,-62.231172894684605
sulu,0.95,650,-59.64714404868758,-89.15413143418358,-65.14037516640474
sulu,0.95,651,-51.69168754278948,-84.17302342397608,-62.131764467435616
sulu,0.95,652,-42.08746917755053,-83.90796228095395,-61.34429786374853
sulu,0.95,653,-67.28009204748491,-83.79289502682516,-61.26770341190031
sulu,0.95,654,-68.28584538047653,-90.66352317522231,-65.74809260520367
sulu,0.95,655,-52.84472043379398,-81.04028108066649,-59.65681779240598
sulu,0.95,656,-57.47347168834406,-83.99920066291621,-62.411345479049494
sulu,0.95,657,-60.87730508030626,-85.4595948365909,-62.95036158383368
sulu,0.95,658,-47.72514616800501,-84.37240961991415,-62.52031551528114
sulu,0.95,659,-65.52358944769318,-91.01820132259803,-65.26835130150583
sulu,0.95,660,-64.12214522042086,-85.792124439764,-61.93967754243883
sulu,0.95,661,-73.25977810853527,-88.07001320335593,-63.197328959778105
sulu,0.95,662,-57.78565041799973,-87.18122121558365,-62.25405356774479
sulu,0.95,663,-59.23522591265069,-90.08637848533601,-66.77810023944939
sulu,0.95,664,-53.80772434140573,-85.68924950364827,-64.55922732326516
sulu,0.95,665,-62.76389658677817,-85.54740414114825,-63.59053474931369
sulu,0.95,666,-54.289686139470234,-85.61324042779923,-62.83497117909444
sulu,0.95,667,-47.22943194113378,-84.45431023394028,-62.37381083928822
sulu,0.95,668,-64.25641359453289,-87.34985043144037,-62.733491347614105
sulu,0.95,669,-56.474568288126875,-88.03966971222206,-64.82434990278277
sulu,0.95,670,-55.07417807151393,-87.65320750830087,-62.482256014508494
sulu,0.95,671,-54.829193677297525,-89.47234647622076,-65.44995491429543
sulu,0.95,672,-63.960651565555,-88.42419081569216,-64.57091596488205
sulu,0.95,673,-50.14128183139988,-85.54537382854738,-63.33713842929721
sulu,0.95,674,-52.612182620280095,-84.13915092209932,-62.64043668698381
sulu,0.95,675,-66.86478500416393,-92.08124175879834,-66.03678053977355
sulu,0.95,676,-40.97831526275658,-85.519590295862,-64.43711260751577
sulu,0.95,677,-71.08297870010381,-88.66190693574423,-64.38371346068256
sulu,0.95,678,-47.397682305021334,-84.07533785770403,-63.578147624648864
sulu,0.95,679,-64.42286663864797,-87.9009500855089,-63.40576256552587
sulu,0.95,680,-46.77766747011009,-86.50229696050839,-65.00382596140344
sulu,0.95,681,-55.825881360730705,-83.72840082577885,-59.79761866686823
sulu,0.95,682,-46.12654761977504,-82.94428882523944,-61.01412756107857
sulu,0.95,683,-64.02137163201164,-86.12793675913731,-62.61493825585632
sulu,0.95,684,-60.587767984422925,-87.8487805068369,-63.07772590223122
sulu,0.95,685,-56.43671464219213,-85.69250414860946,-61.700811862577325
sulu,0.95,686,-69.32864960000705,-89.41234627229755,-63.29046863999065
sulu,0.95,687,-46.54181432371189,-84.03371712754621,-62.657151455286964
sulu,0.95,688,-61.45760212896795,-86.64448242517466,-63.200608055278806
sulu,0.95,689,-54.811387577584526,-83.36218714259897,-60.94281710366439
sulu,0.95,690,-60.58742303050309,-84.55174483660306,-59.97360859142877
sulu,0.95,691,-54.65356585930783,-85.41489808896503,-62.35296792799576
sulu,0.95,692,-55.45326477124334,-85.16750247425075,-61.95622995018907
sulu,0.95,693,-50.32518745568811,-81.74388641356501,-61.00451611762708
sulu,0.95,694,-70.43426354574967,-90.76589004403834,-65.6028967914434
sulu,0.95,695,-54.35169256429151,-86.42929815948008,-65.09237038381994
sulu,0.95,696,-51.40745403802734,-79.74796129816104,-56.90933534110185
sulu,0.95,697,-62.13634867793991,-84.5311949741024,-60.104067345520576
sulu,0.95,698,-60.82207021515083,-85.03588061342796,-61.66985443449069
sulu,0.95,699,-57.95539583916897,-81.90649680203309,-59.36920773208675
sulu,0.95,700,-51.48240032580995,-87.40602843126248,-64.57288481847769
sulu,0.95,701,-59.532538154809885,-87.12808624470108,-63.17393153353821
sulu,0.95,702,-57.50527159294913,-86.95730369074164,-62.61953126296709
sulu,0.95,703,-55.53128734876168,-84.82197961792693,-62.16469263654294
sulu,0.95,704,-63.402459106647996,-88.54709962670273,-66.25212824016367
sulu,0.95,705,-50.83409141584994,-86.068865593727,-63.12971388786584
sulu,0.95,706,-46.79273930044329,-80.98288478654963,-60.6789204075294
sulu,0.95,707,-57.11280667255846,-84.6290433249192,-61.34205884565732
sulu,0.95,708,-66.71524623223851,-83.93383503950085,-61.67349794651383
sulu,0.95,709,-61.89204675755528,-89.0508959200198,-64.4372291498888
sulu,0.95,710,-50.420699378270484,-85.15050256647922,-64.58228230952297
sulu,0.95,711,-53.172915461447985,-87.09229499115142,-63.18976068907298
sulu,0.95,712,-57.720874889428444,-85.82079328917757,-62.63491153610107
sulu,0.95,713,-49.432484694821596,-83.53071897856029,-62.427848504723656
sulu,0.95,714,-55.193368474387455,-84.51120701406785,-62.32310490838047
sulu,0.95,715,-57.837035787817456,-81.5940463361682,-59.368894282005066
sulu,0.95,716,-56.8080462639619,-88.84859242428419,-66.02812426679813
sulu,0.95,717,-56.491162722233014,-83.69064562007632,-61.58379975214589
sulu,0.95,718,-59.13088490808309,-82.90355388733637,-59.97595096070384
sulu,0.95,719,-32.13369271314366,-82.83331573151474,-62.76134899571427
sulu,0.95,720,-65.39856582482645,-85.74188653682485,-61.440261723071984
sulu,0.95,721,-53.85847544915961,-82.37121369367848,-62.06606967549992
sulu,0.95,722,-55.969695412159695,-87.35037927290557,-64.57675870526433
sulu,0.95,723,-73.72121225252411,-94.20124537833354,-67.85944438239426
sulu,0.95,724,-55.13148663497026,-85.41020750829708,-62.892605257746446
sulu,0.95,725,-67.09003763324091,-85.01015534830893,-60.863750765579184
sulu,0.95,726,-51.65575635851002,-84.20369068817799,-61.24410814977388
sulu,0.95,727,-57.09629920780378,-85.22002840133288,-62.740834327121114
sulu,0.95,728,-50.06089713809408,-79.59915824386732,-59.45161598911922
sulu,0.95,729,-48.774458164360766,-81.39937119660625,-59.542914620542675
sulu,0.95,730,-71.25478283626538,-86.95281112896559,-62.82243124102971
sulu,0.95,731,-55.61184684115517,-84.11050605322961,-61.81231276274358
sulu,0.95,732,-63.27358219590812,-85.57613765096028,-62.212221780035506
sulu,0.95,733,-58.892941514390316,-84.99668388330736,-62.45639347545734
sulu,0.95,734,-63.55557413968231,-87.28406393672584,-63.107514661355175
sulu,0.95,735,-49.86441907728221,-85.49684110924271,-63.86776215230705
sulu,0.95,736,-52.33840247754068,-82.67093172272087,-60.69617578701495
sulu,0.95,737,-56.137076329855404,-83.89653555268265,-61.23602909880491
sulu,0.95,738,-60.13243583213546,-87.25006743557098,-61.950047645777644
sulu,0.95,739,-67.83083430698136,-85.53942219176474,-61.107189129179325
sulu,0.95,740,-59.36472438700093,-88.21325511478233,-65.26849952697368
sulu,0.95,741,-50.13616988889274,-85.365080371553,-65.10980018600921
sulu,0.95,742,-67.3769428447475,-86.25644918807264,-62.79218403894213
sulu,0.95,743,-59.5166937059052,-86.48681796951843,-62.275899195537505
sulu,0.95,744,-70.37119700790237,-86.24245320719994,-63.30066432961223
sulu,0.95,745,-55.6001861954681,-84.23577763208749,-62.21190226927867
sulu,0.95,746,-53.11183752648961,-85.55146262204981,-62.84019187010719
sulu,0.95,747,-54.79556680396186,-82.83506066901455,-61.56088728922552
sulu,0.95,748,-58.39967244061728,-83.42443410503756,-60.2667707556172
sulu,0.95,749,-63.559126553324234,-83.68817360684278,-61.48899851721841
sulu,0.95,750,-53.901230173778686,-83.32904926587088,-61.27582043171742
sulu,0.95,751,-62.729378198112386,-88.65712463202321,-64.3572091630731
sulu,0.95,752,-42.462895783052915,-87.3641479453157,-64.04656342611098
sulu,0.95,753,-58.244335297358674,-81.78741245124883,-60.62332268616523
sulu,0.95,754,-68.96614967667495,-87.90907824727985,-62.5030955388324
sulu,0.95,755,-67.21363157388842,-87.05595023694507,-62.441583196420524
sulu,0.95,756,-58.139031602581866,-88.78971164519845,-63.82344541879809
sulu,0.95,757,-60.12482018147921,-86.53447901704314,-62.65913998102909
sulu,0.95,758,-59.94494112075586,-88.00969586108741,-63.57482363864775
sulu,0.95,759,-52.59746897515123,-85.84999326429967,-62.90705310104741
sulu,0.95,760,-69.14310298821206,-87.54913636870651,-64.37469807192645
sulu,0.95,761,-69.1572465876674,-92.61645607775073,-65.03427800252943
sulu,0.95,762,-53.972291467086166,-84.78713627177656,-61.5436206073231
sulu,0.95,763,-62.99772066168086,-88.07692165167278,-63.72437182559412
sulu,0.95,764,-45.64648289283775,-84.99796724081526,-63.24925101189548
sulu,0.95,765,-47.2775090162734,-84.9198752539417,-60.51216159599638
sulu,0.95,766,-61.55210968849201,-90.63570763479169,-65.67512268016068
sulu,0.95,767,-64.52047349639082,-86.91541439196297,-62.279509651158875
sulu,0.95,768,-58.910595810644566,-87.5273655444442,-64.3360218595111
sulu,0.95,769,-61.83066193728678,-88.13983766400924,-64.3985373275477
sulu,0.95,770,-56.05192458272592,-84.98816218690358,-62.200851913471105
sulu,0.95,771,-49.00432963990295,-82.8071464027128,-60.26659234167421
sulu,0.95,772,-59.563151813465765,-87.49085633244125,-63.08111713076094
sulu,0.95,773,-57.70321600597288,-82.7601176787282,-61.274744494649326
sulu,0.95,774,-53.300653203053116,-83.64912842449435,-61.15910463063804
sulu,0.95,775,-56.772505419786995,-87.14707168874483,-63.073450595914935
sulu,0.95,776,-53.732934198639185,-84.68401303280129,-61.361562038687715
sulu,0.95,777,-51.181154286530045,-83.56511204934999,-60.959326179721344
sulu,0.95,778,-41.78034879690614,-83.20003832339431,-62.092953667418314
sulu,0.95,779,-58.303027132590245,-85.94058272504627,-61.68904253966991
sulu,0.95,780,-58.49319814410745,-87.68763076440207,-64.51807151350582
sulu,0.95,781,-64.19910386220153,-87.05921045041025,-61.3923376999813
sulu,0.95,782,-44.29362948784296,-80.25257978864491,-60.146349282269455
sulu,0.95,783,-63.63875291650436,-85.76725095777044,-62.40961585192082
sulu,0.95,784,-51.335358266817025,-86.66220949923871,-63.54920565198631
sulu,0.95,785,-67.84581646058768,-90.11085584352846,-63.918669345930624
sulu,0.95,786,-58.59403037076078,-83.19428698372282,-61.11892389596277
sulu,0.95,787,-56.58981650663111,-83.07852291912933,-60.772835754941205
sulu,0.95,788,-63.4024354771625,-87.22439874607593,-62.65172202701552
sulu,0.95,789,-62.64435107603845,-90.01387030574301,-64.45726760810871
sulu,0.95,790,-69.21210745904915,-85.73125275170679,-60.72324829433643
sulu,0.95,791,-53.53100597038039,-84.04674596167263,-62.20278922816946
sulu,0.95,792,-48.27228000459448,-86.05771428230763,-63.24488145382257
sulu,0.95,793,-52.26401379044404,-86.25133438659174,-63.03287368899444
sulu,0.95,794,-56.886739767988985,-88.37411749919235,-65.07380458445493
sulu,0.95,795,-54.79616169339184,-88.14182451936307,-62.58803075079682
sulu,0.95,796,-55.68875067558068,-86.82169145489995,-63.53699103610361
sulu,0.95,797,-65.44383361708375,-84.97941260245804,-61.76357388066719
sulu,0.95,798,-73.01233268306609,-85.78633532571033,-60.581628379367686
sulu,0.95,799,-55.97969068848121,-84.86689773543907,-62.54074708254801
sulu,0.95,800,-57.58637339059459,-86.67741121125306,-64.41899859752337
sulu,0.95,801,-70.61716800122753,-88.32211204145086,-63.18906332995512
sulu,0.95,802,-43.62904359714901,-83.6576953341571,-62.03226082986925
sulu,0.95,803,-55.79715004498536,-83.57685177492232,-60.771551006357726
sulu,0.95,804,-50.0568539187405,-83.80860138844423,-61.00966311224075
sulu,0.95,805,-60.68888194028739,-84.75635147912051,-60.79139969062534
sulu,0.95,806,-56.71924554731112,-84.49079454214939,-61.42927291731267
sulu,0.95,807,-54.116380054071556,-86.97037581687877,-64.77719004287509
sulu,0.95,808,-51.46267783158828,-81.21724540791298,-60.408881216553695
sulu,0.95,809,-62.36078104245317,-86.23884130262633,-62.870411150454075
sulu,0.95,810,-57.68260732065164,-83.81331316597105,-60.73784170723552
sulu,0.95,811,-44.9284012203633,-84.27773943523867,-62.87336254759852
sulu,0.95,812,-48.800172395459555,-81.27929531603417,-60.77029108357344
sulu,0.95,813,-56.05851960683785,-82.46468590143826,-60.08052759988858
sulu,0.95,814,-53.4963142556912,-84.19672918663872,-62.54306291379014
sulu,0.95,815,-60.016979602127634,-89.44001248701369,-64.15577526296707
sulu,0.95,816,-59.889485293230365,-85.58646230909807,-61.71164836402771
sulu,0.95,817,-43.531661420327936,-81.70490193266613,-60.96912219548823
sulu,0.95,818,-59.77532061998642,-85.13939548535177,-61.09888521866888
sulu,0.95,819,-65.6328178648711,-84.64874529376434,-58.84575308344139
sulu,0.95,820,-55.738375845204246,-85.986050265584,-61.16371727851731
sulu,0.95,821,-56.11815460680279,-84.18488370353839,-62.540109813409984
sulu,0.95,822,-57.87459980789953,-84.87556273795417,-61.89006269502323
sulu,0.95,823,-44.50648371197357,-81.61520863131732,-59.175234545101176
sulu,0.95,824,-60.66785891599932,-87.99176612960687,-62.133326648074586
sulu,0.95,825,-59.384336476399255,-86.88209143815297,-62.05795088100969
sulu,0.95,826,-63.11585279463384,-88.26799835675087,-64.7535384989517
sulu,0.95,827,-47.54051608422094,-81.90893807695355,-60.81924523620857
sulu,0.95,828,-53.95264034837487,-85.2829645003826,-63.24059365880616
sulu,0.95,829,-51.50230779945667,-82.80685140233183,-59.28760700089507
sulu,0.95,830,-55.26924881871332,-83.32858178100442,-62.5238318457327
sulu,0.95,831,-60.2716266441723,-88.01061974120125,-63.9299316177255
sulu,0.95,832,-53.45040726413555,-89.76530895138374,-66.37375785433935
sulu,0.95,833,-61.059067780499305,-86.66584736221736,-63.313210498757115
sulu,0.95,834,-56.27906729646807,-87.62684053626256,-62.9720041510516
sulu,0.95,835,-52.783940311264786,-83.92518336044436,-61.44541412672599
sulu,0.95,836,-72.986050108776,-88.9520270056853,-64.178349456787
sulu,0.95,837,-53.2781810113097,-86.05249280609868,-62.34799137210078
sulu,0.95,838,-56.03411590330549,-88.41749733851023,-65.42188484601317
sulu,0.95,839,-68.69806193628256,-85.4220159754593,-62.08800975316125
sulu,0.95,840,-58.794014192389966,-85.46685369262065,-61.788248356080615
sulu,0.95,841,-42.98703685567699,-83.03864260278019,-63.262457513879305
sulu,0.95,842,-47.07956774865454,-84.60701309692229,-60.99274603636836
sulu,0.95,843,-60.07850123009379,-90.62220827460905,-65.11971592328086
sulu,0.95,844,-59.78204960396849,-86.76923729912588,-64.06918378557639
sulu,0.95,845,-49.49545814347027,-83.91349841069086,-61.71766857532873
sulu,0.95,846,-58.198388605819446,-89.56899184504846,-64.28730481048144
sulu,0.95,847,-64.96782200992999,-88.46062088280458,-62.82168064323709
sulu,0.95,848,-61.74714928066501,-87.82152431530511,-63.99711705154255
sulu,0.95,849,-61.58838495595518,-82.94388124335418,-60.94052595327085
sulu,0.95,850,-53.5464987373154,-83.71052650136275,-61.32293131244855
sulu,0.95,851,-51.770702115058214,-83.42910464500906,-61.802229542820534
sulu,0.95,852,-60.035442538403714,-82.13070395312727,-59.28550507769724
sulu,0.95,853,-59.84835920222807,-82.34479060751453,-59.883979232647775
sulu,0.95,854,-51.37507641289167,-82.17876538774941,-60.0103746320986
sulu,0.95,855,-70.68543200314073,-87.59834871421893,-62.47954978659582
sulu,0.95,856,-57.22322675886596,-86.26960798989104,-62.617956779644885
sulu,0.95,857,-52.846466458550935,-84.77240182010195,-62.3909165988519
sulu,0.95,858,-56.55318248859348,-87.70678110766666,-64.4676754686971
sulu,0.95,859,-59.098002047181495,-86.82688596037684,-64.20819665090073
sulu,0.95,860,-59.521123205399476,-84.855099333157,-61.74241466058192
sulu,0.95,861,-44.005310292729945,-81.10189438638567,-60.40113793099316
sulu,0.95,862,-51.014931501044146,-83.41902189492376,-61.01727323773413
sulu,0.95,863,-62.22744779910491,-89.73092303263897,-65.43385021826734
sulu,0.95,864,-64.79592401038133,-86.17146391052242,-61.027761660195566
sulu,0.95,865,-54.504489604761545,-86.00950906907673,-64.08363303099817
sulu,0.95,866,-65.73010405224156,-82.49635339408184,-60.57842429961912
sulu,0.95,867,-48.553356745531715,-82.99507744467785,-61.73538803900034
sulu,0.95,868,-47.23517181583509,-82.41816507337109,-61.09321588279384
sulu,0.95,869,-63.46282092834551,-87.3436939108311,-62.93143100305871
sulu,0.95,870,-46.52982661697493,-85.50521850120599,-63.31365054613697
sulu,0.95,871,-56.37244188988794,-82.80570406537204,-60.82606100025159
sulu,0.95,872,-66.53464060396087,-84.73083880795133,-60.124627516717766
sulu,0.95,873,-52.06750191333572,-85.8281189014928,-62.59610653222311
sulu,0.95,874,-54.951893537022556,-87.07997600317779,-62.397734146768855
sulu,0.95,875,-50.21611892846869,-85.93877490537352,-63.48014073364403
sulu,0.95,876,-58.763388501636314,-82.70593089214995,-60.462335735898996
sulu,0.95,877,-50.41343534867022,-87.58168737382456,-63.959672212161315
sulu,0.95,878,-54.75109458105214,-83.80012066995451,-59.56185367670713
sulu,0.95,879,-49.906757761299446,-85.02226183037763,-63.047230243323696
sulu,0.95,880,-52.784184212166565,-88.9245395007413,-64.13924333469316
sulu,0.95,881,-58.53644715792734,-84.57433947947936,-62.13337249345239
sulu,0.95,882,-55.7034668036832,-84.62187460101576,-63.14037240783109
sulu,0.95,883,-57.80802040535548,-84.08505958871545,-61.75895649370956
sulu,0.95,884,-52.811204392688154,-85.25718436125393,-61.8840516912716
sulu,0.95,885,-56.0976515980274,-87.98956384835009,-63.72286542003464
sulu,0.95,886,-48.54272165664503,-88.20592112823562,-65.23296065773451
sulu,0.95,887,-61.56093876521609,-85.97016067871085,-61.79646215776377
sulu,0.95,888,-62.668778414646596,-84.61742635362951,-60.76130779001606
sulu,0.95,889,-45.33197449830749,-83.91541542362171,-61.233355014091984
sulu,0.95,890,-58.39046349845967,-84.8066997915461,-60.987720502542665
sulu,0.95,891,-54.58161450506316,-87.65839766355313,-63.76811697603139
sulu,0.95,892,-42.83123187393352,-82.11189112025308,-60.65903173070065
sulu,0.95,893,-43.2756634079212,-83.33981651484397,-62.141718293245724
sulu,0.95,894,-51.1884535164009,-87.1066548603193,-63.501448929767434
sulu,0.95,895,-49.22870354213404,-87.95726066474737,-66.79578851113784
sulu,0.95,896,-60.116227343145226,-89.5524381671095,-64.21959299602672
sulu,0.95,897,-65.9440041520796,-85.4274676939585,-61.31882628411209
sulu,0.95,898,-54.98564958397665,-86.18228688983216,-63.5425246547772
sulu,0.95,899,-50.63635376977999,-82.3860082073553,-61.47933972042652
sulu,0.95,900,-54.96448902130439,-82.42755292112157,-59.166992001564836
sulu,0.95,901,-51.80235927940129,-84.99495384709937,-64.09477773618971
sulu,0.95,902,-60.49697872076831,-87.13232708171671,-63.31907431298663
sulu,0.95,903,-51.53113324646705,-84.11086299288962,-60.91000527241768
sulu,0.95,904,-55.785350487869266,-84.64059905652599,-62.82045670325568
sulu,0.95,905,-47.421153160918635,-86.38439701640844,-64.1734301248062
sulu,0.95,906,-62.69760142761163,-85.50480685064899,-62.12916943419454
sulu,0.95,907,-59.40163685535356,-86.01050561133255,-62.45469982699572
sulu,0.95,908,-64.59455769752645,-87.14072406174091,-64.87853128394651
sulu,0.95,909,-60.08878921104838,-87.5697908138456,-62.899320092246406
sulu,0.95,910,-55.25976140336948,-86.12476496744584,-63.56802675673133
sulu,0.95,911,-66.91684454162981,-89.64140357630473,-65.74074274916663
sulu,0.95,912,-54.16572619045914,-85.13818402850156,-65.76692297020908
sulu,0.95,913,-54.39417694157777,-84.17258689239742,-59.88322228805463
sulu,0.95,914,-52.13278121352056,-84.30085010763305,-62.22549731999451
sulu,0.95,915,-60.75063391043963,-88.04369564521836,-64.6220784259281
sulu,0.95,916,-56.414132903918926,-87.10918740546364,-63.60761790409715
sulu,0.95,917,-53.20122959384781,-83.67264480722602,-60.59260269278403
sulu,0.95,918,-51.407984847986,-88.2686577128163,-65.01098786188463
sulu,0.95,919,-56.501289139542166,-84.80431009093735,-62.314481243178136
sulu,0.95,920,-45.619512690053284,-83.39245756014185,-62.39148311756132
sulu,0.95,921,-53.778356655445464,-83.31350969638503,-61.13614095305227
sulu,0.95,922,-71.6533680450147,-88.93888320495086,-63.11894841438715
sulu,0.95,923,-57.78132203004449,-90.08201839191403,-64.28326489757208
sulu,0.95,924,-41.468416383542774,-85.3249856917212,-62.00994381122862
sulu,0.95,925,-63.10475088189867,-87.82192066080691,-62.91811340361945
sulu,0.95,926,-45.59065969810425,-81.44697294160305,-60.89844401167557
sulu,0.95,927,-56.983350584335994,-85.7010268058838,-62.373864973292115
sulu,0.95,928,-53.741869225971755,-81.73801697827837,-60.080820715214614
sulu,0.95,929,-58.534305707177765,-85.68713863218754,-62.09511513021464
sulu,0.95,930,-54.8664737625636,-86.04605028892146,-64.33691503070054
sulu,0.95,931,-55.106017688560826,-90.13350786471355,-66.92196275487267
sulu,0.95,932,-51.80389523629327,-84.743209028032,-63.25890401492432
sulu,0.95,933,-42.66689648289406,-84.37682442560347,-62.2926387730582
sulu,0.95,934,-56.948594958041525,-89.90363341265116,-64.5298840015517
sulu,0.95,935,-69.5278264863955,-89.70042941002373,-64.52005256263887
sulu,0.95,936,-59.37667808237725,-84.95649250317044,-61.088167800599365
sulu,0.95,937,-49.60065868665876,-86.07399583125938,-63.112837686998724
sulu,0.95,938,-55.63134782927466,-86.11585606154497,-62.96098583450505
sulu,0.95,939,-65.61774561978496,-87.88884244875271,-63.84998447944899
sulu,0.95,940,-58.22206642090808,-88.81280124171435,-64.05535183058065
sulu,0.95,941,-60.92211256753433,-86.44775462426267,-61.87744754730151
sulu,0.95,942,-54.47299005475804,-85.96938898212187,-63.260448188461055
sulu,0.95,943,-68.54244598525167,-89.61009376157645,-63.94528777762347
sulu,0.95,944,-67.95302463331535,-86.560433646666,-62.35448226391833
sulu,0.95,945,-42.85208852178232,-83.21406932776408,-62.875276000549
sulu,0.95,946,-57.40610552062833,-85.26374544831917,-61.20284201100881
sulu,0.95,947,-59.47273479526672,-88.03524443180989,-63.769353053339856
sulu,0.95,948,-52.40422962064525,-86.33663647370227,-64.0332406937753
sulu,0.95,949,-68.03793446759715,-86.77720531080321,-63.470757228335216
sulu,0.95,950,-46.9730175609165,-88.04452833892034,-65.37773798997824
sulu,0.95,951,-66.60940961946861,-89.68361971611091,-64.0605826946977
sulu,0.95,952,-42.77270206501939,-82.38642389848552,-60.50450395600308
sulu,0.95,953,-59.847928039411556,-87.18234182676579,-63.48432571108049
sulu,0.95,954,-55.62097163246011,-83.5531177025615,-61.97462971963019
sulu,0.95,955,-49.48912201054884,-84.66207098717923,-62.0245135920905
sulu,0.95,956,-52.10845664360534,-86.96458157820399,-64.92887459199952
sulu,0.95,957,-46.128412586048796,-80.40077967888786,-61.305033380443405
sulu,0.95,958,-49.488713688887714,-85.32954745636454,-62.41519046842874
sulu,0.95,959,-59.95809299083635,-85.3961491037912,-62.33268485689533
sulu,0.95,960,-62.196014274900534,-87.15824604355346,-63.0633988960159
sulu,0.95,961,-69.86011144012761,-86.28638953286112,-62.05615070557871
sulu,0.95,962,-53.92212871801257,-83.92107777413098,-62.26143503351777
sulu,0.95,963,-62.011325832438075,-84.60852949927897,-60.86470269486581
sulu,0.95,964,-51.428065774635996,-84.69830954430601,-61.446978554369586
sulu,0.95,965,-66.96049760979889,-84.49818004686261,-61.61447682602162
sulu,0.95,966,-61.081342792112906,-88.18213350108061,-64.92037232044736
sulu,0.95,967,-51.2049317054682,-86.48105652194016,-63.019695632460355
sulu,0.95,968,-52.717881025476686,-87.8166238871224,-64.2911642129408
sulu,0.95,969,-50.70709063490855,-85.27882777334128,-62.37091173290517
sulu,0.95,970,-62.809932721141706,-89.34912265603779,-64.07428444436836
sulu,0.95,971,-52.71884340439385,-83.33669561924467,-61.54267786250668
sulu,0.95,972,-60.61792619119032,-84.17623142310075,-60.20793556246426
sulu,0.95,973,-41.10770076472335,-80.78955330193513,-61.06515436185286
sulu,0.95,974,-50.652897823873246,-84.06868013227819,-61.54128008100345
sulu,0.95,975,-59.08696040219044,-86.97370825649917,-64.75218295297135
sulu,0.95,976,-58.99231343843917,-87.32859485389004,-64.42965446192517
sulu,0.95,977,-56.46725757423505,-85.29978749828659,-62.12306414943369
sulu,0.95,978,-61.08715966623731,-87.07008667201661,-63.121557344160124
sulu,0.95,979,-55.32350249782712,-89.3971846293438,-64.90799433623381
sulu,0.95,980,-50.088906525004575,-88.60806763970177,-65.33728540705881
sulu,0.95,981,-58.09098836726227,-85.04958652663888,-62.525783121293436
sulu,0.95,982,-56.86324467681095,-84.49943108221356,-62.28130180661166
sulu,0.95,983,-48.10309845283234,-83.21876001482069,-61.13162904790162
sulu,0.95,984,-55.252171949506476,-83.07490923399615,-61.76284996028655
sulu,0.95,985,-68.12184579059704,-90.50601315393787,-65.01836926129411
sulu,0.95,986,-58.040720175221054,-84.07038745737086,-61.11169703297018
sulu,0.95,987,-56.648109499961635,-86.85946898497208,-64.19594500169623
sulu,0.95,988,-34.14312698928862,-80.40765101817338,-61.27318608020374
sulu,0.95,989,-64.95248914692604,-89.6946634114552,-65.19816014331526
sulu,0.95,990,-63.06175281947151,-85.60498160462313,-63.722266951800215
sulu,0.95,991,-58.04598921664757,-86.7576620066419,-63.00259587659836
sulu,0.95,992,-63.272500005519646,-88.38365853377331,-65.1432306522054
sulu,0.95,993,-54.30385259242948,-85.8104130413598,-63.44096744182308
sulu,0.95,994,-48.981985004061755,-85.24550526566998,-62.83255576575036
sulu,0.95,995,-63.14122572443418,-86.18846676726221,-62.81288911106483
sulu,0.95,996,-42.44571919289649,-83.49648013218697,-62.96053464860324
sulu,0.95,997,-54.29163026581864,-85.67404093272353,-64.39536225661394
sulu,0.95,998,-62.50256351565315,-81.88949205620884,-59.22097137056529
sulu,0.95,999,-54.333420209554106,-84.13850675737305,-61.92527603158189
sulu,0.95,1000,-51.43733575329111,-86.27316841224689,-62.17756940253846
