species,average,sd,cumsum,ava,avb,ratio,p
verulux_cypselurus,0.025007728186716392,0.11245899790787078,0.026420873670689782,0,101.85714285714286,0.2223719635773684,0.997
plotosus_lineatus,0.0223764164429413,0.051835692193947173,0.050061744509798375,11.285714285714286,7.619047619047619,0.4316797074729559,0.885
chromis_ternatensis,0.021956946762653834,0.06538644138376949,0.07325944212866034,31.19047619047619,1.7142857142857142,0.3358027489794556,0.028
ostorhinchus_cyanosoma,0.018262491189105702,0.04436319806745394,0.09255391658139162,8.428571428571429,13.571428571428571,0.411658581541793,0.662
spratelloides_gracilis,0.017848846317662842,0.07783803735332531,0.11141137177306398,0,29.857142857142858,0.2293075072877634,0.991
spratelloides_delicatulus,0.017842343799105737,0.057370362799168004,0.13026195699957774,11.047619047619047,12,0.3110028057790928,0.221
pycnochromis_retrofasciatus,0.017219363762197088,0.026631704945046082,0.14845435861454426,14,7.142857142857143,0.6465738411314204,0.82
cirrhilabrus_ryukyuensis,0.013805602671892687,0.02415209100629173,0.16304009312902787,0,14.714285714285714,0.5716110736870056,0.947
ostorhinchus_nigrofasciatus,0.01185535996056193,0.016153593315838582,0.17556537993236657,9.428571428571429,5.523809523809524,0.7339147227965533,0.376
ostorhinchus_multilineatus,0.010684542030132317,0.015420768957218202,0.18685368781461759,5.476190476190476,9.857142857142858,0.6928670068123329,0.998
ostorhinchus_fleurieu,0.01064695799315561,0.04074375256797747,0.19810228784793557,8.380952380952381,0.6190476190476191,0.2613151053131905,0.012
dascyllus_reticulatus,0.010179244527354596,0.02595446652063359,0.20885674469872437,3.7142857142857144,7.809523809523809,0.39219625336017516,0.963
pycnochromis_atripes,0.010084787209412796,0.03777007679862027,0.21951140660428745,16.476190476190474,0,0.2670046784173124,0.013
ostorhinchus_aroubiensis,0.009836431256520239,0.02645040552589132,0.2299036783715803,8.333333333333334,0,0.3718820585526268,0.002
cirrhilabrus,0.009685481892516515,0.02737519885889856,0.24013647087521364,9.619047619047619,0.3333333333333333,0.35380498758890877,0.002
chrysiptera_rollandi,0.009269360591429293,0.012699932064002753,0.24992962774918798,6.761904761904762,5,0.7298748170238467,0.905
nectamia_viria,0.009235022972458111,0.03810902460391068,0.25968650664196324,12.619047619047619,0.23809523809523808,0.24233165420640104,0.02
pycnochromis_amboinensis,0.008940544377124082,0.020398202052299544,0.2691322664395551,2.619047619047619,5.571428571428571,0.4383006087595936,0.998
enneapterygius,0.008815402207096196,0.026445404724854536,0.27844581248944084,5.523809523809524,10.666666666666666,0.3333434409045402,0.925
trimma_stobbsi,0.008425330764711714,0.015125076768126442,0.2873472448029314,6.571428571428571,2.238095238095238,0.5570438348099286,0.167
cirripectes_filamentosus,0.00819509314519134,0.020356203466382995,0.2960054291486669,8.476190476190476,0.09523809523809523,0.402584556532117,0.001
pomacentrus_amboinensis,0.008037854955657576,0.011131100514937788,0.30449749003405197,1.0476190476190477,10.904761904761905,0.7221078405383979,0.979
helcogramma_desa,0.007427987342288737,0.02639378882656848,0.3123452206928624,15.428571428571429,1.4285714285714286,0.2814293692768954,0.097
praealticus_striatus,0.007156122639133619,0.022559781416100638,0.3199057240224269,10.761904761904763,0.6666666666666666,0.3172070911124335,0.035
alionematichthys,0.007081373872712094,0.023200695970674923,0.3273872546560344,8.666666666666666,2,0.30522247615600695,0.955
pseudogramma_polyacanthus,0.007006442879151013,0.014362790098788979,0.33478962006919033,4.238095238095238,3.9047619047619047,0.4878190679498806,0.091
pseudochromis_fuscus,0.006936752983885697,0.012161540502833449,0.34211835752601283,8.428571428571429,1.6666666666666667,0.5703844000905595,0.04
pseudochromis_tapeinosoma,0.006812404862385584,0.012212798716002036,0.34931572015402995,10.19047619047619,0.09523809523809523,0.5578086580154236,0.003
pomacentrus_moluccensis,0.006743517440905234,0.01196915576537382,0.356440302645969,4.523809523809524,3.0952380952380953,0.5634079439766252,0.964
enneapterygius_pallidoserialis,0.0065455781893864525,0.027081002933114932,0.3633557606656728,15.285714285714286,0,0.2417036845183622,0.016
apogon_coccineus,0.0065063642904195215,0.016634469028045,0.3702297888736399,6.523809523809524,0,0.39113747961837986,0.005
trimma_annosum,0.006477314446198606,0.014295653229840078,0.37707312567859014,5.428571428571429,2.142857142857143,0.4530967799833143,0.122
pristiapogon_fraenatus,0.0062044791141614465,0.02226320610126042,0.38362820967677463,3.9523809523809526,1.2857142857142858,0.2786875837173417,0.173
ostorhinchus_neotes,0.006033197448408259,0.028230680750593942,0.39000233316470484,5.380952380952381,0,0.2137106611671533,0.012
pomacentrus_brachialis,0.0058853587017166425,0.010229618717726053,0.39622026378214276,0.09523809523809523,5.428571428571429,0.5753253238577108,0.931
archamia_bleekeri,0.0057404369049451846,0.02581457128226487,0.40228508331103885,0,23.38095238095238,0.22237196357736844,0.997
ctenochaetus_striatus,0.005662165435808779,0.015137362469471437,0.4082672083791414,7.238095238095238,1.2380952380952381,0.3740523124307856,0.203
gnatholepis_cauerensis,0.005389916632438149,0.008235478189867265,0.4139617003129125,4.0476190476190474,1.619047619047619,0.6544752482096029,0.003
trimma_naudei,0.005316573269049002,0.014565010609314718,0.41957870437076705,1.7142857142857142,5.190476190476191,0.36502364547876875,0.994
praealticus_bilineatus,0.005290019317238325,0.016423512063200186,0.4251676539567796,8.142857142857142,0.5238095238095238,0.3221003703033506,0.034
pomacentrus_armillatus,0.005286454721850963,0.01495092552735839,0.4307528375179972,1.380952380952381,5.285714285714286,0.3535871215582867,0.992
neoglyphidodon_nigroris,0.005224460489795701,0.01301332991658397,0.43627252365532987,6.857142857142857,1.0952380952380953,0.4014699176371249,0.123
ostorhinchus_sealei,0.005218357839719341,0.013324080761262784,0.4417857622918932,7.238095238095238,0.14285714285714285,0.3916486197600001,0.007
alionematichthys_plicatosurculus,0.004995213628556079,0.018506076789719324,0.4470632472058684,5.095238095238095,0,0.2699228845376384,0.007
labridae,0.0049732256650715295,0.009087257300442074,0.45231750165279905,5.761904761904762,0.14285714285714285,0.5472746617210447,0.002
nectamia_savayensis,0.004902211875912751,0.008999356346959846,0.4574967294384419,4.809523809523809,0.19047619047619047,0.5447291658329333,0.001
zoramia_fragilis,0.004761425586216453,0.0219496543891553,0.46252721533330365,6.142857142857143,0,0.2169248545694158,0.024
istigobius_decoratus,0.004759450623970168,0.007637427584373364,0.46755561466405926,5.523809523809524,1.6666666666666667,0.6231745664873196,0.163
trimma_benjamini,0.0047436670488096785,0.007585367336185144,0.4725673385158479,1.8095238095238095,2.9047619047619047,0.6253707748839726,0.997
pristiapogon_kallopterus,0.004627008408977129,0.008425066171979563,0.47745581154042843,3.7142857142857144,0.3333333333333333,0.549195497640817,0.001
apogon_crassiceps,0.0045570806922493054,0.00872056231717124,0.48227040534831433,1.5238095238095237,3.5714285714285716,0.5225672985876354,0.251
ostorhinchus_novemfasciatus,0.004465642611820424,0.010240171727728271,0.4869883940606208,2.4761904761904763,3.1904761904761907,0.4360905979465545,0.981
cirrhilabrus_temminckii,0.004338820553969489,0.010281838759160581,0.4915723942097072,1.619047619047619,4.761904761904762,0.42198877609355884,0.894
altrichthys_curatus,0.004337986709362617,0.016309345079097076,0.4961555133950029,5.428571428571429,0,0.26598166194437883,0.011
andamia_pacifica,0.004177569367022144,0.017558010114260635,0.5005691503184586,9.857142857142858,0,0.23792954553711745,0.032
pseudocheilinus_evanidus,0.004176116670195743,0.007975455051025012,0.5049812524555857,2.4761904761904763,1.7619047619047619,0.5236211154696465,0.319
trimma_okinawae,0.004026143866144602,0.01104194187422898,0.5092349070727985,0.6666666666666666,4.238095238095238,0.3646228092851406,0.992
amblyglyphidodon_curacao,0.00392809244156437,0.009215677723752386,0.5133849695411075,2.619047619047619,1.9523809523809523,0.42624021361338926,0.531
stegastes_lacrymatus,0.003903134179236813,0.00929168392026784,0.517508663396839,2.619047619047619,1.5238095238095237,0.420067472454907,0.761
chromis_viridis,0.0038358659216296063,0.010535014831194438,0.5215612877766462,4.190476190476191,0.38095238095238093,0.36410636179376915,0.032
chromis,0.0037888838446779537,0.012513796805387988,0.5255642751998032,5.571428571428571,0,0.30277651967679364,0.002
pomacentrus_alexanderae,0.0037650250613922203,0.008509863810573358,0.5295420556191722,0.09523809523809523,3.5238095238095237,0.44243070690675945,0.996
pycnochromis_delta,0.0037202217098292138,0.014130315252391789,0.5334725009234589,2.7142857142857144,0.5714285714285714,0.2632794557927152,0.122
pseudochromis_marshallensis,0.003663058099196498,0.01056964727815519,0.5373425523957344,3.5714285714285716,0.2857142857142857,0.3465638921335739,0.009
ecsenius_monoculus,0.0036063070592366425,0.007985399591241641,0.54115264592036,3.8095238095238093,1.380952380952381,0.4516125984718445,0.053
eviota,0.0035644476163052513,0.005621862714332318,0.5449185145939575,4,0.19047619047619047,0.6340332017034294,0.001
apogonichthyoides_uninotatus,0.003506929536321829,0.007036958160672108,0.5486236149357145,3,1.5238095238095237,0.49835873061193225,0.141
canthigaster_valentini,0.0035039596866523024,0.008869810261077896,0.5523255776064943,2.761904761904762,0.7619047619047619,0.3950433643466108,0.024
entomacrodus_decussatus,0.0034499728956906882,0.01183348743914207,0.5559705027817752,7,0.6190476190476191,0.2915432084948249,0.085
pseudoplesiops_rosae,0.003411303608721376,0.007502339641322454,0.5595745735324431,3.6666666666666665,0.3333333333333333,0.4546986369334857,0.012
serranidae,0.003383476594802305,0.014227644146458778,0.5631492448105199,2.8095238095238093,0,0.23781003797768185,0.002
trimma_milta,0.0033778961248261247,0.009969776821093582,0.5667180202754639,4.285714285714286,0.38095238095238093,0.33881361493261636,0.011
cephalopholis_microprion,0.0033329024361401375,0.004167093318157796,0.5702392595325656,1.380952380952381,2.4285714285714284,0.7998146865627571,0.985
thalassoma_hardwicke,0.003284592902185325,0.007400472248446229,0.5737094593636074,3.380952380952381,0.19047619047619047,0.4438355812867137,0.003
pomacentrus_adelus,0.0032225858871820505,0.010379795986611207,0.5771141482654729,1,3.4761904761904763,0.31046717019668124,0.995
fowleria_isostigma,0.003200132238769386,0.00725118944941288,0.5804951147002785,4.333333333333333,0.047619047619047616,0.4413251454943708,0.007
cheilodipterus_quinquelineatus,0.0031754196920556043,0.006087865715429181,0.5838499721231046,2.7142857142857144,0.6666666666666666,0.521598182431615,0.023
cirrhilabrus_cyanopleura,0.003100497808718144,0.013836756822781396,0.5871256739505063,3.238095238095238,0,0.22407691689813894,0.01
trimma_macrophthalmus,0.0030428524399796486,0.006023044638169786,0.5903404729644349,2.238095238095238,0.6190476190476191,0.5052017082351021,0.014
helcogramma_fuscipectoris,0.0030355890490173596,0.011089686754808368,0.5935475981451548,4.285714285714286,0,0.27373082000726134,0.015
helcogramma_ellioti,0.003025831943385483,0.007867460014761326,0.5967444148622925,3.9047619047619047,0,0.3846008670788621,0.004
sargocentron_cornutum,0.0030223314757900936,0.007833329970853536,0.5999375333061826,1.0476190476190477,2,0.38582971571932567,0.996
pseudocheilinus_hexataenia,0.00300557200736189,0.004333805331221799,0.603112945231719,1.9047619047619047,2.142857142857143,0.6935180003838683,0.992
halichoeres_melanurus,0.0030051428716482034,0.006862056598151072,0.6062879037717901,3.4761904761904763,0.42857142857142855,0.4379361826391691,0.022
cirripectes_polyzona,0.0029240564554877204,0.007123764351037354,0.6093771938360287,2.6666666666666665,0.38095238095238093,0.41046507315502695,0.047
entomacrodus_caudofasciatus,0.002905571047561248,0.010124072673348177,0.6124469539124202,3.9047619047619047,0.09523809523809523,0.2869962653676145,0.012
chrysiptera_rex,0.0028984754344880863,0.008136934864036794,0.6155092174143437,2.7142857142857144,1.1428571428571428,0.3562121957370728,0.145
fusigobius,0.0027435350653312596,0.005048239570266228,0.6184077851223345,2.8095238095238093,0,0.5434637217873902,0.001
trimma_taylori,0.0026776402565009804,0.010316627574582966,0.6212367344145034,2.3333333333333335,0,0.25954608103697296,0.002
amblyglyphidodon_leucogaster,0.002663343487858921,0.006824562592034333,0.6240505790512088,1.7619047619047619,0.9047619047619048,0.3902584893818089,0.096
gobiodon,0.0026071520543258365,0.005216583310634389,0.6268050569691274,2.857142857142857,0,0.49978154264515723,0.001
abudefduf_vaigiensis,0.0025812910954561953,0.00604276575832678,0.6295322125680334,1.6666666666666667,2.0476190476190474,0.42717047105445727,0.289
eviota_pellucida,0.0025470956835573345,0.004362672848664788,0.6322232404286998,2.3333333333333335,0,0.5838383422073196,0.001
trimma_hayashii,0.0024285832777175627,0.0069957558954810515,0.6347890589428905,0.09523809523809523,2.142857142857143,0.3471509460880875,0.998
eviota_atriventris,0.0023871074186004276,0.003934568849950241,0.6373110578655561,0,2.0476190476190474,0.6067011430313684,0.765
scorpaenodes_guamensis,0.002369074813601541,0.004458476928816604,0.6398140051904484,1.7142857142857142,0.8571428571428571,0.5313641522488163,0.332
eviota_melasma,0.002279533730113745,0.004576610865643053,0.6422223516128718,0.6190476190476191,2.142857142857143,0.4980833627841005,0.997
enneapterygius_nigricauda,0.0022688717592310257,0.0095640965774487,0.6446194335740184,0,4.238095238095238,0.23722802680399802,0.997
balistapus_undulatus,0.0022439514727347525,0.003187991226236114,0.6469901870443707,1.0476190476190477,1.619047619047619,0.7038763012481885,0.24
entomacrodus_thalassinus,0.002204722569107949,0.0071045556354732385,0.6493194948504376,2.9047619047619047,0.2857142857142857,0.3103251888266888,0.036
helcogramma_novaecaledoniae,0.0021901441908471365,0.008795024207264716,0.6516334004781269,0,4,0.24902082577988482,0.998
gobiidae,0.00216675688043686,0.003859924084711968,0.6539225972170586,2.1904761904761907,0.6190476190476191,0.5613470194967696,0.413
thalassoma_lunare,0.002107185037087365,0.0033805122113542926,0.6561488558060025,1.2857142857142858,1.5714285714285714,0.6233330647378995,1
pycnochromis_agilis,0.002069023137138978,0.009732110507822777,0.6583347960289582,1.6666666666666667,0,0.212597579474244,0.008
cirrhilabrus_solorensis,0.0020473084926277965,0.007282784975894486,0.660497794548647,2.0952380952380953,0,0.2811161525987992,0.008
scorpaenodes,0.0020319268777297898,0.002759917315241507,0.662644542263743,2,0.047619047619047616,0.7362274465646395,0.001
myripristis_kuntee,0.002023835759874285,0.005820122373907474,0.6647827416452553,1.5238095238095237,0.2857142857142857,0.347730791528965,0.014
andamia_reyi,0.0020231409725705945,0.0087741483841641,0.666920206978179,4.857142857142857,0,0.2305797536114197,0.04
paracheilinus,0.001985205068126006,0.006514814963036734,0.6690175927112514,1.6666666666666667,0.09523809523809523,0.3047216351330794,0.008
ungusurculus_philippinensis,0.001985073423428983,0.005022979693373107,0.6711148393606019,1.8571428571428572,0.047619047619047616,0.3951983771799676,0.004
pristicon_trimaculatus,0.0019795844156315643,0.002707380540133324,0.6732062868273754,1.3333333333333333,1.380952380952381,0.7311807063273345,0.991
synodus_variegatus,0.001972235734888537,0.0024543715038335303,0.6752899703515746,1.2380952380952381,1.3333333333333333,0.8035603949149767,0.918
pristicon_rhodopterus,0.001956241579256336,0.008364263151950829,0.6773567559167798,1.9047619047619047,0.14285714285714285,0.2338809221706606,0.046
labroides_dimidiatus,0.0018921760974776635,0.001589358602678639,0.6793558557654702,2.142857142857143,0.5238095238095238,1.1905281125912481,0.001
stethojulis_strigiventer,0.0018835599320797742,0.006330708492655047,0.6813458525634635,1.5714285714285714,0.3333333333333333,0.2975275096405244,0.031
oxycheilinus_digramma,0.0018824674220627863,0.0026099854859621416,0.6833346951155002,1.0952380952380953,1.2380952380952381,0.7212558967042823,0.902
apogon_doryssa,0.0018635619161082903,0.006003352214014478,0.6853035638426147,2.380952380952381,0.7619047619047619,0.3104202201826361,0.716
labracinus_cyclophthalmus,0.0018456245298802318,0.005525403562418587,0.6872534815713828,1.2857142857142858,0.8571428571428571,0.33402529046627005,0.995
dischistodus_prosopotaenia,0.0018455137931071522,0.008507617980292754,0.6892032823058253,2.380952380952381,0,0.21692485456941576,0.024
fowleria_vaiulae,0.0018306239528983964,0.002285961887751324,0.6911373517997412,1.7619047619047619,0.6666666666666666,0.8008112308027854,0.053
ostorhinchus_chrysopomus,0.0018257507984803013,0.007026217311226179,0.6930662727653182,0,2.142857142857143,0.2598483248679482,0.996
centropyge_vrolikii,0.0018198896307046071,0.0031292348034136336,0.6949890013581932,0.47619047619047616,1.5714285714285714,0.5815765658490433,0.996
alionematichthys_suluensis,0.0018097918361410035,0.004186057470497192,0.6969010615467842,1.7142857142857142,0.23809523809523808,0.4323380290156524,0.037
chrysiptera_talboti,0.0017888921345695615,0.003409958831555171,0.6987910410261301,0.047619047619047616,1.5238095238095237,0.5246081325133495,0.978
atherion_elymus,0.001750498958412736,0.008119704589383402,0.700640457794242,1.9047619047619047,0,0.21558653263094468,0.015
enneapterygius_bahasa,0.0017437598976998618,0.006452335041634946,0.7024827546884324,2.4285714285714284,0,0.27025253438451535,0.015
amblyglyphidodon,0.0017367745144076024,0.0044162326137633014,0.7043176714668389,2.2857142857142856,0,0.39327061463993096,0.01
chrysiptera_leucopoma,0.0017280491207538262,0.0050965774916738645,0.7061433697939838,1.7619047619047619,0,0.3390606978068893,0.002
paracheilinus_angulatus,0.001666873757685729,0.007342620724836851,0.7079044358391672,0.047619047619047616,1.7142857142857142,0.22701346292440644,0.995
asterropteryx_semipunctata,0.0016604044022346632,0.007293917773916819,0.7096586669562905,0.9047619047619048,0,0.22764232524971684,0.002
coris_variegata,0.0016274040463220283,0.0044132456502902016,0.7113780329218037,1.6666666666666667,0,0.36875446673017515,0.001
plesiops_coeruleolineatus,0.0016225216605967444,0.0028210566392115988,0.7130922406060248,1,0.9047619047619048,0.5751467865069845,0.993
pomacentrus_coelestis,0.001621923769080612,0.0029732404164495496,0.7148058166128662,0.047619047619047616,3.0476190476190474,0.5455071040025105,0.998
blenniidae,0.0016185122140039065,0.007064206583740066,0.7165157882832789,0,3.142857142857143,0.22911450773952355,0.995
priolepis_cincta,0.0016089016567053863,0.003975776614910312,0.7182156063196472,1.4285714285714286,0.3333333333333333,0.40467607024789565,0.016
dinematichthys_iluocoeteoides,0.0015525330669153533,0.003981517577041289,0.719855870470164,1.2380952380952381,0.3333333333333333,0.3899350026401386,0.045
stethojulis_bandanensis,0.0015468962568707225,0.003378494660109363,0.7214901792837951,1.7142857142857142,0.38095238095238093,0.4578655325803146,0.023
ostorhinchus_taeniophorus,0.0015468135065786624,0.0035416015209531484,0.7231244006710518,1.4285714285714286,0.38095238095238093,0.4367553767489827,0.074
trimma_halonevum,0.0015431636213825897,0.004303220966805252,0.7247547659241184,1.1428571428571428,0.19047619047619047,0.358606642160941,0.064
nectamia_luxuria,0.001542611809134132,0.005268435231380319,0.726384548182936,0.2857142857142857,1.1904761904761905,0.2928026522839061,0.996
cheilinus_oxycephalus,0.0015193266472647163,0.004142035258305337,0.7279897294737826,1.4285714285714286,0.19047619047619047,0.36680678760960866,0.018
cheilodipterus_isostigma,0.0015095074470726356,0.004534470583557865,0.7295845366976254,0,1.380952380952381,0.33289607226611145,0.997
pelates_quadrilineatus,0.0015002310186486032,0.007288428636991355,0.73116954329737,0.7619047619047619,0,0.20583737501858765,0.004
oxycheilinus_bimaculatus,0.0014943223084513979,0.003459799730725942,0.7327483072954472,0.7619047619047619,0.9047619047619048,0.431910059758822,0.982
macrodontogobius_wilburi,0.0014846866361261143,0.006629433169998467,0.7343168911252445,1.9047619047619047,0,0.22395378278267755,0.02
pomacentrus_chrysurus,0.0014786591078488457,0.005072793224084325,0.7358791068210805,1.1428571428571428,0.2857142857142857,0.2914881491381416,0.347
kaupichthys_brachychirus,0.0014679054786130275,0.0033034812858517937,0.7374299612178246,0,1.4285714285714286,0.44435108044952404,0.998
halichoeres_richmondi,0.0014632258010757382,0.004394477994892871,0.7389758714961701,0,2.4285714285714284,0.3329691951527018,0.999
cheilinus_chlorourus,0.0014553432633617335,0.0025460452730653553,0.740513453807593,0.3333333333333333,1.5238095238095237,0.571609342048167,0.965
gymnothorax_chilospilus,0.0014537742750596091,0.0036527886131387612,0.7420493784697721,0,1.619047619047619,0.39799025594596693,0.992
hypoatherina_barnesi,0.0014441832414946601,0.0064995687742912134,0.7435751701248944,1.5238095238095237,0,0.22219677822428308,0.011
fowleria_aurita,0.0014210933340605303,0.002909293574180573,0.7450765670999869,1.1428571428571428,0.09523809523809523,0.4884668039940909,0.002
pterois_antennata,0.0014122393220926165,0.0016630279730624367,0.7465686097374948,0.7142857142857143,1.2380952380952381,0.8491975751267747,0.991
salarias_sinuosus,0.001397553731687901,0.005288427809654882,0.7480451369260996,1.6666666666666667,0.047619047619047616,0.26426639106927774,0.029
trimma_capostriatum,0.0013956997869313554,0.004602581793358181,0.7495197054065869,1,0,0.30324279927962156,0.002
eviota_irrasa,0.0013954180830812338,0.005188822870954019,0.7509939762646038,0.3333333333333333,2.142857142857143,0.26892767739143725,0.979
dentatherina_merceri,0.0013954040202619827,0.004789947460864594,0.7524682322651348,2.761904761904762,0,0.29131927472334107,0.012
helcogramma,0.001381562558910176,0.004633894238283955,0.7539278646461565,0.9047619047619048,1.0476190476190477,0.2981428767830063,0.304
amsichthys_knighti,0.0013740129369022621,0.003120005514212521,0.7553795207884795,1.1904761904761905,0.3333333333333333,0.4403879834965799,0.242
eviota_queenslandica,0.0013695411407705469,0.0028677325551390454,0.7568264524408448,1.1904761904761905,0.6190476190476191,0.47756933899442483,0.164
parascorpaena_mossambica,0.001361413974468949,0.003672709410524279,0.758264797674142,1.1904761904761905,0.19047619047619047,0.37068382556152385,0.094
meiacanthus_grammistes,0.001352519747495365,0.0018529115880346323,0.7596937460823654,1.0476190476190477,0.6190476190476191,0.7299429482925147,0.076
arothron_hispidus,0.0013496124171796708,0.006372027920075811,0.7611196228718308,0.7142857142857143,0,0.2118026527987363,0.004
amblygobius_phalaena,0.0013417646544776152,0.004742095862477064,0.762537208434464,1.6666666666666667,0.14285714285714285,0.28294760236600025,0.058
sargocentron_diadema,0.0013316218412376202,0.00204197787726396,0.7639440780302061,0.6666666666666666,0.9523809523809523,0.6521235396643259,0.998
parascorpaena_mcadamsi,0.0013268757024998998,0.004606015319917499,0.7653459332907363,1.1428571428571428,0.19047619047619047,0.2880745308775191,0.083
gymnothorax_zonipectis,0.0013115081349324494,0.0018129679422832594,0.7667315525877958,0,1.1904761904761905,0.7234039302872232,0.037
dunckerocampus_dactyliophorus,0.0013082425514004692,0.0017337683159938636,0.7681137217685826,0.9047619047619048,0.6666666666666666,0.7545659586301376,0.966
helcogramma_springeri,0.0013019027390597157,0.005220449852253102,0.7694891928846871,0.23809523809523808,2.238095238095238,0.24938516332990454,0.994
pomacentrus_bankanensis,0.0012968104090919695,0.0022934717000832935,0.7708592839116543,0.19047619047619047,1.380952380952381,0.5654355399479629,0.996
halichoeres_nebulosus,0.0012747153677010877,0.003871266844671998,0.7722060313428746,0.8571428571428571,0.5238095238095238,0.32927602742122286,0.103
hypoatherina_panatela,0.0012674648801829218,0.003324860452755671,0.7735451185734826,1.3333333333333333,0.6190476190476191,0.38120844414159905,0.525
cirrhilabrus_lubbocki,0.0012597346529216718,0.005301524280974484,0.7748760387544336,0,0.9047619047619048,0.23761744474932733,0.996
apogon_erythrinus,0.0012430281299929174,0.00199189358884478,0.7761893083543927,1.2857142857142858,0,0.6240434413536242,0.001
chaetodon_kleinii,0.0012366149575085005,0.0018471734440690727,0.7774958023840651,0.8095238095238095,0.9523809523809523,0.6694633692786344,0.171
alionematichthys_riukiuensis,0.0012239134526532433,0.005337058173376974,0.7787888771677869,1.2857142857142858,0.047619047619047616,0.22932361104072874,0.01
kaupichthys,0.0012051224988363553,0.003439503021520396,0.7800620991518763,0,1.0476190476190477,0.3503769269269732,0.998
fowleria_variegata,0.0012017626560485834,0.0036607884155185266,0.7813317714340022,0.38095238095238093,1.0476190476190477,0.32827973639617236,0.962
pleurosicya_mossambica,0.0012000000666106988,0.0029993274795419166,0.7825995815256676,1.0952380952380953,0.09523809523809523,0.40008971170896396,0.028
pristiapogon_exostigma,0.0011850993631382079,0.004156066316845318,0.7838516488996771,0.7619047619047619,0.38095238095238093,0.2851492908895071,0.155
sargocentron_punctatissimum,0.0011721463011719329,0.0022701581311627274,0.7850900312555474,0.42857142857142855,0.9047619047619048,0.5163280412415958,0.997
eviota_sparsa,0.0011671015997632619,0.003120163075870376,0.7863230838422508,0.23809523809523808,0.7619047619047619,0.37405147467739214,0.997
corythoichthys_haematopterus,0.0011641856866461224,0.0034754516707502145,0.7875530557423949,1.380952380952381,0.14285714285714285,0.33497392481214394,0.093
scolopsis_bilineata,0.001162348461989328,0.0017685126426412916,0.7887810865993463,0.5238095238095238,1.1428571428571428,0.6572463402089955,0.995
cheilodipterus,0.0011363287297187768,0.0018558510577467943,0.7899816273918611,1.0476190476190477,0.14285714285714285,0.6122952189376684,0.004
neoglyphidodon_melas,0.0011257787946270738,0.0020096781332006493,0.7911710220898482,1.380952380952381,0.2857142857142857,0.560178655491533,0.04
arothron_manilensis,0.0011251732639864524,0.005466321477743516,0.7923597770396567,0.5714285714285714,0,0.20583737501858765,0.004
asterropteryx_ensifera,0.0011094625783256411,0.004041240772983893,0.7935319335188634,1.380952380952381,0,0.27453513429402965,0.011
dischistodus_pseudochrysopoecilus,0.0011076893336618024,0.004479475874174392,0.7947022165502742,0.14285714285714285,1.2857142857142858,0.2472810133989079,0.994
plesiops_verecundus,0.0010868198181785676,0.003791005108881868,0.7958504507642942,1.7619047619047619,0,0.28668381786990466,0.009
eviota_nigramembrana,0.0010860044508078969,0.0030373385117268238,0.7969978235358777,1.2380952380952381,0.09523809523809523,0.3575513386522297,0.027
nannosalarias_nativitatis,0.0010780693626130868,0.0033621376919118215,0.7981368128205171,1.4285714285714286,0.047619047619047616,0.32064997373741144,0.009
pseudoplesiops_typus,0.0010723212704143502,0.003516773233744773,0.7992697291977455,0.42857142857142855,0.6190476190476191,0.3049162397293692,0.986
alionematichthys_piger,0.0010697378044713002,0.0031382174013928877,0.8003999161216305,1.4285714285714286,0.47619047619047616,0.3408743460527943,0.992
chaetodon_triangulum,0.0010618779253070251,0.0024225411486039935,0.8015217990175401,1,0,0.4383322553340073,0.001
bathygobius_fuscus,0.0010614144783487691,0.0029823145832039172,0.8026431922778678,0.8571428571428571,0,0.3559029232953975,0.002
diproctacanthus_xanthurus,0.001056418652375367,0.0020012461751926177,0.8037593074063343,1.0476190476190477,0.047619047619047616,0.5278804104515967,0.001
epinephelus_merra,0.0010324787946696188,0.0037943768224286702,0.804850129875211,0.7619047619047619,0.14285714285714285,0.27210760633119174,0.025
istiblennius_dussumieri,0.0010314088253209146,0.005010794687931557,0.8059398219125354,0.5238095238095238,0,0.20583737501858762,0.004
parupeneus_multifasciatus,0.0010232359418296231,0.002105538650162337,0.8070208792301989,0.5238095238095238,0.8571428571428571,0.4859734784496745,0.981
parapercis_clathrata,0.0010032032221738033,0.001853537153403741,0.8080807718122514,0.19047619047619047,1.2380952380952381,0.5412371801296629,0.996
cephalopholis_leopardus,9.865372359449546e-4,0.0022377075206406003,0.8091230566406741,0.7142857142857143,0.2857142857142857,0.44086960733033304,0.053
ctenochaetus_binotatus_2,9.834085068959e-4,0.003458148737508342,0.8101620359407281,0.8095238095238095,0,0.28437426540665905,0.005
apogonichthyoides_melas,9.811249990742436e-4,0.0042583600664674245,0.8111986026956989,0.14285714285714285,0.7619047619047619,0.23039972753834037,0.995
ucla_xenogrammus,9.805840157676698e-4,0.0016307097870420144,0.8122345978972885,0.9047619047619048,0.09523809523809523,0.6013234381492097,0.006
koumansetta_hectori,9.805584907478229e-4,0.0015655617216714438,0.8132705661314815,0.6666666666666666,0.38095238095238093,0.6263301390001713,0.553
cheilodipterus_macrodon,9.731068389547843e-4,0.0021049732562806937,0.8142986616333259,1.2857142857142858,0.09523809523809523,0.4622894072650501,0.017
myripristis,9.671676853623568e-4,0.002570278749153255,0.8153204823698014,0.6666666666666666,0,0.3762890253366401,0.001
chaetodon_lunulatus,9.667591641947057e-4,0.0026434470087842873,0.8163418715002518,0.5238095238095238,0.38095238095238093,0.3657191390567406,0.127
samariscus,9.611291014726053e-4,0.0028269908051342827,0.8173573124224193,0.6190476190476191,0,0.33998310136949716,0.002
trimma_nasa,9.565300275121492e-4,0.002431831827804182,0.8183678943845402,0.6190476190476191,0.3333333333333333,0.39333724337996107,0.957
blenniella_periophthalmus,9.530820254639431e-4,0.004336531298624658,0.8193748335037027,0,1.8095238095238095,0.2197798101367827,0.994
soleichthys_heterorhinos,9.49263706839471e-4,0.0025774242880993695,0.8203777385373514,0.09523809523809523,1.2857142857142858,0.36829935654073936,0.997
pycnochromis_margaritifer,9.299204209789757e-4,0.002354508252677827,0.8213602072279513,0.3333333333333333,0.47619047619047616,0.3949531372087397,0.823
scorpaenodes_varipinnis,9.288300706625373e-4,0.0019157983914243005,0.8223415239543361,0.14285714285714285,0.9047619047619048,0.4848266262359676,0.995
chromis_weberi,9.228395461419545e-4,0.0030107001661488744,0.8233165116415379,0.2857142857142857,2.6666666666666665,0.3065199107230931,0.376
apogon,9.166125692532151e-4,0.003424711160107484,0.8242849204756545,0.8571428571428571,0.09523809523809523,0.26764667920913,0.038
enneapterygius_nanus,8.972561222420958e-4,0.0021185947247862047,0.8252328790618568,0.047619047619047616,1.2380952380952381,0.42351475331490845,0.994
acanthochromis_polyacanthus,8.881713121981855e-4,0.002358973590529758,0.8261712394703798,0.23809523809523808,0.6666666666666666,0.3765075267327294,0.999
fusigobius_signipinnis,8.860323022737017e-4,0.001805103011800516,0.8271073399970545,0,0.7142857142857143,0.4908486089056607,0.957
salarias_obscurus,8.858466206914331e-4,0.0040836566305405214,0.828043244349587,1.1428571428571428,0,0.21692485456941576,0.024
sebastapistes_fowleri,8.840350390288454e-4,0.0016375137375826178,0.8289772347509642,0.6666666666666666,0.23809523809523808,0.5398641970075339,0.001
nectamia_fusca,8.791064646382625e-4,0.002211327170215624,0.829906018072339,0,0.9523809523809523,0.39754699190556314,0.99
sunagocia_arenicola,8.758636511362573e-4,0.0032454382477963358,0.8308313753341677,0.9047619047619048,0,0.2698753093610614,0.011
canthigaster_compressa,8.725059998442495e-4,0.003606154246674004,0.8317531852093666,0.47619047619047616,0.047619047619047616,0.2419491625043414,0.007
dascyllus_trimaculatus,8.715176098674247e-4,0.001415500587150715,0.8326739508423009,0.5714285714285714,0.42857142857142855,0.6156956894109928,0.932
amphiprion_clarkii,8.690368510969785e-4,0.0012007095859303974,0.833592095532877,0.6666666666666666,0.5238095238095238,0.7237693954309404,0.88
myripristis_pralinia,8.657378214991774e-4,0.002185808623957974,0.8345067547711329,0,0.8571428571428571,0.39607210439655705,0.996
trimma,8.603600362951567e-4,0.0022799981001324116,0.8354157323344101,0.3333333333333333,0.47619047619047616,0.37735120754933565,0.985
chrysiptera_parasema,8.585316725481752e-4,0.00398744190225612,0.8363227782161201,0.9047619047619048,0,0.21530888564480713,0.016
zoramia_leptacanthus,8.4893634482929e-4,0.003913504270934666,0.8372196865539637,1.0952380952380953,0,0.2169248545694158,0.024
dascyllus_aruanus,8.465147482396008e-4,0.0017090200323837685,0.8381140364547873,0.7619047619047619,0.14285714285714285,0.495321723677439,0.141
halichoeres,8.376742289172544e-4,0.0030719822591832742,0.838999046273119,0.7619047619047619,0.047619047619047616,0.27268198779896624,0.015
pictichromis_porphyrea,8.316578253145818e-4,0.003468067193161876,0.8398776997108011,0.09523809523809523,0.6190476190476191,0.23980441525308224,0.996
pseudoplesiops,8.286120645687227e-4,0.0029408585715446317,0.8407531352768198,0.38095238095238093,0.5714285714285714,0.2817585560170306,0.995
flabellicauda_alleni,8.267278610667698e-4,0.001979872472177683,0.8416265801661036,0.8095238095238095,0,0.41756621837235963,0.006
trimma_tevegae,8.230952870508227e-4,0.002770480755134124,0.8424961872106036,1,0,0.2970947499005367,0.015
myripristis_violacea,8.228727711037555e-4,0.0022232116915938196,0.8433655591651472,0.3333333333333333,0.42857142857142855,0.37012794337809474,0.976
enneapterygius_rhabdotus,8.205378984600686e-4,0.003595141327880755,0.8442324643072442,1.9523809523809523,0.047619047619047616,0.22823522738777974,0.08
leptoscarus_vaigiensis,7.963378394474473e-4,0.0036208587675041386,0.8450738018848978,0.38095238095238093,0.047619047619047616,0.21993065473701523,0.008
cheilinus,7.909908382055756e-4,0.002578177395890276,0.8459094903110861,0.7142857142857143,0.09523809523809523,0.3068023323245516,0.011
fusigobius_humeralis,7.892227838249804e-4,0.003209934597352758,0.8467433107730562,0,0.9523809523809523,0.2458688050765441,0.997
amphiprion_frenatus,7.8424619031608e-4,0.001563006084316933,0.8475718734224241,0.8571428571428571,0.14285714285714285,0.5017550463719482,0.184
abudefduf_sexfasciatus,7.808030641185e-4,0.0024929421742809726,0.8483967983802106,0.38095238095238093,0.7142857142857143,0.3132054454266286,0.992
gymnothorax_richardsonii,7.690323299656128e-4,0.002982179451789491,0.8492092874590663,0,0.5714285714285714,0.2578759401967397,0.996
epibulus_insidiator,7.685626686290397e-4,0.002857147433920768,0.8500212803367976,1.2857142857142858,0,0.26899650312212514,0.008
gymnothorax_buroensis,7.607770557418973e-4,0.001497645404107324,0.8508250476494956,0,0.8571428571428571,0.5079820988703002,0.991
pervagor_janthinosoma,7.54435994873951e-4,0.0019170593222398668,0.8516221155784317,0.8095238095238095,0.14285714285714285,0.393538158220622,0.09
atrosalarias_fuscus,7.533770117370578e-4,0.0018810287054177941,0.8524180646828402,0.9523809523809523,0.09523809523809523,0.40051329868978564,0.175
pseudanthias_huchtii,7.523811396043657e-4,0.002090019606786654,0.8532129616400239,0,1.0952380952380953,0.35998759875804726,0.997
paracheilinus_carpenteri,7.513497737270592e-4,0.00339639847250573,0.8540067689505451,0.047619047619047616,0.5238095238095238,0.22121955942723726,0.995
sebastapistes_strongia,7.501155093243016e-4,0.0036442143184956775,0.8547992722504173,0.38095238095238093,0,0.20583737501858765,0.004
zenarchopterus,7.501155093243016e-4,0.0036442143184956775,0.8555917755502898,0.38095238095238093,0,0.20583737501858765,0.004
saurida_gracilis,7.40237333535386e-4,0.001468834077603931,0.8563738424749476,0.5238095238095238,0.23809523809523808,0.5039625270288629,0.069
eviota_teresae,7.3865203270674e-4,0.0033732307844226267,0.8571542345160411,0,1.2380952380952381,0.21897465068734398,0.988
congrogadus_subducens,7.344560129254376e-4,0.0026186672069405696,0.8579301934271943,0.9523809523809523,0.047619047619047616,0.2804693971722792,0.073
pomacentrus_lepidogenys,7.339115083722412e-4,0.002350456827215785,0.85870557706474,0.19047619047619047,0.5238095238095238,0.31224207136005566,0.994
neamia_octospina_2,7.329943506401901e-4,0.0018030430993637827,0.8594799917174825,0.6666666666666666,0,0.4065317966602311,0.001
moringua_raitaborua,7.328479614668148e-4,0.002091638562381361,0.8602542517088408,0,0.5714285714285714,0.3503702669511202,0.995
norfolkia_brachylepis,7.300220761066123e-4,0.0016286413335937703,0.8610255261287169,1.1428571428571428,0,0.4482399292272295,0.01
pteragogus_cryptus,7.28713909273816e-4,0.0017252269215734819,0.8617954184594094,0.6666666666666666,0.09523809523809523,0.4223872814419087,0.044
scorpaenopsis_possi,7.169487006761425e-4,0.001178078205527854,0.8625528807489664,0,0.7619047619047619,0.6085747935171281,0.893
enneapterygius_similis,7.147821944862165e-4,0.0031107332110176466,0.8633080541066411,0.7142857142857143,0,0.22977933046607438,0.009
myripristis_murdjan,7.13833212970792e-4,0.0016763382469022368,0.8640622248574197,0.047619047619047616,0.6190476190476191,0.4258288649620141,0.997
callogobius_sclateri,7.135869506591023e-4,0.0015617125862196317,0.8648161354300096,0.6190476190476191,0.23809523809523808,0.4569259138689857,0.125
ostorhinchus_aureus,7.089710698745841e-4,0.0027854950212136825,0.8655651692860029,0.09523809523809523,0.5238095238095238,0.2545224688880164,0.997
pomacentrus_burroughi,7.075928783188797e-4,0.002279513128458649,0.8663127470711083,0,0.8571428571428571,0.31041403950910196,0.994
gnatholepis,7.058416843621048e-4,0.0015061447347962382,0.8670584747051739,0.9047619047619048,0,0.4686413384153256,0.005
kaupichthys_diodontus,7.028657913935743e-4,0.001969114066410786,0.8678010582834664,0,0.6190476190476191,0.35694518838856654,0.996
pseudochromis_cyanotaenia,6.97529703534588e-4,0.0019167724830236742,0.868538004240374,0.8095238095238095,0.7142857142857143,0.3639084501224931,0.999
abantennarius_coccineus,6.784886121940164e-4,0.002700569981019934,0.8692548331252665,0.6666666666666666,0,0.2512390410033993,0.01
cirripectes_castaneus,6.71084069588289e-4,0.0013811103584630562,0.8699638390490602,0.6666666666666666,0.19047619047619047,0.4859018437419388,0.034
paragobiodon,6.612696434212201e-4,0.001694687194655224,0.8706624759496474,0.6666666666666666,0,0.39020159325376397,0.001
enneapterygius_tutuilae,6.524133393773045e-4,0.0012608066972239818,0.8713517560910525,0.38095238095238093,0.6190476190476191,0.5174570699963561,0.997
canthigaster_papua,6.490143797491383e-4,0.0017142855310165832,0.8720374452032256,0.7142857142857143,0.047619047619047616,0.3785917619944376,0.016
oxycheilinus_celebicus,6.409431980329621e-4,0.0014777703793275613,0.8727146070445123,0.2857142857142857,0.3333333333333333,0.4337231324968189,0.979
cirrhitichthys_falco,6.398411220246233e-4,0.001254801720865858,0.8733906045332928,0.42857142857142855,0.3333333333333333,0.5099141253831802,0.064
siphamia_tubifer,6.390290932877566e-4,0.0023228673496841243,0.8740657441069315,0.47619047619047616,0,0.27510356688024185,0.004
halichoeres_biocellatus,6.36662516599705e-4,0.001431826514965112,0.8747383833725357,0.09523809523809523,0.7142857142857143,0.44465059834097154,0.999
synchiropus_ocellatus,6.357312433935092e-4,0.0016460740380809075,0.8754100387402205,0.6666666666666666,0.047619047619047616,0.3862106009123885,0.007
platycephalidae,6.34221100069777e-4,0.001287343338161314,0.8760800986288725,0.5714285714285714,0,0.49265885896113926,0.002
ctenochaetus_binotatus,6.331555774523059e-4,0.0015837293131540247,0.8767490327839809,0,0.6666666666666666,0.39978774920277593,0.996
ostorhinchus_compressus,6.238183631029065e-4,0.0020062170785132335,0.8774081020941532,0.6666666666666666,0.047619047619047616,0.3109426042595578,0.03
eviota_distigma,6.177224011853198e-4,0.0016884382711612055,0.8780607309696519,0.19047619047619047,0.47619047619047616,0.36585429964252575,0.999
eviota_minuta,6.146382411209194e-4,0.002842781062717248,0.8787101014042864,0,0.7619047619047619,0.21621019261097182,0.989
halichoeres_prosopeion,6.127332383376234e-4,0.0016531015405842839,0.8793574591875715,0.42857142857142855,0.14285714285714285,0.3706567463006868,0.164
meiacanthus_geminatus,6.035859399021197e-4,0.002397241223568363,0.8799951527736699,0.7619047619047619,0,0.251783564360563,0.012
helcogramma_rhinoceros,5.952938162116304e-4,0.0016586785513317908,0.8806240856618409,0.7142857142857143,0.5238095238095238,0.3588964333888899,0.901
wetmorella_nigropinnata,5.937681043791155e-4,0.0012584317739492779,0.8812514066227197,0.6190476190476191,0.19047619047619047,0.4718317803719472,0.928
labrichthys_unilineatus,5.908148653458608e-4,0.001506684918937488,0.8818756074618972,0.7619047619047619,0.09523809523809523,0.39212900980153337,0.078
meiacanthus_ditrema,5.893540020635028e-4,0.0025048040995479253,0.8824982648868169,0.47619047619047616,0,0.23528945923151087,0.003
parapriacanthus,5.873024064822199e-4,0.002748119365102065,0.883118754783872,0.5238095238095238,0,0.2137106611671533,0.012
ecsenius_kurti,5.821098202385841e-4,0.0017495553901861144,0.8837337586701972,0.6190476190476191,0.047619047619047616,0.33271871442530343,0.026
enneapterygius_rubicauda,5.768654364650182e-4,0.002624742628114925,0.8843432218212692,0,1.0952380952380953,0.2197798101367827,0.994
pomacentrus_vaiuli,5.705530680613355e-4,0.0016028698717275587,0.8849460159024076,0,0.6190476190476191,0.35595719785187463,0.996
apogonichthys_ocellatus,5.704684661884153e-4,0.0018395426549946095,0.885548720600961,0.47619047619047616,0.09523809523809523,0.31011429098396576,0.161
entomacrodus_striatus,5.680677078613618e-4,0.0019557985691870086,0.8861488888782927,0.8571428571428571,0,0.2904530746729698,0.016
plectroglyphidodon_leucozona,5.670153451901467e-4,0.0017722515988059077,0.8867479453256741,0.38095238095238093,0.7142857142857143,0.31994065942566247,0.969
microgobius,5.633779237820191e-4,0.0020847654877504114,0.8873431588069614,0,0.7142857142857143,0.2702356342199132,0.995
taeniamia_melasma,5.613080673065033e-4,0.002592547399063321,0.8879361854675967,0,0.7142857142857143,0.21650831437423365,0.992
siphamia_jebbi,5.585297454275889e-4,0.0014445279548703002,0.8885262768079649,0.5238095238095238,0,0.38665208488660757,0.005
trimma_cana,5.562563531777864e-4,0.0013286366650407616,0.889113966290436,0.19047619047619047,0.38095238095238093,0.4186670199717248,0.997
synodus_dermatogenys,5.486266997963919e-4,0.0012121596403350666,0.8896935949803938,0.23809523809523808,0.38095238095238093,0.45260267834419887,0.996
enneapterygius_unimaculatus,5.456546701114438e-4,0.0016047335889482885,0.8902700836961699,0.6190476190476191,0,0.34002819774530635,0.005
fowleria_marmorata,5.444570472899949e-4,0.0010395601224717724,0.8908453071134335,0,0.42857142857142855,0.5237379113729699,0.957
sunagocia_otaitensis,5.398817914479622e-4,0.001203073998849432,0.8914156967346919,0.2857142857142857,0.3333333333333333,0.448751940416202,0.971
amphiprion_perideraion,5.339095479017381e-4,0.001442767590609644,0.8919797766307689,0.5238095238095238,0.047619047619047616,0.3700592883959458,0.056
scolopsis_margaritifera,5.323548173262082e-4,0.001381239054641277,0.8925422139410094,0.7142857142857143,0,0.3854183065106471,0.009
ctenogobiops,5.284274779077533e-4,0.0011291633268548005,0.8931005019843565,0.6666666666666666,0,0.4679814384156881,0.002
ostorhinchus_cookii,5.248798041735055e-4,0.0024670956207047128,0.8936550418807767,0.42857142857142855,0,0.21275211214698533,0.006
sargocentron_tiereoides,5.242191297935365e-4,0.0013650610751306165,0.8942088837691972,0.38095238095238093,0.14285714285714285,0.38402613578544564,0.229
amblycirrhitus_bimacula,5.228096693833102e-4,0.0014663504950993488,0.8947612365509234,0.47619047619047616,0.047619047619047616,0.3565379976551163,0.007
atherion,5.226163266554886e-4,0.002371707653185098,0.8953133850644434,1.2857142857142858,0,0.22035444627993597,0.052
gobiopsis,5.210524669927024e-4,0.0024161597649450346,0.8958638813471697,0.5714285714285714,0,0.21565315115019135,0.011
callogobius,5.151468712549773e-4,0.0011873153010181138,0.8964081383186809,0.6666666666666666,0,0.43387537481681804,0.003
opistognathus_randalli,5.047749470160088e-4,0.0019249039012543057,0.8969414372656169,0,0.38095238095238093,0.26223384278409295,0.996
aioliops_megastigma,4.970446525278909e-4,0.0023085189960430166,0.8974665690918701,0.5238095238095238,0,0.21530888564480716,0.016
oxycheilinus,4.967202665800475e-4,0.0019043124577633147,0.8979913582016602,0.09523809523809523,0.3333333333333333,0.2608396876022456,0.99
onigocia_pedimacula,4.940309228363541e-4,0.0016685442713725326,0.8985133059973264,0.47619047619047616,0,0.2960849953534453,0.009
pteragogus_guttatus,4.910286692017242e-4,0.0020037429389487935,0.8990320818869555,0,0.5714285714285714,0.24505572030079287,0.997
plectroglyphidodon_dickii,4.901003459696289e-4,0.001463002701231119,0.8995498769953373,0.38095238095238093,0.14285714285714285,0.3349962003195268,0.221
eviota_nebulosa,4.890092083043946e-4,0.0013613851733219296,0.9000665193076637,0.14285714285714285,0.5714285714285714,0.3591997458817318,0.993
paragobiodon_melanosoma,4.865955295074011e-4,0.0014109600787388264,0.9005806115481841,0.47619047619047616,0.09523809523809523,0.34486838914843004,0.045
parapercis_cylindrica,4.8113627316430764e-4,0.0011083038352647132,0.9010889360387875,0.2857142857142857,0.23809523809523808,0.4341194696392894,0.996
aspidontus_taeniatus,4.738462523859437e-4,0.0011738560621102896,0.9015895585615591,0.19047619047619047,0.42857142857142855,0.40366640142752314,0.266
amblyeleotris_steinitzi,4.7087428275922633e-4,0.0015509024227141923,0.902087041173601,0.2857142857142857,0.2857142857142857,0.3036130938109968,0.945
pentapodus_caninus,4.69555665817566e-4,0.0012856709912095726,0.902583130655832,0,0.5238095238095238,0.36522226061568297,0.995
thalassoma_jansenii,4.681971348932672e-4,0.001494740563362282,0.9030777848387962,0.42857142857142855,0,0.3132296977611289,0.004
pomacentrus,4.665598259320049e-4,0.0021929738850708556,0.9035707091911697,0.38095238095238093,0,0.2127521121469854,0.006
sargocentron_rubrum,4.606136788561294e-4,0.001904518790770577,0.9040573513895008,0,0.5714285714285714,0.24185305027616083,0.993
acanthurus_nigrofuscus,4.575384130583858e-4,0.0015265895720691489,0.9045407445438348,0.23809523809523808,0.3333333333333333,0.2997127855643842,0.246
siganus_punctatus,4.521505450350748e-4,0.0018351203926787283,0.9050184453706075,0.5714285714285714,0.047619047619047616,0.246387401523597,0.138
pseudochromis_coccinicauda,4.514599067987099e-4,0.0020541464046116803,0.9054954165323161,0,0.8571428571428571,0.2197798101367827,0.994
ecsenius_pictus,4.4851149760189335e-4,8.981566643224386e-4,0.905969272675086,0.47619047619047616,0,0.4993688912170422,0.004
centropyge_nox,4.483755820657529e-4,0.0013064504395684808,0.9064429852219567,0.14285714285714285,0.2857142857142857,0.34320137104768467,0.996
pomacentrus_stigma,4.4460011564927696e-4,0.0012001708390403207,0.9069127089570291,0,0.38095238095238093,0.3704473573152199,0.999
gymnothorax_fimbriatus,4.3327008012900996e-4,0.0012918403879272169,0.9073704624149567,0,0.47619047619047616,0.33538979287077425,0.996
gymnothorax,4.303740483972969e-4,6.314122920221935e-4,0.9078251561911745,0,0.7142857142857143,0.6816054325121844,0.764
eviota_prasina,4.285788033845136e-4,0.0016268185602230137,0.9082779532760442,0.47619047619047616,0,0.26344597600715935,0.009
asterropteryx_bipunctata,4.2854908192653285e-4,9.136709350376971e-4,0.9087307189599452,0.38095238095238093,0.14285714285714285,0.4690409484338597,0.978
pseudamia_gelatinosa,4.2153216144725277e-4,7.817269036123944e-4,0.9091760712087611,0.23809523809523808,0.23809523809523808,0.5392319996911122,0.992
nectamia_bandanensis,4.2112947228394135e-4,0.0018690945837318293,0.9096209980131131,0,0.38095238095238093,0.22531201788788846,0.997
diancistrus_fuscus,4.2060196679568365e-4,0.0016891607237182903,0.9100653675035114,0.42857142857142855,0,0.24900056039062246,0.009
pseudochromis_bitaeniatus,4.17006495728529e-4,9.980470748525612e-4,0.9105059383487013,0.38095238095238093,0.09523809523809523,0.4178224717407566,0.051
halichoeres_hortulanus,4.1175558907876095e-4,9.556209821800524e-4,0.910940961567165,0.14285714285714285,0.42857142857142855,0.4308775097627361,0.998
fusigobius_aureus,4.106743336289951e-4,0.001205750002941962,0.9113748424302164,0,0.42857142857142855,0.3405965852183064,0.999
cirripectes_stigmaticus,4.1051651922499865e-4,0.00139942663337175,0.911808556561032,0.5238095238095238,0,0.29334622440042357,0.004
chaetodon_baronessa,4.0960144719334155e-4,0.0011510583770811948,0.9122413039106043,0,0.38095238095238093,0.3558476749302599,0.993
creediidae,4.0647936517649116e-4,0.001844661508032854,0.9126707527544532,1,0,0.22035444627993597,0.052
arothron_nigropunctatus,4.0481895215370087e-4,9.061240713321817e-4,0.9130984473580772,0.23809523809523808,0.19047619047619047,0.4467588545115427,0.984
parascorpaena_aurita,4.0164732305973796e-4,7.703087934570046e-4,0.9135227911090769,0.23809523809523808,0.23809523809523808,0.5214107984633259,0.998
meiacanthus_atrodorsalis,3.980654745105416e-4,0.001126716453844739,0.9139433506071719,0.38095238095238093,0,0.3532969392185648,0.004
pseudamia,3.9784633001138794e-4,7.889218960458251e-4,0.9143636785772736,0.42857142857142855,0.047619047619047616,0.5042911497392116,0.004
cephalopholis_urodeta,3.969743200055217e-4,0.0012051301465319372,0.914783085261522,0.23809523809523808,0.2857142857142857,0.3294036923297574,0.322
siphamia_majimai,3.9311666831928863e-4,0.001069778789304569,0.9151984163045483,0,0.42857142857142855,0.367474726784256,0.998
cheilodipterus_artus,3.924213159999929e-4,0.0014060024047215611,0.9156130127020423,0.23809523809523808,0.09523809523809523,0.2791042993114271,0.361
enneapterygius_fuscoventer,3.921733583973108e-4,0.001584500174562866,0.9160273471302584,0.9047619047619048,0,0.24750603672574797,0.027
amphiprion,3.872570473140216e-4,9.27638715503076e-4,0.9164364874347584,0.2857142857142857,0,0.4174653783224267,0.001
salarias_fasciatus,3.8527804079874635e-4,0.0012418525322138595,0.9168435369023483,0.47619047619047616,0,0.3102445989395443,0.014
ungusurculus_williamsi,3.844232302161757e-4,0.0010033771736803541,0.917249683255419,0,0.38095238095238093,0.3831293359067798,0.998
gnatholepis_anjerensis,3.841786953323677e-4,9.291332471979113e-4,0.9176555712553429,0.09523809523809523,0.23809523809523808,0.413480732167294,0.996
pleurosicya_muscarum,3.825368006601182e-4,0.0010561835865226469,0.918059724579834,0.42857142857142855,0,0.3621877915368606,0.005
thalassoma_amblycephalum,3.8013540853033855e-4,0.0015874043743624002,0.9184613408134857,0.2857142857142857,0,0.23946980030404946,0.005
asterropteryx,3.8008717245409184e-4,0.0012929886311094751,0.9188629060853202,0.38095238095238093,0,0.29396018132653673,0.009
acanthurus_lineatus,3.7225480470388255e-4,0.0012390648835713613,0.9192561963952178,0.42857142857142855,0.047619047619047616,0.30043205133126777,0.137
cirripectes_springeri,3.7146173997268736e-4,0.0012973830689990478,0.9196486488256039,0.47619047619047616,0,0.28631616123931397,0.016
chrysiptera_cyanea,3.6979001137838033e-4,0.0012965912107047526,0.9200393350607695,0.2857142857142857,0.09523809523809523,0.28520169528018297,0.794
scarus_scaber,3.6595508161856103e-4,0.0016707822321767333,0.920425969660618,0.6666666666666666,0,0.21903218418942988,0.032
priolepis_pallidicincta,3.6549551401041363e-4,0.001343106471158621,0.9208121187234506,0.2857142857142857,0.047619047619047616,0.27212698461285917,0.118
grammistes_sexlineatus,3.625216429077337e-4,8.525348760776682e-4,0.9211951258666282,0,0.47619047619047616,0.4252279326983299,0.998
parascorpaena_moultoni,3.59106258889491e-4,8.748244201849924e-4,0.9215745246280683,0.3333333333333333,0,0.41048952293027385,0.002
plesiops_oxycephalus,3.5886166174701643e-4,0.0014375462845517763,0.9219536649705848,0.6190476190476191,0,0.24963485739793673,0.018
bodianus_dictynna,3.582498523528525e-4,7.748452348553893e-4,0.9223321589313672,0.19047619047619047,0.23809523809523808,0.46235020393422605,0.2
halichoeres_melanochir_2,3.5619250426085326e-4,0.001186152061030783,0.9227084792867092,0.38095238095238093,0,0.3002924464434323,0.007
cephalopholis_cyanostigma,3.528209085580884e-4,8.900928698966383e-4,0.923081237523035,0.23809523809523808,0.2857142857142857,0.3963866249137122,0.769
cephalopholis_boenak,3.5233762892293016e-4,7.569775748471633e-4,0.9234534851703902,0.2857142857142857,0.14285714285714285,0.46545319257848355,0.104
hypoatherina_temminckii,3.5113548306566324e-4,0.0015976694258090847,0.9238244627406079,0,0.6666666666666666,0.2197798101367827,0.994
enneapterygius_flavoccipitis,3.506579179680482e-4,8.446761508747692e-4,0.9241949357593119,0.2857142857142857,0.09523809523809523,0.4151388879689541,0.076
chaetodon_vagabundus,3.501721084695934e-4,8.098626897364184e-4,0.9245648955162236,0.38095238095238093,0.19047619047619047,0.4323845423519411,0.92
aulostomidae,3.4947058625520085e-4,0.0016874919305175096,0.9249341141090575,0.19047619047619047,0,0.20709467105305054,0.002
scarus_spinus,3.4835206539482873e-4,0.0013912174051223343,0.9253021509752615,0,0.42857142857142855,0.25039369412158624,0.994
dischistodus_melanotus,3.4714911536645027e-4,9.058604146628699e-4,0.9256689169147145,0.47619047619047616,0,0.3832258367263429,0.012
alticus_montanoi,3.4709909808617044e-4,0.0014161773951897275,0.9260356300104933,0.38095238095238093,0.047619047619047616,0.24509577632374865,0.038
aseraggodes_xenicus,3.466418731669698e-4,0.0010068796245687104,0.9264018600443267,0.19047619047619047,0.19047619047619047,0.3442734014162332,0.45
plectranthias_nanus,3.462541583637639e-4,0.0011215671723169161,0.9267676804542325,0,0.3333333333333333,0.3087235137673274,0.996
amblygobius,3.4573957759880154e-4,0.0012455388234553723,0.9271329572052629,0.38095238095238093,0,0.2775823371283211,0.005
xenisthmus_polyzonatus,3.4399585464500303e-4,7.749655325180316e-4,0.9274963916984308,0.09523809523809523,0.23809523809523808,0.443885360329879,0.998
thysanophrys_chiltonae,3.429847656673274e-4,6.454258359793938e-4,0.9278587579676499,0.09523809523809523,0.23809523809523808,0.5314084849839784,0.974
trimma_agrena,3.426935767207477e-4,0.0012203684767999436,0.9282208165933153,0,0.3333333333333333,0.2808115607995386,0.998
apogon_unicolor,3.4044638017596357e-4,8.838595088333036e-4,0.9285805010370646,0.3333333333333333,0,0.38518155518330455,0.004
ecsenius_yaeyamaensis,3.3987549857236716e-4,0.0012031418552904093,0.9289395823396323,0.5714285714285714,0,0.28248996332217985,0.013
coryphopterus,3.382706007024651e-4,9.833385706789362e-4,0.9292969680541977,0.38095238095238093,0,0.3440021685195462,0.006
eviota_albolineata,3.3490634794955176e-4,6.229230393185283e-4,0.9296507994076345,0.3333333333333333,0.047619047619047616,0.537636797502202,0.057
scorpaenodes_hirsutus,3.3127106048526703e-4,0.0011491021876220528,0.9300007900495069,0.3333333333333333,0,0.28828685912677443,0.006
synchiropus_bartelsi,3.2921259746389325e-4,7.515265027140777e-4,0.9303486059080066,0.2857142857142857,0,0.4380585332319863,0.002
ostorhinchus_jenkinsi,3.27356890709705e-4,0.0014721140446098092,0.9306944611968235,0,1.3333333333333333,0.2223719635773684,0.997
gomphosus_varius,3.232294987742505e-4,0.0010030748669589324,0.9310359558615925,0.42857142857142855,0.09523809523809523,0.3222386577725749,0.277
trimma_cheni,3.227736229307999e-4,9.71525940035498e-4,0.9313769688897258,0.047619047619047616,0.23809523809523808,0.33223366420767547,0.995
calumia_profunda,3.220094998941473e-4,0.0012194930438994586,0.9317171746154895,0.5238095238095238,0,0.2640519365854582,0.019
gymnothorax_melatremus,3.180338046219637e-4,9.913439487300312e-4,0.9320531799859968,0,0.23809523809523808,0.32081075899982375,0.996
callogobius_maculipinnis,3.175723462983941e-4,7.663635325846106e-4,0.9323886978219318,0.38095238095238093,0.047619047619047616,0.41438864559142163,0.047
chlorurus_spilurus,3.172033909756154e-4,8.112874612637705e-4,0.932723825853487,0,0.38095238095238093,0.3909876660505719,0.997
cryptocentrus_caeruleomaculatus,3.15226093838396e-4,0.0010991567361076284,0.9330568648541041,0.3333333333333333,0,0.28678902970170156,0.004
soleidae,3.128779631228215e-4,0.001008543415715387,0.9333874230350108,0.6666666666666666,0,0.3102275601104279,0.021
gymnothorax_castlei,3.108694564232447e-4,0.0011668490235684733,0.9337158592118163,0,0.3333333333333333,0.2664178913845594,0.995
thalassoma_quinquevittatum,3.102328546986629e-4,8.925542037924418e-4,0.9340436228135833,0.23809523809523808,0.14285714285714285,0.34757872785819705,0.12
hetereleotris,3.0747694958536373e-4,0.0010725465735923383,0.9343684747785834,0.3333333333333333,0,0.2866793453598146,0.007
parapercis_millepunctata,3.065641503831571e-4,6.63682936295265e-4,0.9346923623636035,0.2857142857142857,0.047619047619047616,0.4619135638689529,0.01
siganus,3.039394738262438e-4,7.960348741734801e-4,0.9350134769559225,0.23809523809523808,0,0.3818167817607526,0.002
anampses_geographicus,2.9954150186719506e-4,8.695375868648957e-4,0.9353299450541389,0.19047619047619047,0.09523809523809523,0.34448367315228695,0.078
amphiprion_ocellaris,2.961846075543221e-4,8.18749111299262e-4,0.93564286656548,0.2857142857142857,0.047619047619047616,0.36175258509204444,0.105
chaetodon_punctatofasciatus,2.960990693357033e-4,0.0011084904463801112,0.9359556977049789,0.23809523809523808,0,0.26711918925656514,0.004
paracheilinus_filamentosus,2.955747338769968e-4,0.0013903015011175394,0.9362679748796867,0.23809523809523808,0,0.21259757947424401,0.006
pseudochromis_fowleri,2.9528220689714434e-4,0.0013612188768468403,0.9365799429971975,0.38095238095238093,0,0.2169248545694158,0.024
pseudamia_hayashii,2.948201806502619e-4,8.978534068277473e-4,0.9368914229801202,0.23809523809523808,0.047619047619047616,0.32836115384571124,0.164
gymnomuraena_zebra,2.895285425119378e-4,0.0011368896203327022,0.9371973123031587,0,0.23809523809523808,0.2546672406308094,0.996
fusigobius_duospilus,2.885355171947648e-4,8.527280204162385e-4,0.9375021524866569,0,0.2857142857142857,0.33836758061957806,0.997
neopomacentrus_cyanomos,2.8753613555744083e-4,0.001312757468138862,0.9378059368151093,0.5238095238095238,0,0.21903218418942988,0.032
bodianus_mesothorax,2.865666610464145e-4,6.406978058322049e-4,0.9381086968856446,0.14285714285714285,0.14285714285714285,0.4472727367533153,0.912
ecsenius_lividanalis,2.8546846385879126e-4,0.0013402871799612587,0.9384102967016801,0.23809523809523808,0,0.21299052033538274,0.009
scorpaenodes_albaiensis,2.826080105212029e-4,5.885481654105363e-4,0.9387088744248765,0.23809523809523808,0,0.4801782201191168,0.001
apogonichthyoides_timorensis,2.812933159966131e-4,0.001366580369435879,0.9390060631623286,0.14285714285714285,0,0.20583737501858765,0.004
eleotris,2.812933159966131e-4,0.001366580369435879,0.9393032518997808,0.14285714285714285,0,0.20583737501858765,0.004
terapon_jarbua,2.812933159966131e-4,0.001366580369435879,0.9396004406372328,0.14285714285714285,0,0.20583737501858765,0.004
aulostomus_chinensis,2.803828291944859e-4,7.173982375762534e-4,0.939896667437775,0.19047619047619047,0.047619047619047616,0.3908328937937815,0.089
sargocentron_caudimaculatum,2.803316009452214e-4,6.859221057992666e-4,0.940192840115244,0.3333333333333333,0,0.40869305504969355,0.006
anthiadinae,2.764462290578522e-4,7.448491909850051e-4,0.9404849078648669,0.23809523809523808,0,0.3711438938293986,0.004
enneapterygius_hemimelas,2.7589216526587826e-4,0.001255311691707138,0.9407763902414665,0,0.5238095238095238,0.21977981013678266,0.994
ceratobregma_helenae,2.75839673063435e-4,9.157906491902543e-4,0.941067817159616,0.3333333333333333,0,0.3012038540766206,0.011
stethojulis_trilineata,2.756320706403593e-4,8.056443746676961e-4,0.9413590247440717,0.14285714285714285,0.2857142857142857,0.34212622753562844,0.619
tripterygiidae,2.747097982053166e-4,5.635239157361446e-4,0.9416492579399979,0.2857142857142857,0,0.48748560714846806,0.001
trachinocephalus,2.7432535667207763e-4,0.0012701758020866008,0.9419390849702336,0,0.3333333333333333,0.21597432120925736,0.991
plagiotremus_rhinorhynchos,2.736805301703296e-4,5.775887098294958e-4,0.9422282307358852,0.19047619047619047,0.14285714285714285,0.4738328944329956,0.129
foa_hyalina,2.729846026714865e-4,8.788529721811656e-4,0.9425166412483228,0.14285714285714285,0.047619047619047616,0.3106146435324495,0.058
parapercis_lineopunctata,2.7111732118368466e-4,0.001206279223081948,0.9428030789622746,0.2857142857142857,0.047619047619047616,0.22475502851736212,0.018
eviota_bifasciata,2.711152650152132e-4,0.0012591921796598273,0.9430895145038671,0.2857142857142857,0,0.21530888564480716,0.016
halichoeres_nigrescens,2.711152650152132e-4,0.0012591921796598273,0.9433759500454597,0.2857142857142857,0,0.21530888564480716,0.016
cirrhilabrus_exquisitus,2.70305634009307e-4,8.796294520175195e-4,0.9436615302051333,0.23809523809523808,0,0.30729488807967215,0.003
platax_orbicularis,2.687243733900395e-4,9.224448933940773e-4,0.9439454397497573,0.19047619047619047,0,0.29131753594654886,0.002
synodus_binotatus,2.674700423487582e-4,6.858825121021226e-4,0.9442280240831613,0.19047619047619047,0.09523809523809523,0.38996480830077496,0.748
paragobiodon_xanthosoma,2.666550675347541e-4,5.82144608364178e-4,0.9445097473888683,0.19047619047619047,0.09523809523809523,0.45805640678190396,0.983
halichoeres_kallochroma,2.6625587594280697e-4,8.467211941853966e-4,0.9447910489453248,0.38095238095238093,0,0.31445519230088864,0.016
scorpaenodes_parvipinnis,2.6505101333270054e-4,5.130415842602255e-4,0.9450710775543719,0.09523809523809523,0.19047619047619047,0.5166267637249871,0.999
ostorhinchus_angustatus,2.6426645977174783e-4,9.980296354754794e-4,0.9453502772760298,0.19047619047619047,0.047619047619047616,0.26478818902591655,0.209
cirripectes_perustus,2.62512630128561e-4,0.0010005970252130552,0.9456276240620235,0.2857142857142857,0,0.2623559969835656,0.011
grammistops_ocellatus,2.609900056711858e-4,6.194242032504246e-4,0.9459033621825622,0.047619047619047616,0.19047619047619047,0.42134292509340515,0.997
asterorhombus_cocosensis,2.6079837588761326e-4,7.89484581557664e-4,0.9461788978446345,0.23809523809523808,0,0.33034004967273006,0.004
chrysiptera_hemicyanea,2.605262334963512e-4,0.0012080798824725173,0.9464541459859975,0.2857142857142857,0,0.21565315115019135,0.011
helcogramma_albimacula,2.588990339859886e-4,0.0010677798508185914,0.9467276749774891,0,0.3333333333333333,0.24246480563152506,0.994
eviota_storthynx,2.5837193103500134e-4,0.0011910665172409852,0.9470006470803111,0.3333333333333333,0,0.21692485456941585,0.024
halichoeres_scapularis,2.5786030748287917e-4,9.307095081272362e-4,0.9472730786485776,0,0.2857142857142857,0.2770577771379417,0.999
diodon_liturosus,2.572698864167851e-4,6.710373216043644e-4,0.9475448864320571,0.047619047619047616,0.19047619047619047,0.38339132285769995,0.998
chromis_analis,2.5679716974213643e-4,5.257482040312415e-4,0.9478161947864222,0.14285714285714285,0.14285714285714285,0.4884413637043576,0.999
diplogrammus,2.563388016275539e-4,9.775733923359233e-4,0.9480870188710464,0.5714285714285714,0,0.26221949537213696,0.02
scorpaenopsis_ramaraoi,2.56198886843692e-4,8.399701268995049e-4,0.9483576951345329,0.19047619047619047,0.14285714285714285,0.3050095219330865,0.963
valenciennea_sexguttata,2.5457113804725433e-4,7.083064011006297e-4,0.9486266516678227,0.2857142857142857,0.09523809523809523,0.35940821324172556,0.31
pictichromis_diadema,2.5374970180619817e-4,0.0012273733950622081,0.9488947403468637,0,0.19047619047619047,0.20674205814387653,0.995
discotrema_crinophilum,2.525080969585559e-4,7.656736216726181e-4,0.9491615172600147,0.3333333333333333,0.047619047619047616,0.32978555067229637,0.2
gobiodon_quinquestrigatus,2.5149934387090904e-4,8.240896958715498e-4,0.9494272284171044,0,0.23809523809523808,0.3051844297178423,0.997
pleurosicya_micheli,2.510566115476694e-4,7.709380916889355e-4,0.9496924718237971,0.3333333333333333,0.047619047619047616,0.3256508067952203,0.901
acanthurus,2.509451704315383e-4,9.238137850450258e-4,0.94995759749202,0.14285714285714285,0.047619047619047616,0.2716404263433972,0.008
siganus_virgatus,2.507200830548034e-4,6.024709819049061e-4,0.9502224853535498,0.2857142857142857,0.047619047619047616,0.41615296103070565,0.015
centropyge_bicolor,2.5012116743221855e-4,7.164967630948818e-4,0.9504867404557227,0.047619047619047616,0.38095238095238093,0.3490890403354081,0.979
liopropoma_mitratum,2.4796055561607754e-4,5.592706444435601e-4,0.9507487128534684,0,0.19047619047619047,0.44336415307973664,0.991
xenisthmus,2.469030732311768e-4,7.968552708920032e-4,0.9510095680122432,0.23809523809523808,0,0.3098468219389356,0.006
gymnapogon_philippinus,2.4364884622589522e-4,7.525408690160603e-4,0.9512669850530108,0,0.2857142857142857,0.3237682579877205,0.997
chromis_xanthura,2.4221307139409506e-4,7.544214817655038e-4,0.9515228851856783,0.19047619047619047,0.047619047619047616,0.3210580255844066,0.009
centropyge_tibicen,2.406780640143597e-4,6.460879297485187e-4,0.9517771635702301,0.09523809523809523,0.14285714285714285,0.372515957863569,0.982
callionymus_acutirostris,2.3888864097716138e-4,7.939314118502513e-4,0.9520295514143996,0,0.3333333333333333,0.3008932981004407,0.996
canthigaster_ocellicincta,2.3822953228341395e-4,7.627394746550252e-4,0.9522812429047297,0.3333333333333333,0,0.31233408024563214,0.015
scarus_psittacus,2.376878938190901e-4,5.419980793667312e-4,0.9525323621494992,0,0.23809523809523808,0.4385401034941007,0.996
valenciennea_muralis,2.3683067668479538e-4,8.725967035777009e-4,0.9527825757372075,0.3333333333333333,0,0.2714090893465158,0.022
hemiglyphidodon_plagiometopon,2.367912172845835e-4,8.716701829916066e-4,0.95303274763573,0.23809523809523808,0.047619047619047616,0.2716523082984285,0.383
pygoplites_diacanthus,2.3627713469198393e-4,5.335621104443203e-4,0.9532823764017002,0.09523809523809523,0.14285714285714285,0.44282967262279127,0.989
synodus_jaculum,2.3513602000463797e-4,0.0010887221160742293,0.9535307995704737,0,0.2857142857142857,0.21597432120925736,0.991
bathygobius_cyclopterus,2.34307713858354e-4,6.377350448707271e-4,0.9537783476268865,0.3333333333333333,0,0.3674060501189011,0.003
taeniamia_biguttata,2.3342571698075246e-4,0.0011168527644726323,0.9540249638462325,0,0.19047619047619047,0.20900312414141173,0.995
centropyge_bispinosa,2.3107339003012518e-4,8.420377906211604e-4,0.9542690948125107,0.19047619047619047,0,0.2744216383206095,0.005
eviota_korechika,2.300098445605267e-4,8.640571415489503e-4,0.9545121021341183,0.23809523809523808,0.047619047619047616,0.26619749261975895,0.228
stethojulis_interrupta,2.3000949290096062e-4,9.620055386694817e-4,0.9547551090841948,0.047619047619047616,0.14285714285714285,0.23909373039481582,0.994
acreichthys_radiatus,2.2990317351481832e-4,6.436492331729719e-4,0.9549980037069519,0.19047619047619047,0,0.3571870541684231,0.003
pomacentrus_philippinus,2.2816341831181604e-4,8.516737663164157e-4,0.9552390602638083,0.38095238095238093,0,0.2679000191571573,0.017
fowleria,2.2744113109915282e-4,8.616497975210561e-4,0.9554793537181925,0.23809523809523808,0.047619047619047616,0.26396005866129724,0.2
parapercis_tetracantha,2.274271671362986e-4,7.360981598603935e-4,0.9557196324195335,0.047619047619047616,0.23809523809523808,0.3089630969590141,0.997
chaetodon_selene,2.2572995339935494e-4,0.0010270732023058401,0.9559581180003878,0,0.42857142857142855,0.2197798101367827,0.994
dischistodus_perspicillatus,2.2146165517285827e-4,0.0010209141576351304,0.9561920940885208,0.2857142857142857,0,0.21692485456941576,0.024
ostorhinchus,2.2039957743500788e-4,9.143522375908329e-4,0.9564249480826544,0.09523809523809523,0.047619047619047616,0.24104449945430698,0.012
bothus_pantherinus,2.1983898445620555e-4,9.06932020267716e-4,0.9566572098056244,0.047619047619047616,0.23809523809523808,0.24239852551607075,0.993
abudefduf,2.1935253628609395e-4,7.127760844867026e-4,0.9568889575920403,0.19047619047619047,0,0.30774396203831406,0.005
brotula_multibarbata,2.1933962060936542e-4,6.402536163890064e-4,0.9571206917329358,0,0.19047619047619047,0.34258240015328345,0.995
synodus,2.189644473719986e-4,0.0010842184184495548,0.957352029500173,0,0.14285714285714285,0.20195602993455908,0.995
cirrhitichthys_aprinus,2.1356451144807998e-4,9.993161327643875e-4,0.9575776621900111,0.19047619047619047,0,0.2137106611671533,0.012
plectranthias_longimanus,2.1275229420980956e-4,7.762017027300083e-4,0.9578024367655542,0.23809523809523808,0,0.27409408335685226,0.014
enneapterygius_fasciatus,2.1253926812023953e-4,5.871235133987244e-4,0.9580269862772547,0.047619047619047616,0.19047619047619047,0.36200094744953765,0.999
atherinidae,2.1023333275448086e-4,9.8298342234395e-4,0.9582490995489843,0.19047619047619047,0,0.21387271440770986,0.014
saurida_nebulosa,2.0998655585057816e-4,7.481859694940098e-4,0.9584709520988539,0,0.23809523809523808,0.28066091107347263,0.995
priolepis_semidoliata,2.0883020065074194e-4,4.6308679761483445e-4,0.9586915829497982,0.19047619047619047,0,0.4509526113167954,0.003
salarias_segmentatus,2.0386868737726154e-4,6.84711724712733e-4,0.9589069719205351,0.09523809523809523,0.09523809523809523,0.2977438241805973,0.94
amphiprion_biaculeatus,2.020791237791844e-4,7.599013894075234e-4,0.9591204702023857,0,0.14285714285714285,0.26592808829674675,0.996
priolepis_fallacincta,2.016455648540455e-4,4.7979666932002047e-4,0.9593335104256114,0.09523809523809523,0.09523809523809523,0.42027295675024695,0.995
parapercis_hexophtalma,2.0143920578904242e-4,5.994894093838168e-4,0.9595463326287614,0.09523809523809523,0.14285714285714285,0.33601795567346393,0.873
istiblennius_colei,2.0064884746609328e-4,9.129539576051913e-4,0.959758319811743,0,0.38095238095238093,0.21977981013678266,0.994
stethojulis_albovittata,2.0064884746609328e-4,9.129539576051913e-4,0.9599703069947247,0,0.38095238095238093,0.21977981013678266,0.994
enchelycore_schismatorhynchus,2.0015039366882599e-4,8.401556018851089e-4,0.9601817675571068,0,0.19047619047619047,0.23823014834363565,0.996
istiblennius_bellus,1.9886785495950692e-4,9.081775188830149e-4,0.960391873106632,0,0.3333333333333333,0.21897465068734398,0.988
macropharyngodon_meleagris,1.971544837351327e-4,4.673316660145898e-4,0.9606001684651502,0.09523809523809523,0.09523809523809523,0.42187272567354267,0.899
eviota_latifasciata,1.9595105132544125e-4,9.212676933115921e-4,0.9608071923872774,0,0.19047619047619047,0.2126971918673007,0.996
pseudochromis_flavopunctatus,1.9550952512789225e-4,9.19018600896589e-4,0.9610137498332899,0,0.19047619047619047,0.21273728838257935,0.996
mirolabrichthys_tuka,1.9480289941676892e-4,7.071610063839129e-4,0.9612195607233374,0,0.14285714285714285,0.27547177751343904,0.996
gobiodon_prolixus,1.9394977039303684e-4,5.68064787947817e-4,0.9614244702754468,0,0.19047619047619047,0.3414219196611307,0.998
cosmocampus_banneri,1.9309520100709853e-4,5.252689148382596e-4,0.9616284769678634,0.14285714285714285,0.047619047619047616,0.367612085071808,0.61
pleurosicya_fringilla,1.9248431294104066e-4,0.00063334949244881855,0.9618318382519365,0.14285714285714285,0,0.3039148451778312,0.001
scarus_rubroviolaceus,1.9210838932072724e-4,4.347040219517814e-4,0.9620348023695655,0,0.19047619047619047,0.4419291739197123,0.994
cercamia_eremia,1.9210728872958235e-4,5.083896270876802e-4,0.9622377653244109,0.09523809523809523,0.09523809523809523,0.37787413136273584,0.194
cephalopholis_argus,1.9195690318005458e-4,5.812105925484468e-4,0.9624405693956671,0.09523809523809523,0.14285714285714285,0.3302708272028852,1
enchelyurus_kraussi,1.8933379303632766e-4,6.911000284202881e-4,0.9626406021291508,0.19047619047619047,0,0.2739600423242719,0.009
fibramia_lateralis,1.875288773310754e-4,9.110535796239194e-4,0.962838727954119,0.09523809523809523,0,0.20583737501858765,0.004
istigobius_ornatus,1.875288773310754e-4,9.110535796239194e-4,0.9630368537790869,0.09523809523809523,0,0.20583737501858765,0.004
scorpaenopsis_vittapinna,1.867768679142596e-4,4.2873141011766906e-4,0.9632341850998261,0,0.2857142857142857,0.43565006786649263,0.998
trimma_anaima,1.8646283889793477e-4,7.534587009113405e-4,0.963431184646287,0.19047619047619047,0,0.24747585856052892,0.013
eviota_prasites,1.8641081102297369e-4,6.278644227445915e-4,0.9636281292248635,0.09523809523809523,0.09523809523809523,0.29689659784848743,0.982
halichoeres_podostigma,1.8552259007144126e-4,4.5492095927357056e-4,0.9638241353905871,0.09523809523809523,0.09523809523809523,0.40781279976127827,0.961
nectamia_similis,1.851271369736165e-4,8.664626792822207e-4,0.9640197237568104,0,0.19047619047619047,0.21365852378890243,0.993
paraplotosus_albilabris,1.8455137931071522e-4,8.507617980292753e-4,0.9642147038302546,0.23809523809523808,0,0.2169248545694158,0.024
diancistrus,1.8074351001014214e-4,8.394614531065515e-4,0.964405660857983,0.19047619047619047,0,0.21530888564480716,0.016
heniochus_varius,1.8056900657445924e-4,5.144653430533248e-4,0.9645964335213744,0.09523809523809523,0.047619047619047616,0.35098381069323675,0.126
eviota_winterbottomi,1.7983789757966372e-4,8.632929674226516e-4,0.9647864337620071,0,0.14285714285714285,0.20831618507975003,0.995
ophichthus,1.7983789757966372e-4,8.632929674226516e-4,0.9649764340026399,0,0.14285714285714285,0.20831618507975003,0.995
synchiropus_splendidus,1.7865690647297014e-4,5.344826388059512e-4,0.9651651865163058,0.047619047619047616,0.14285714285714285,0.3342613838161227,0.997
myripristis_botche,1.7506928773556433e-4,8.376395733544743e-4,0.9653501486808153,0,0.14285714285714285,0.2090031241414117,0.995
scorpaenidae,1.738950055726673e-4,5.959014545759761e-4,0.9655338702064132,0,0.19047619047619047,0.29181839419473354,0.998
pseudanthias,1.7259995700058455e-4,5.978696008221199e-4,0.9657162235023796,0,0.14285714285714285,0.28869164239701334,0.998
cheilinus_trilobatus,1.721516169222586e-4,5.957865966170052e-4,0.965898103123309,0,0.14285714285714285,0.2889484555372171,0.996
chaetodon_rafflesii,1.6891925385708137e-4,5.876369073171194e-4,0.9660765677256664,0.19047619047619047,0,0.28745514747923034,0.004
trimma_preclarum,1.6876931300174888e-4,6.101424233381352e-4,0.9662548739142581,0,0.14285714285714285,0.2766064226093299,0.997
trimma_trioculatum,1.6722588583003897e-4,4.465624603628218e-4,0.9664315494591534,0.09523809523809523,0.09523809523809523,0.37447367540516446,0.997
naso,1.6646567099715435e-4,7.648939363111532e-4,0.9666074218307293,0.23809523809523808,0,0.21763235802334477,0.028
neoniphon_sammara,1.6646567099715435e-4,7.648939363111532e-4,0.9667832942023051,0.23809523809523808,0,0.21763235802334477,0.028
choeroichthys_cinctus,1.626773990518028e-4,4.4518820320559423e-4,0.9669551642329347,0.047619047619047616,0.09523809523809523,0.3654126454394751,0.996
labropsis_manabei,1.615386598192877e-4,5.615397213399675e-4,0.9671258311760552,0.047619047619047616,0.09523809523809523,0.28767094059493775,0.983
halicampus_nitidus,1.5951430726539957e-4,3.636455886023923e-4,0.9672943593737973,0.047619047619047616,0.14285714285714285,0.43865321693703113,1
cheiloprion_labiatus,1.5926117068981442e-4,4.981698981773495e-4,0.967462620130633,0.23809523809523808,0.047619047619047616,0.31969248096382796,0.133
foa,1.574332220174293e-4,5.451871285085219e-4,0.9676289496444311,0.09523809523809523,0.047619047619047616,0.2887691469314805,0.791
diademichthys_lineatus,1.5692615225667528e-4,4.245102234950483e-4,0.9677947434347925,0.09523809523809523,0.047619047619047616,0.3696640117749856,0.401
priolepis_nuchifasciata,1.5449323287739438e-4,5.430889761572044e-4,0.967957966825512,0.047619047619047616,0.19047619047619047,0.2844713107059537,0.966
arcygobius_baliurus,1.5365956028022984e-4,7.10695265679312e-4,0.9681203094341707,0,0.19047619047619047,0.21621019261097182,0.989
muraenichthys,1.5365956028022984e-4,7.10695265679312e-4,0.9682826520428293,0,0.19047619047619047,0.21621019261097182,0.989
pristiapogon_urostigma,1.5365956028022984e-4,7.10695265679312e-4,0.9684449946514879,0,0.19047619047619047,0.21621019261097182,0.989
pomacentrus_grammorhynchus,1.5221485040381715e-4,5.174929524594278e-4,0.9686058109120973,0,0.14285714285714285,0.29413898233860686,0.998
ostorhinchus_melanoproctus,1.5168396410294283e-4,7.079386739206336e-4,0.9687660662868963,0.14285714285714285,0,0.2142614462110146,0.012
apterichtus,1.5091999773199637e-4,5.047984627389076e-4,0.9689255145248444,0,0.14285714285714285,0.29897079502410323,0.996
blenniella_bilitonensis,1.5048663559956996e-4,6.847154682038934e-4,0.9690845049120805,0,0.2857142857142857,0.2197798101367827,0.994
chaetodon_adiergastos,1.496821512817342e-4,6.913459730835522e-4,0.9692426453549167,0,0.19047619047619047,0.21650831437423365,0.992
valenciennea,1.496623069356719e-4,5.713372494886454e-4,0.9694007648320354,0.047619047619047616,0.09523809523809523,0.26195090040010816,0.994
ecsenius_lineatus,1.4911939204825914e-4,4.6318638627302396e-4,0.9695583107150416,0.09523809523809523,0.14285714285714285,0.32194251918354333,0.362
zebrasoma_scopas,1.4850918229923258e-4,5.513841151789419e-4,0.9697152119063522,0.09523809523809523,0.047619047619047616,0.269338884111735,0.148
nectamia,1.480944061795091e-4,4.981302777036088e-4,0.9698716748832285,0.14285714285714285,0,0.29730055129800076,0.012
upeneus_tragula,1.4764110344857217e-4,6.806094384234202e-4,0.9700276589419838,0.19047619047619047,0,0.2169248545694158,0.024
paragobiodon_lacunicola,1.471696252853872e-4,4.123748163071525e-4,0.9701831448801225,0.047619047619047616,0.09523809523809523,0.35688315451293134,0.999
amblygobius_decussatus,1.4696328849408093e-4,6.909507699836941e-4,0.970338412821718,0,0.14285714285714285,0.2126971918673007,0.996
ctenochaetus_tominiensis,1.4525227554927528e-4,5.042665098994589e-4,0.9704918730638485,0.09523809523809523,0.09523809523809523,0.2880466433875131,0.996
trimmatom,1.4365436377581622e-4,5.42569099148429e-4,0.9706436450988462,0,0.19047619047619047,0.26476694673781476,0.995
oxymonacanthus_longirostris,1.4307605256122716e-4,4.928109055971607e-4,0.9707948061432159,0.14285714285714285,0.047619047619047616,0.2903264739806348,0.746
uropterygius,1.4241014400792263e-4,4.667156478172339e-4,0.9709452636496382,0,0.14285714285714285,0.3051325677078873,0.999
hyporhamphus_dussumieri,1.4227661016603753e-4,5.347286190272447e-4,0.9710955800764413,0.3333333333333333,0,0.26607255550462405,0.036
epinephelus_bontoides,1.4156575654088323e-4,4.845273286748995e-4,0.971245145480453,0.14285714285714285,0,0.29217290369986293,0.009
wetmorella_albofasciata,1.40928417481692e-4,5.460632865688978e-4,0.9713940375304262,0.14285714285714285,0,0.25808074072731274,0.011
chaetodontidae,1.3979427553822616e-4,3.628387812020678e-4,0.9715417313499649,0.19047619047619047,0,0.3852793107591595,0.006
amphiprion_sandaracinos,1.384098005766713e-4,5.078891388699165e-4,0.9716879624601448,0.14285714285714285,0,0.2725197094874707,0.014
aporops_bilinearis,1.3808905064998308e-4,6.418437146971016e-4,0.9718338546953487,0.14285714285714285,0,0.21514435288214975,0.012
gobiopsis_bravoi,1.3808905064998308e-4,6.418437146971016e-4,0.9719797469305524,0.14285714285714285,0,0.21514435288214975,0.012
rudarius_minutus,1.3792896793144783e-4,4.741394718281422e-4,0.9721254700370272,0.09523809523809523,0,0.2909037870220641,0.002
canthigaster_bennetti,1.368136112535146e-4,5.17828725887707e-4,0.9722700147598574,0.14285714285714285,0.047619047619047616,0.2642062991367983,0.162
bathygobius_laddi,1.366051844924773e-4,4.6880081928214805e-4,0.9724143392780739,0.09523809523809523,0.047619047619047616,0.29139280238813187,0.542
gymnothorax_margaritophorus,1.361696526340036e-4,4.849631285556807e-4,0.9725582036532446,0,0.14285714285714285,0.2807835165521648,0.999
scarus_niger,1.355894239208305e-4,4.4409640720628806e-4,0.9727014550119346,0.14285714285714285,0.047619047619047616,0.3053152912760395,0.98
brosmophyciops_pautzkei,1.34856933556881e-4,6.583869591450955e-4,0.9728439324884378,0,0.09523809523809523,0.20482929025810365,0.995
fusigobius_melacron,1.34856933556881e-4,6.583869591450955e-4,0.972986409964941,0,0.09523809523809523,0.20482929025810365,0.995
pomacentrus_nigromanus,1.34856933556881e-4,6.583869591450955e-4,0.9731288874414443,0,0.09523809523809523,0.20482929025810365,0.995
eviota_nigriventris,1.344541758576845e-4,3.8949819035342004e-4,0.973270939401075,0.09523809523809523,0.047619047619047616,0.34519846096251294,0.974
plectroglyphidodon_fasciolatus,1.3424839348388803e-4,4.703812604785596e-4,0.9734127739499092,0.19047619047619047,0,0.2854033626835081,0.013
coris_gaimard,1.3360999234157545e-4,3.6332512498582774e-4,0.9735539340226051,0.047619047619047616,0.09523809523809523,0.36774223182827553,0.988
samariscus_triocellatus_2,1.3307171103591479e-4,5.083708413162218e-4,0.9736945253966065,0.14285714285714285,0,0.26176110079677095,0.014
scarus_hypselopterus,1.3293687005822154e-4,3.510732426389799e-4,0.9738349743099889,0,0.14285714285714285,0.37865850743551216,0.998
pleurosicya_labiata,1.3225949379764437e-4,4.2855981908757014e-4,0.9739747075696951,0.19047619047619047,0,0.30861384550523857,0.016
gymnothorax_javanicus,1.3134457836918765e-4,4.4725427627873265e-4,0.9741134742136105,0,0.09523809523809523,0.293668692140872,0.996
belonepterygion_fasciolatum,1.3069824343520036e-4,5.967079400631191e-4,0.9742515579992708,0.23809523809523808,0,0.21903218418942985,0.032
halophryne_hutchinsi,1.302631167481756e-4,6.040399412362586e-4,0.9743891820699523,0.14285714285714285,0,0.21565315115019135,0.011
lubbockichthys,1.302631167481756e-4,6.040399412362586e-4,0.9745268061406339,0.14285714285714285,0,0.21565315115019135,0.011
chromileptes_altivelis,1.2908040038196364e-4,4.2145050279047416e-4,0.9746631806615976,0,0.14285714285714285,0.306276536692463,0.994
chrysiptera_springeri,1.2806294134608658e-4,6.202643016462676e-4,0.974798480228593,0,0.09523809523809523,0.20646511657399877,0.995
sueviota_atrinasa,1.2806294134608658e-4,6.202643016462676e-4,0.9749337797955885,0,0.09523809523809523,0.20646511657399877,0.995
coris_batuensis,1.2533009178792198e-4,5.190558548060274e-4,0.9750661920842033,0,0.23809523809523808,0.24145781350401715,0.988
gymnothorax_microstictus,1.2432453216191787e-4,4.1513354467650066e-4,0.975197541990676,0,0.09523809523809523,0.2994808146828985,0.997
chaetodon,1.2427792242594325e-4,4.477325686857766e-4,0.9753288426535733,0.09523809523809523,0,0.2775717718966359,0.002
samariscus_triocellatus,1.237304869404241e-4,4.1276936179535437e-4,0.9754595649463086,0,0.09523809523809523,0.2997569548336973,0.997
amblyeleotris_wheeleri,1.226420380001298e-4,3.267695068521108e-4,0.9755891372836485,0.09523809523809523,0.047619047619047616,0.37531665418106186,0.209
chaetodon_auriga,1.2152162274879373e-4,3.201958471360011e-4,0.9757175258929188,0.14285714285714285,0.047619047619047616,0.37952279467627886,0.401
amblyglyphidodon_batunaorum,1.2135816071341384e-4,4.675981276002526e-4,0.9758457418031837,0,0.19047619047619047,0.2595351725128428,0.994
scorpaenodes_kelloggi,1.2112285988427123e-4,3.993355237867173e-4,0.9759737091161576,0,0.14285714285714285,0.3033110070842639,0.996
bryaninops_loki,1.2027181559558093e-4,3.1825030679429766e-4,0.9761007772937333,0.14285714285714285,0,0.37791578838388706,0.006
cabillus,1.2013521203154793e-4,4.2399146994520496e-4,0.9762277011485029,0.14285714285714285,0,0.2833434645444017,0.012
sebastapistes,1.1937947818468905e-4,3.918511224103224e-4,0.976353826564152,0.09523809523809523,0,0.3046551900894703,0.004
parapercis_pacifica,1.1822989355079872e-4,5.561206004470158e-4,0.9764787374340351,0.09523809523809523,0,0.212597579474244,0.006
scorpaenopsis_brevifrons,1.1822989355079872e-4,5.561206004470158e-4,0.9766036483039183,0.09523809523809523,0,0.212597579474244,0.006
eviota_jewettae,1.181752491310045e-4,3.6515360904045013e-4,0.9767285014415158,0.047619047619047616,0.09523809523809523,0.3236316065492141,0.98
apogonichthys_perdix,1.1781537582520526e-4,4.3841273313013305e-4,0.9768529743699602,0.09523809523809523,0.047619047619047616,0.26873164696663676,0.14
diodon_holocanthus,1.1724159064034461e-4,3.871982363958204e-4,0.9769768410895651,0.14285714285714285,0,0.30279474341534,0.011
cheilodipterus_heptozona,1.1671285849037623e-4,5.584263822363162e-4,0.9771001491992379,0,0.09523809523809523,0.20900312414141173,0.995
pteragogus_flagellifer,1.1671285849037623e-4,5.584263822363162e-4,0.9772234573089109,0,0.09523809523809523,0.20900312414141173,0.995
plectorhinchus_chaetodonoides,1.1645314678638203e-4,3.1417884802322843e-4,0.9773464910309998,0.09523809523809523,0.047619047619047616,0.37065877451359236,0.29
liopropoma_collettei,1.1643442786030796e-4,3.7812611307273743e-4,0.977469504976387,0.09523809523809523,0,0.30792485320343455,0.003
ostracion_cubicum,1.1643442786030796e-4,3.7812611307273743e-4,0.977592518921774,0.09523809523809523,0,0.30792485320343455,0.005
amblygobius_semicinctus,1.1524467021017239e-4,5.330214492594841e-4,0.977714275878268,0,0.14285714285714285,0.21621019261097182,0.989
paracirrhites_forsteri,1.146389621698172e-4,5.383460038503428e-4,0.977835392899159,0.09523809523809523,0,0.2129466204818086,0.007
pervagor_melanocephalus,1.146389621698172e-4,5.383460038503428e-4,0.9779565099200501,0.09523809523809523,0,0.2129466204818086,0.007
scorpaenodes_minor,1.146389621698172e-4,5.383460038503428e-4,0.978077626940941,0.09523809523809523,0,0.2129466204818086,0.007
pleurosicya_plicata,1.141873855435165e-4,5.361148719845036e-4,0.9781982668673552,0.09523809523809523,0,0.2129905203353827,0.009
cheilodipterus_singapurensis,1.1408951122827411e-4,3.885189566229174e-4,0.978318803388738,0.14285714285714285,0.047619047619047616,0.29365236697833846,0.678
eviota_fasciola,1.1363877426257538e-4,5.189585822188656e-4,0.9784388637027525,0,0.19047619047619047,0.218974650687344,0.988
cheilodipterus_intermedius,1.1242518828290985e-4,3.7545876608681465e-4,0.9785576418530446,0,0.09523809523809523,0.29943418142730105,0.998
chaetodon_octofasciatus,1.1200702249860438e-4,3.717354683303149e-4,0.9786759782076934,0.09523809523809523,0,0.3013084089115697,0.005
doryrhamphus_excisus,1.1088667070226241e-4,3.0105188921064445e-4,0.9787931309013133,0.14285714285714285,0,0.36833075850480906,0.006
congrogadus_hierichthys,1.1073082758642913e-4,5.104570788175652e-4,0.9789101189453798,0.14285714285714285,0,0.21692485456941576,0.024
pomacentrus_simsiang,1.1073082758642913e-4,5.104570788175652e-4,0.9790271069894464,0.14285714285714285,0,0.21692485456941576,0.024
ctenochaetus,1.1023443675900371e-4,3.7225572238679046e-4,0.9791435705924584,0.047619047619047616,0.047619047619047616,0.2961255667265879,0.97
amblygobius_nocturnus,1.0927709385416727e-4,3.721280091690363e-4,0.9792590227546966,0.09523809523809523,0.047619047619047616,0.2936545789664787,0.38
acanthurus_nigricauda,1.0847864948219306e-4,5.148507472510723e-4,0.9793736313537879,0,0.09523809523809523,0.21069921731956295,0.995
scarus,1.0843444313747872e-4,3.6532368788483956e-4,0.9794881932485068,0.047619047619047616,0.047619047619047616,0.29681744363552015,0.967
hemigymnus_melapterus,1.078921407800122e-4,3.550886875994232e-4,0.9796021821962563,0.09523809523809523,0.047619047619047616,0.3038456153289955,0.993
valenciennea_puellaris,1.0765501413940586e-4,3.4893345234292055e-4,0.9797159206177297,0.09523809523809523,0,0.30852591924492806,0.007
halichoeres_marginatus,1.0683186959923418e-4,2.815389662277573e-4,0.9798287893801224,0.14285714285714285,0.047619047619047616,0.3794567801062753,0.221
canthigaster_axiologus,1.0678225572403999e-4,4.996580663821937e-4,0.9799416057250415,0.09523809523809523,0,0.2137106611671533,0.012
gymnapogon_vanderbilti,1.0584335684849797e-4,3.6707498397522227e-4,0.9800534301154578,0,0.09523809523809523,0.28834260428829017,0.999
parupeneus_barberinus,1.0538584051620203e-4,3.8812280259790873e-4,0.9801647711360483,0.047619047619047616,0.047619047619047616,0.27152705229066554,0.995
trimma_yanoi,1.0515782124749917e-4,4.801663694157499e-4,0.980275871252377,0.19047619047619047,0,0.21900288721896877,0.035
aseraggodes_matsuurai,1.0511666637724043e-4,4.91491711171975e-4,0.9803869278882418,0.09523809523809523,0,0.21387271440770986,0.014
paragobiodon_modestus,1.0511666637724043e-4,4.91491711171975e-4,0.9804979845241066,0.09523809523809523,0,0.21387271440770986,0.014
fusigobius_gracilis,1.0509058836254567e-4,3.448852146067618e-4,0.9806090136083311,0,0.09523809523809523,0.3047117820993573,0.997
sargocentron_spiniferum,1.0483763056270036e-4,3.344439698833891e-4,0.9807197754405276,0.14285714285714285,0,0.31346844315732225,0.012
eviota_punctulata,1.0455859474816029e-4,4.7736635205049527e-4,0.9808302424690556,0.19047619047619047,0,0.21903218418942985,0.032
scarus_schlegeli,1.032063949530254e-4,3.5677351628388875e-4,0.9809392808872079,0,0.09523809523809523,0.2892770630174884,0.997
enchelycore_bayeri,1.0311670602306959e-4,3.3725482891725883e-4,0.9810482245482567,0,0.09523809523809523,0.305753089893838,0.997
ecsenius_bimaculatus,1.0227957027429379e-4,3.3275648150682147e-4,0.9811562837683959,0.09523809523809523,0,0.30737063275564497,0.008
bryaninops_isis,1.0112264273529522e-4,4.7195911594708905e-4,0.9812631206849286,0.09523809523809523,0,0.2142614462110146,0.012
synchiropus_moyeri,1.0100459484248297e-4,3.246693608984094e-4,0.9813698328828766,0,0.23809523809523808,0.31109986653187083,0.998
liopropoma_susumi,1.0091729613604319e-4,3.3846880154110413e-4,0.9814764528490123,0.047619047619047616,0.047619047619047616,0.2981583403745046,0.946
amblyeleotris_guttata,1.0051473168781677e-4,3.2775884104132566e-4,0.9815826475024465,0.09523809523809523,0,0.3066728310622239,0.006
plesiops_cephalotaenia,1.0032442373304664e-4,4.5647697880259565e-4,0.9816886410939374,0,0.19047619047619047,0.21977981013678266,0.993
ungusurculus,1.0032442373304664e-4,4.5647697880259565e-4,0.9817946346854282,0,0.19047619047619047,0.21977981013678266,0.993
eviota_sebreei,9.996020041132616e-5,3.55220577761718e-4,0.9819002434719378,0.14285714285714285,0,0.28140318064112685,0.022
belonepterygion,9.98794025982926e-5,4.5893636178669187e-4,0.9820057668948835,0.14285714285714285,0,0.21763235802334477,0.028
fusigobius_neophytus,9.98794025982926e-5,4.5893636178669187e-4,0.982111290317829,0.14285714285714285,0,0.21763235802334477,0.028
helcogramma_inclinata,9.98794025982926e-5,4.5893636178669187e-4,0.9822168137407744,0.14285714285714285,0,0.21763235802334477,0.028
dinemitichthys,9.775476256394612e-5,4.595093004482945e-4,0.9823200924637806,0,0.09523809523809523,0.21273728838257935,0.996
pomacentridae,9.74854144669697e-5,3.291689443191876e-4,0.9824230866182732,0.047619047619047616,0.047619047619047616,0.2961561719274475,0.983
callogobius_okinawae,9.678080123249789e-5,4.392051209602033e-4,0.982525336342999,0.23809523809523808,0,0.22035444627993594,0.051
clupeidae,9.678080123249789e-5,4.392051209602033e-4,0.9826275860677249,0.23809523809523808,0,0.22035444627993594,0.051
epinephelus_fasciatus,9.636737630801667e-5,2.8533825747301854e-4,0.9827293990055656,0.047619047619047616,0.09523809523809523,0.33773030354027844,0.98
uroconger_lepturus,9.600872379872735e-5,3.0950184663647827e-4,0.982830833024035,0,0.14285714285714285,0.3102040418889431,0.997
siganus_vulpinus,9.574719887018314e-5,3.0846413459209045e-4,0.9829319907392333,0.09523809523809523,0,0.3103997779086965,0.008
trimma_maiandros,9.574719887018314e-5,3.0846413459209045e-4,0.9830331484544318,0.09523809523809523,0,0.3103997779086965,0.008
gymnapogon,9.553607299088886e-5,4.4475611884659504e-4,0.9831340831133757,0.09523809523809523,0,0.2148055281142542,0.016
petroscirtes_variabilis,9.553607299088886e-5,4.4475611884659504e-4,0.9832350177723195,0.09523809523809523,0,0.2148055281142542,0.016
salarias_ceramensis,9.52933925070726e-5,3.4486527211700983e-4,0.9833356960373055,0.047619047619047616,0.047619047619047616,0.276320639425649,0.995
diancistrus_machidai,9.47880372208404e-5,3.186672912791172e-4,0.9834358403902113,0.047619047619047616,0.047619047619047616,0.2974514166181448,0.983
pteragogus,9.398236028370614e-5,3.030280426969242e-4,0.9835351335387049,0.09523809523809523,0,0.31014410233215056,0.006
arothron_reticularis,9.37644386655377e-5,4.555267898119597e-4,0.9836341964511889,0.047619047619047616,0,0.20583737501858765,0.004
foa_fo,9.37644386655377e-5,4.555267898119597e-4,0.9837332593636728,0.047619047619047616,0,0.20583737501858765,0.004
lethrinus_harak,9.37644386655377e-5,4.555267898119597e-4,0.983832322276157,0.047619047619047616,0,0.20583737501858765,0.004
lutjanus_johnii,9.37644386655377e-5,4.555267898119597e-4,0.983931385188641,0.047619047619047616,0,0.20583737501858765,0.004
parioglossus_raoi,9.37644386655377e-5,4.555267898119597e-4,0.984030448101125,0.047619047619047616,0,0.20583737501858765,0.004
plectorhinchus_lineatus,9.37644386655377e-5,4.555267898119597e-4,0.984129511013609,0.047619047619047616,0,0.20583737501858765,0.004
yongeichthys_nebulosus,9.37644386655377e-5,4.555267898119597e-4,0.9842285739260932,0.047619047619047616,0,0.20583737501858765,0.004
paraluteres_prionurus,9.301185616631324e-5,3.119956178737658e-4,0.9843268417288819,0.047619047619047616,0.14285714285714285,0.2981191107752868,0.07
sargocentron_violaceum,9.272591708590181e-5,3.2305333485137803e-4,0.9844248074346442,0.14285714285714285,0,0.28702974735908776,0.022
cirrhitichthys_oxycephalus,9.256356848680825e-5,4.3323133964111033e-4,0.984522601617756,0,0.09523809523809523,0.21365852378890243,0.993
acanthurus_pyroferus,9.231736914579536e-5,3.1270970953901786e-4,0.9846201356892077,0.047619047619047616,0.047619047619047616,0.2952174695243244,0.351
choeroichthys_brachysoma,9.205936709998872e-5,4.278958097980677e-4,0.9847173971793436,0.09523809523809523,0,0.21514435288214978,0.012
priolepis,9.184711901719339e-5,3.2767750713910395e-4,0.9848144344276074,0,0.09523809523809523,0.2802972954082043,0.998
stegastes,9.161311244093148e-5,3.0765743916085956e-4,0.9849112244459693,0.09523809523809523,0,0.29777636026226983,0.006
halichoeres_margaritaceus,9.118907541150297e-5,2.9297571599117364e-4,0.9850075664656684,0.09523809523809523,0,0.31125131003775813,0.008
diancistrus_erythraeus,9.037175500507107e-5,4.1973072655327576e-4,0.9851030449795326,0.09523809523809523,0,0.21530888564480716,0.016
centriscidae,8.91895732362232e-5,2.864496924682807e-4,0.9851972745084856,0.14285714285714285,0,0.31136208409823785,0.023
macropharyngodon_negrosensis,8.900050400741734e-5,3.2817242087579434e-4,0.9852913042842193,0.047619047619047616,0.09523809523809523,0.27120043716623576,0.033
amblyglyphidodon_aureus,8.860691641859406e-5,2.8399117810175696e-4,0.9853849182313786,0.09523809523809523,0,0.3120058764179121,0.007
eviota_spilota,8.860691641859406e-5,2.8399117810175696e-4,0.9854785321785379,0.09523809523809523,0,0.3120058764179121,0.007
trimma_striatum,8.817709949879997e-5,2.8657111355492784e-4,0.985571692020532,0,0.09523809523809523,0.3076970962109858,0.999
enneapterygius_hemimelas_2,8.75249479206368e-5,4.059852294691701e-4,0.9856641628589375,0.09523809523809523,0,0.21558653263094466,0.015
ostracion_meleagris,8.75249479206368e-5,4.059852294691701e-4,0.9857566336973431,0.09523809523809523,0,0.21558653263094466,0.015
ptereleotris_evides,8.751105749553192e-5,2.849417766412746e-4,0.9858490898603987,0.09523809523809523,0.047619047619047616,0.3071190842110293,0.976
canthigaster_janthinoptera,8.747895564452493e-5,2.4966791935980386e-4,0.9859415121075804,0.09523809523809523,0.047619047619047616,0.3503812418865734,0.986
chaetodon_ornatissimus,8.736764656380021e-5,4.218729826293774e-4,0.9860338167557888,0.047619047619047616,0,0.20709467105305054,0.002
platax_pinnatus,8.736764656380021e-5,4.218729826293774e-4,0.9861261214039974,0.047619047619047616,0,0.20709467105305054,0.002
uropterygius_xanthopterus,8.522908069693154e-5,3.892189366641493e-4,0.9862161666395082,0,0.14285714285714285,0.21897465068734395,0.988
gymnothorax_robinsi,8.518016017144389e-5,2.6868901666246374e-4,0.9863061601900752,0,0.23809523809523808,0.3170213700191925,1
moringua,8.469667431346159e-5,2.7372693096873674e-4,0.9863956429337957,0,0.09523809523809523,0.3094203190519645,0.997
scorpaenopsis_venosa,8.449717212189084e-5,2.9879720798901285e-4,0.9864849149017847,0.047619047619047616,0.047619047619047616,0.28279103640418857,0.209
atrosalarias_hosokawai,8.338314808363304e-5,2.8854120357628724e-4,0.986573009894074,0.09523809523809523,0,0.2889817712345801,0.011
helcogramma_striata,8.190049306454935e-5,2.7838110692813265e-4,0.9866595384489539,0,0.14285714285714285,0.294202771043988,0.999
caesio_caerulaurea,8.173906429588133e-5,2.937370984295936e-4,0.9867458964529916,0,0.14285714285714285,0.27827286622249225,0.996
chromis_scotochiloptera,7.837867333487932e-5,3.629073720247431e-4,0.9868287041759161,0,0.09523809523809523,0.21597432120925736,0.991
ablabys_taenianotus,7.705560815974927e-5,2.4837050644277187e-4,0.9869101140694341,0.09523809523809523,0,0.3102445989395443,0.014
scorpaenopsis_diabolus,7.705560815974927e-5,2.4837050644277187e-4,0.986991523962952,0.09523809523809523,0,0.3102445989395443,0.014
micrognathus_andersonii,7.682978014011492e-5,3.55347632839656e-4,0.9870726952672814,0,0.09523809523809523,0.21621019261097182,0.989
xenisthmus_eirospilus,7.682978014011492e-5,3.55347632839656e-4,0.9871538665716106,0,0.09523809523809523,0.21621019261097182,0.989
selar_crumenophthalmus,7.524331779978498e-5,3.423577341019467e-4,0.9872333617652288,0,0.14285714285714285,0.2197798101367827,0.993
gobiodon_okinawae,7.512874297689614e-5,3.0891798048596734e-4,0.9873127359095897,0,0.09523809523809523,0.24319964431564992,0.994
diplogrammus_goramensis,7.48410756408671e-5,3.456729865417761e-4,0.9873918061310076,0,0.09523809523809523,0.21650831437423365,0.992
hyporhamphus_affinis,7.48410756408671e-5,3.456729865417761e-4,0.9874708763524258,0,0.09523809523809523,0.21650831437423365,0.992
istigobius_nigroocellatus,7.48410756408671e-5,3.456729865417761e-4,0.9875499465738438,0,0.09523809523809523,0.21650831437423365,0.992
chelmon_rostratus,7.382055172428608e-5,3.403047192117101e-4,0.9876279386032215,0.09523809523809523,0,0.2169248545694158,0.024
favonigobius,7.382055172428608e-5,3.403047192117101e-4,0.9877059306325991,0.09523809523809523,0,0.2169248545694158,0.024
gobiopsis_liolepis,7.382055172428608e-5,3.403047192117101e-4,0.9877839226619769,0.09523809523809523,0,0.2169248545694158,0.024
sphaeramia_nematoptera,7.382055172428608e-5,3.403047192117101e-4,0.9878619146913546,0.09523809523809523,0,0.2169248545694158,0.024
platax_boersii,7.298814912399953e-5,3.61406139483185e-4,0.9879390272804337,0,0.047619047619047616,0.20195602993455905,0.995
pristiapogon_taeniopterus,7.298814912399953e-5,3.61406139483185e-4,0.9880161398695128,0,0.047619047619047616,0.20195602993455905,0.995
salarias_alboguttatus,7.298814912399953e-5,3.61406139483185e-4,0.9880932524585917,0,0.047619047619047616,0.20195602993455905,0.995
plagiotremus_laudandus,6.962922111562003e-5,2.8027807933188716e-4,0.9881668163121793,0.047619047619047616,0.047619047619047616,0.24842906474027038,0.032
halichoeres_argus,6.875364426896795e-5,2.3576519652480842e-4,0.9882394551115162,0.047619047619047616,0.047619047619047616,0.2916191417664708,0.29
phoxocampus_kampeni,6.85107046566343e-5,2.6222524549219666e-4,0.9883118372431241,0,0.14285714285714285,0.26126662414993546,0.988
scorpaenopsis_papuensis,6.745750143311844e-5,2.29321080834478e-4,0.9883831066567308,0.047619047619047616,0.09523809523809523,0.2941617978933594,0.138
callogobius_flavobrunneus,6.74284667784405e-5,3.291934795725478e-4,0.9884543453949826,0,0.047619047619047616,0.20482929025810365,0.995
hologymnosus_doliatus,6.74284667784405e-5,3.291934795725478e-4,0.9885255841332342,0,0.047619047619047616,0.20482929025810365,0.995
muraenichthys_schultzei,6.74284667784405e-5,3.291934795725478e-4,0.9885968228714859,0,0.047619047619047616,0.20482929025810365,0.995
trimma_caudomaculatum,6.74284667784405e-5,3.291934795725478e-4,0.9886680616097374,0,0.047619047619047616,0.20482929025810365,0.995
uropterygius_kamar,6.74284667784405e-5,3.291934795725478e-4,0.9887393003479891,0,0.047619047619047616,0.20482929025810365,0.995
dascyllus_melanurus,6.658626839886173e-5,3.0595757452446125e-4,0.9888096492966194,0.09523809523809523,0,0.21763235802334474,0.028
paragobiodon_echinocephalus,6.658626839886173e-5,3.0595757452446125e-4,0.9888799982452497,0.09523809523809523,0,0.21763235802334474,0.028
ostorhinchus_hartzfeldii,6.578585713259185e-5,3.1992118179673525e-4,0.988949501552693,0,0.047619047619047616,0.2056314519817868,0.995
pleurosicya_coerulea,6.485196918003924e-5,2.075527503382964e-4,0.9890180181997154,0.14285714285714285,0,0.31246017734930076,0.031
soleichthys,6.427044260070132e-5,2.0971015852437526e-4,0.9890859204590503,0,0.09523809523809523,0.30647271955226224,0.997
calloplesiops_altivelis,6.403147067304329e-5,3.101321508231338e-4,0.9891535702425481,0,0.047619047619047616,0.20646511657399877,0.995
dendrochirus_zebra,6.403147067304329e-5,3.101321508231338e-4,0.9892212200260457,0,0.047619047619047616,0.20646511657399877,0.995
exyrias_akihito,6.403147067304329e-5,3.101321508231338e-4,0.9892888698095434,0,0.047619047619047616,0.20646511657399877,0.995
opistognathus,6.403147067304329e-5,3.101321508231338e-4,0.9893565195930412,0,0.047619047619047616,0.20646511657399877,0.995
priolepis_aithiops,6.403147067304329e-5,3.101321508231338e-4,0.9894241693765389,0,0.047619047619047616,0.20646511657399877,0.995
diancistrus_springeri,6.343742545154954e-5,3.0684334876555203e-4,0.9894911915462992,0,0.047619047619047616,0.20674205814387653,0.995
scarus_forsteni,6.343742545154954e-5,3.0684334876555203e-4,0.9895582137160595,0,0.047619047619047616,0.20674205814387653,0.995
variola_louti,6.343742545154954e-5,3.0684334876555203e-4,0.9896252358858197,0,0.047619047619047616,0.20674205814387653,0.995
plectorhinchus_polytaenia,6.250164375369521e-5,2.025198566597682e-4,0.9896912693944014,0,0.09523809523809523,0.30861983009743826,0.999
apogon_semiornatus,6.0293061488874566e-5,2.896424764482199e-4,0.9897549695173764,0,0.047619047619047616,0.2081637411343336,0.996
callogobius_clitellus,6.0293061488874566e-5,2.896424764482199e-4,0.9898186696403513,0,0.047619047619047616,0.2081637411343336,0.996
cirrhilabrus_rubrimarginatus,6.0293061488874566e-5,2.896424764482199e-4,0.9898823697633261,0,0.047619047619047616,0.2081637411343336,0.996
muraenichthys_thompsoni,6.0293061488874566e-5,2.896424764482199e-4,0.9899460698863011,0,0.047619047619047616,0.2081637411343336,0.996
myripristis_berndti,6.0293061488874566e-5,2.896424764482199e-4,0.990009770009276,0,0.047619047619047616,0.2081637411343336,0.996
myripristis_hexagona,6.0293061488874566e-5,2.896424764482199e-4,0.9900734701322508,0,0.047619047619047616,0.2081637411343336,0.996
ostorhinchus_wassinki,6.0293061488874566e-5,2.896424764482199e-4,0.9901371702552257,0,0.047619047619047616,0.2081637411343336,0.996
parapercis_multiplicata,6.0293061488874566e-5,2.896424764482199e-4,0.9902008703782007,0,0.047619047619047616,0.2081637411343336,0.996
pleurosicya_annandalei,6.0293061488874566e-5,2.896424764482199e-4,0.9902645705011756,0,0.047619047619047616,0.2081637411343336,0.996
priacanthus_sagittarius,6.0293061488874566e-5,2.896424764482199e-4,0.9903282706241505,0,0.047619047619047616,0.2081637411343336,0.996
pristicon_rufus,6.0293061488874566e-5,2.896424764482199e-4,0.9903919707471253,0,0.047619047619047616,0.2081637411343336,0.996
sargocentron_melanospilos,6.0293061488874566e-5,2.896424764482199e-4,0.9904556708701002,0,0.047619047619047616,0.2081637411343336,0.996
trimma_haimassum,6.0293061488874566e-5,2.896424764482199e-4,0.9905193709930752,0,0.047619047619047616,0.2081637411343336,0.996
eviota_sp_nov_1,5.99459658598879e-5,2.8776432247421723e-4,0.9905827044066194,0,0.047619047619047616,0.20831618507975,0.995
eviota_occasa,5.99459658598879e-5,2.8776432247421723e-4,0.9906460378201637,0,0.047619047619047616,0.20831618507975,0.995
trimma_habrum,5.99459658598879e-5,2.8776432247421723e-4,0.990709371233708,0,0.047619047619047616,0.20831618507975,0.995
cephalopholis_spiloparaea,5.911494677539936e-5,2.780603002235079e-4,0.9907718266686495,0.047619047619047616,0,0.212597579474244,0.006
choerodon,5.911494677539936e-5,2.780603002235079e-4,0.990834282103591,0.047619047619047616,0,0.212597579474244,0.006
coradion_altivelis,5.911494677539936e-5,2.780603002235079e-4,0.9908967375385327,0.047619047619047616,0,0.212597579474244,0.006
doryrhamphus_janssi,5.911494677539936e-5,2.780603002235079e-4,0.9909591929734742,0.047619047619047616,0,0.212597579474244,0.006
neoniphon_opercularis,5.911494677539936e-5,2.780603002235079e-4,0.9910216484084159,0.047619047619047616,0,0.212597579474244,0.006
paradiancistrus_cuyoensis,5.911494677539936e-5,2.780603002235079e-4,0.9910841038433574,0.047619047619047616,0,0.212597579474244,0.006
parapercis,5.911494677539936e-5,2.780603002235079e-4,0.9911465592782991,0.047619047619047616,0,0.212597579474244,0.006
parioglossus_rainfordi,5.911494677539936e-5,2.780603002235079e-4,0.9912090147132406,0.047619047619047616,0,0.212597579474244,0.006
pempheris,5.911494677539936e-5,2.780603002235079e-4,0.9912714701481822,0.047619047619047616,0,0.212597579474244,0.006
pycnochromis_ovatiformis,5.911494677539936e-5,2.780603002235079e-4,0.9913339255831238,0.047619047619047616,0,0.212597579474244,0.006
siphamia_cyanophthalma,5.911494677539936e-5,2.780603002235079e-4,0.9913963810180654,0.047619047619047616,0,0.212597579474244,0.006
synchiropus_laddi,5.911494677539936e-5,2.780603002235079e-4,0.991458836453007,0.047619047619047616,0,0.212597579474244,0.006
taeniamia_dispilus,5.911494677539936e-5,2.780603002235079e-4,0.9915212918879486,0.047619047619047616,0,0.212597579474244,0.006
bythitidae,5.8356429245188115e-5,2.792131911181581e-4,0.9915829459427851,0,0.047619047619047616,0.20900312414141173,0.995
gymnothorax_thyrsoideus,5.8356429245188115e-5,2.792131911181581e-4,0.9916445999976214,0,0.047619047619047616,0.20900312414141173,0.995
lutjanus_rivulatus,5.8356429245188115e-5,2.792131911181581e-4,0.991706254052458,0,0.047619047619047616,0.20900312414141173,0.995
ostorhinchus_ocellicaudus,5.8356429245188115e-5,2.792131911181581e-4,0.9917679081072945,0,0.047619047619047616,0.20900312414141173,0.995
uroconger,5.8356429245188115e-5,2.792131911181581e-4,0.9918295621621309,0,0.047619047619047616,0.20900312414141173,0.995
cabillus_tongarevae,5.831997824150061e-5,2.7412173563385694e-4,0.9918911777061776,0.047619047619047616,0,0.2127521121469854,0.006
caracanthus,5.831997824150061e-5,2.7412173563385694e-4,0.9919527932502243,0.047619047619047616,0,0.2127521121469854,0.006
chaetodon_citrinellus,5.831997824150061e-5,2.7412173563385694e-4,0.9920144087942709,0.047619047619047616,0,0.2127521121469854,0.006
dinematichthys,5.831997824150061e-5,2.7412173563385694e-4,0.9920760243383178,0.047619047619047616,0,0.2127521121469854,0.006
lepadicyathus_minor,5.831997824150061e-5,2.7412173563385694e-4,0.9921376398823644,0.047619047619047616,0,0.2127521121469854,0.006
norfolkia,5.831997824150061e-5,2.7412173563385694e-4,0.9921992554264111,0.047619047619047616,0,0.2127521121469854,0.006
salarias_patzneri,5.831997824150061e-5,2.7412173563385694e-4,0.9922608709704578,0.047619047619047616,0,0.2127521121469854,0.006
barbuligobius_boehlkei,5.806848073949873e-5,2.6352307257612197e-4,0.9923222208052932,0.14285714285714285,0,0.22035444627993594,0.051
coris_dorsomacula,5.73194810849086e-5,2.691730019251714e-4,0.9923827793157387,0.047619047619047616,0,0.2129466204818086,0.007
ctenochaetus_strigosus,5.73194810849086e-5,2.691730019251714e-4,0.9924433378261843,0.047619047619047616,0,0.2129466204818086,0.007
gnathodentex_aureolineatus,5.73194810849086e-5,2.691730019251714e-4,0.9925038963366298,0.047619047619047616,0,0.2129466204818086,0.007
koumansetta_rainfordi,5.73194810849086e-5,2.691730019251714e-4,0.9925644548470753,0.047619047619047616,0,0.2129466204818086,0.007
parioglossus_nudus,5.73194810849086e-5,2.691730019251714e-4,0.9926250133575208,0.047619047619047616,0,0.2129466204818086,0.007
pseudoplesiops_annae,5.73194810849086e-5,2.691730019251714e-4,0.9926855718679664,0.047619047619047616,0,0.2129466204818086,0.007
amphiprion_bicinctus,5.709369277175825e-5,2.680574359922518e-4,0.9927458918311735,0.047619047619047616,0,0.2129905203353827,0.009
antennarius,5.709369277175825e-5,2.680574359922518e-4,0.9928062117943807,0.047619047619047616,0,0.2129905203353827,0.009
gobiesocidae,5.709369277175825e-5,2.680574359922518e-4,0.9928665317575877,0.047619047619047616,0,0.2129905203353827,0.009
ecsenius_bicolor,5.681938713128769e-5,2.594792911094328e-4,0.9929265619145948,0,0.09523809523809523,0.218974650687344,0.988
fistularia_commersonii,5.681938713128769e-5,2.594792911094328e-4,0.992986592071602,0,0.09523809523809523,0.218974650687344,0.988
helcogramma_chica,5.681938713128769e-5,2.594792911094328e-4,0.9930466222286092,0,0.09523809523809523,0.218974650687344,0.988
pseudamiops_gracilicauda,5.681938713128769e-5,2.594792911094328e-4,0.9931066523856165,0,0.09523809523809523,0.218974650687344,0.988
pseudochromis,5.681938713128769e-5,2.594792911094328e-4,0.9931666825426236,0,0.09523809523809523,0.218974650687344,0.988
chaetodon_melannotus,5.639986164236155e-5,1.8470917943846785e-4,0.9932262694674483,0.047619047619047616,0.047619047619047616,0.3053441188674114,0.418
acreichthys_tomentosus,5.6326995570348325e-5,2.684104855714498e-4,0.9932857794086593,0,0.047619047619047616,0.2098539311920968,0.997
aseraggodes,5.6326995570348325e-5,2.684104855714498e-4,0.9933452893498703,0,0.047619047619047616,0.2098539311920968,0.997
discordipinna_griessingeri,5.6326995570348325e-5,2.684104855714498e-4,0.9934047992910814,0,0.047619047619047616,0.2098539311920968,0.997
gymnothorax_pseudoherrei,5.6326995570348325e-5,2.684104855714498e-4,0.9934643092322925,0,0.047619047619047616,0.2098539311920968,0.997
inimicus_didactylus,5.6326995570348325e-5,2.684104855714498e-4,0.9935238191735035,0,0.047619047619047616,0.2098539311920968,0.997
scolecenchelys_macroptera,5.6326995570348325e-5,2.684104855714498e-4,0.9935833291147146,0,0.047619047619047616,0.2098539311920968,0.997
scorpaenodes_corallinus,5.6326995570348325e-5,2.684104855714498e-4,0.9936428390559257,0,0.047619047619047616,0.2098539311920968,0.997
scorpaenopsis,5.6326995570348325e-5,2.684104855714498e-4,0.9937023489971367,0,0.047619047619047616,0.2098539311920968,0.997
acanthurus_grammoptilus,5.610282553118536e-5,2.6722485366146757e-4,0.9937616221008294,0,0.047619047619047616,0.20994613623124644,0.995
ancistrogobius_squamiceps,5.610282553118536e-5,2.6722485366146757e-4,0.993820895204522,0,0.047619047619047616,0.20994613623124644,0.995
naso_vlamingii,5.610282553118536e-5,2.6722485366146757e-4,0.9938801683082147,0,0.047619047619047616,0.20994613623124644,0.995
gymnothorax_meleagris,5.423932474109653e-5,2.5742537362553615e-4,0.9939374726077602,0,0.047619047619047616,0.21069921731956295,0.995
gymnothorax_pindae,5.423932474109653e-5,2.5742537362553615e-4,0.993994776907306,0,0.047619047619047616,0.21069921731956295,0.995
plesiopidae,5.423932474109653e-5,2.5742537362553615e-4,0.9940520812068516,0,0.047619047619047616,0.21069921731956295,0.995
taeniamia_fucata,5.3595064508731586e-5,1.7567273852668702e-4,0.9941087048400815,0.047619047619047616,0.14285714285714285,0.30508469873138444,0.992
anampses_melanurus,5.3391127862019994e-5,2.4982903319109687e-4,0.9941651130125411,0.047619047619047616,0,0.2137106611671533,0.011
corythoichthys_ocellatus,5.3391127862019994e-5,2.4982903319109687e-4,0.9942215211850007,0.047619047619047616,0,0.2137106611671533,0.011
opistognathus_hyalinus,5.3391127862019994e-5,2.4982903319109687e-4,0.9942779293574602,0.047619047619047616,0,0.2137106611671533,0.011
neoglyphidodon_thoracotaeniatus,5.257891062374959e-5,2.4008318470787496e-4,0.9943334794156246,0.09523809523809523,0,0.21900288721896877,0.035
pseudochromidae,5.257891062374959e-5,2.4008318470787496e-4,0.994389029473789,0.09523809523809523,0,0.21900288721896877,0.035
acanthurus_nigricans,5.2558333188620215e-5,2.457458555859875e-4,0.9944445577917215,0.047619047619047616,0,0.21387271440770986,0.013
amanses_scopas,5.2558333188620215e-5,2.457458555859875e-4,0.9945000861096539,0.047619047619047616,0,0.21387271440770986,0.013
chaetodon_ephippium,5.2558333188620215e-5,2.457458555859875e-4,0.9945556144275862,0.047619047619047616,0,0.21387271440770986,0.013
epinephelus_ongus,5.2558333188620215e-5,2.457458555859875e-4,0.9946111427455187,0.047619047619047616,0,0.21387271440770986,0.013
gymnapogon_urospilotus,5.2558333188620215e-5,2.457458555859875e-4,0.994666671063451,0.047619047619047616,0,0.21387271440770986,0.013
chaetodon_trifascialis,5.2279297374080146e-5,2.3868317602524763e-4,0.994721904577715,0.09523809523809523,0,0.21903218418942985,0.031
chromis_atripectoralis,5.2279297374080146e-5,2.3868317602524763e-4,0.9947771380919791,0.09523809523809523,0,0.21903218418942985,0.031
liobranchia_stria,5.2279297374080146e-5,2.3868317602524763e-4,0.9948323716062432,0.09523809523809523,0,0.21903218418942985,0.031
myripristis_adusta,5.2279297374080146e-5,2.3868317602524763e-4,0.9948876051205072,0.09523809523809523,0,0.21903218418942985,0.031
sargocentron_microstoma,5.2279297374080146e-5,2.3868317602524763e-4,0.9949428386347714,0.09523809523809523,0,0.21903218418942985,0.031
istigobius_rigilius,5.056132136764761e-5,2.3597955797354452e-4,0.9949962570930376,0.047619047619047616,0,0.2142614462110146,0.011
valenciennea_parva,5.056132136764761e-5,2.3597955797354452e-4,0.995049675551304,0.047619047619047616,0,0.2142614462110146,0.011
anampses_caeruleopunctatus,5.016221186652332e-5,2.2823848940129783e-4,0.9951026723470494,0,0.09523809523809523,0.21977981013678266,0.993
doryrhamphus,5.016221186652332e-5,2.2823848940129783e-4,0.9951556691427947,0,0.09523809523809523,0.21977981013678266,0.993
enneapterygius_elegans,5.016221186652332e-5,2.2823848940129783e-4,0.9952086659385401,0,0.09523809523809523,0.21977981013678266,0.993
gobiodon_axillaris,5.016221186652332e-5,2.2823848940129783e-4,0.9952616627342856,0,0.09523809523809523,0.21977981013678266,0.993
leptoscarus,5.016221186652332e-5,2.2823848940129783e-4,0.995314659530031,0,0.09523809523809523,0.21977981013678266,0.993
callogobius_mannarensis,4.898776283136031e-5,2.3031692332789802e-4,0.9953664155105628,0,0.047619047619047616,0.2126971918673007,0.996
eviota_herrei,4.898776283136031e-5,2.3031692332789802e-4,0.9954181714910946,0,0.047619047619047616,0.2126971918673007,0.996
halichoeres_melanochir,4.898776283136031e-5,2.3031692332789802e-4,0.9954699274716264,0,0.047619047619047616,0.2126971918673007,0.996
suttonia_lineata,4.898776283136031e-5,2.3031692332789802e-4,0.9955216834521583,0,0.047619047619047616,0.2126971918673007,0.996
asterropteryx_senoui,4.887738128197306e-5,2.2975465022414724e-4,0.9955733228136614,0,0.047619047619047616,0.21273728838257935,0.996
cheilodipterus_alleni,4.887738128197306e-5,2.2975465022414724e-4,0.9956249621751644,0,0.047619047619047616,0.21273728838257935,0.996
dendrochirus_biocellatus,4.887738128197306e-5,2.2975465022414724e-4,0.9956766015366676,0,0.047619047619047616,0.21273728838257935,0.996
eviota_rubrisparsa,4.887738128197306e-5,2.2975465022414724e-4,0.9957282408981707,0,0.047619047619047616,0.21273728838257935,0.996
ferdauia_ferdau,4.887738128197306e-5,2.2975465022414724e-4,0.9957798802596739,0,0.047619047619047616,0.21273728838257935,0.996
lepadichthys_lineatus,4.887738128197306e-5,2.2975465022414724e-4,0.9958315196211769,0,0.047619047619047616,0.21273728838257935,0.996
oxycheilinus_arenatus,4.887738128197306e-5,2.2975465022414724e-4,0.99588315898268,0,0.047619047619047616,0.21273728838257935,0.996
sueviota_lachneri,4.887738128197306e-5,2.2975465022414724e-4,0.9959347983441832,0,0.047619047619047616,0.21273728838257935,0.996
uropterygius_concolor,4.887738128197306e-5,2.2975465022414724e-4,0.9959864377056862,0,0.047619047619047616,0.21273728838257935,0.996
callionymus,4.776803649544443e-5,2.2237805942329752e-4,0.9960369050351581,0.047619047619047616,0,0.2148055281142542,0.015
lutjanus_quinquelineatus,4.776803649544443e-5,2.2237805942329752e-4,0.9960873723646301,0.047619047619047616,0,0.2148055281142542,0.015
ostorhinchus_doederleini,4.776803649544443e-5,2.2237805942329752e-4,0.996137839694102,0.047619047619047616,0,0.2148055281142542,0.015
parupeneus_barberinoides,4.776803649544443e-5,2.2237805942329752e-4,0.9961883070235739,0.047619047619047616,0,0.2148055281142542,0.015
parupeneus_indicus,4.776803649544443e-5,2.2237805942329752e-4,0.9962387743530458,0.047619047619047616,0,0.2148055281142542,0.015
aseraggodes_winterbottomi,4.6281784243404124e-5,2.1661566982055517e-4,0.9962876714446016,0,0.047619047619047616,0.21365852378890243,0.993
caracanthus_unipinna,4.6281784243404124e-5,2.1661566982055517e-4,0.9963365685361575,0,0.047619047619047616,0.21365852378890243,0.993
heniochus_chrysostomus,4.6281784243404124e-5,2.1661566982055517e-4,0.9963854656277132,0,0.047619047619047616,0.21365852378890243,0.993
neamia_octospina,4.6281784243404124e-5,2.1661566982055517e-4,0.996434362719269,0,0.047619047619047616,0.21365852378890243,0.993
sargocentron_iota,4.6281784243404124e-5,2.1661566982055517e-4,0.996483259810825,0,0.047619047619047616,0.21365852378890243,0.993
brachaelurus_waddi,4.602968354999436e-5,2.1394790489903385e-4,0.9965318905558928,0.047619047619047616,0,0.21514435288214978,0.012
brotulinella_taiwanensis,4.602968354999436e-5,2.1394790489903385e-4,0.9965805213009608,0.047619047619047616,0,0.21514435288214978,0.012
halichoeres_timorensis,4.602968354999436e-5,2.1394790489903385e-4,0.9966291520460286,0.047619047619047616,0,0.21514435288214978,0.012
callionymus_enneactis,4.5185877502535534e-5,2.0986536327663788e-4,0.9966768913029608,0.047619047619047616,0,0.21530888564480716,0.016
eviota_infulata,4.5185877502535534e-5,2.0986536327663788e-4,0.9967246305598928,0.047619047619047616,0,0.21530888564480716,0.016
plesiops_cephalotaenia_2,4.5185877502535534e-5,2.0986536327663788e-4,0.9967723698168249,0.047619047619047616,0,0.21530888564480716,0.016
amphiprion_polymnus,4.37624739603184e-5,2.0299261473458505e-4,0.9968186052360277,0.047619047619047616,0,0.21558653263094466,0.015
bathygobius,4.37624739603184e-5,2.0299261473458505e-4,0.9968648406552305,0.047619047619047616,0,0.21558653263094466,0.015
blenniella_chrysospilos,4.37624739603184e-5,2.0299261473458505e-4,0.9969110760744334,0.047619047619047616,0,0.21558653263094466,0.015
exallias_brevis,4.37624739603184e-5,2.0299261473458505e-4,0.9969573114936362,0.047619047619047616,0,0.21558653263094466,0.015
istiblennius_edentulus,4.37624739603184e-5,2.0299261473458505e-4,0.997003546912839,0.047619047619047616,0,0.21558653263094466,0.015
sebastapistes_cyanostigma,4.37624739603184e-5,2.0299261473458505e-4,0.9970497823320418,0.047619047619047616,0,0.21558653263094466,0.015
xenisthmus_africanus,4.37624739603184e-5,2.0299261473458505e-4,0.9970960177512446,0.047619047619047616,0,0.21558653263094466,0.015
bryaninops_erythrops,4.342103891605853e-5,2.013466470787529e-4,0.9971418924414718,0.047619047619047616,0,0.21565315115019135,0.011
chaetodontoplus_mesoleucus,4.342103891605853e-5,2.013466470787529e-4,0.997187767131699,0.047619047619047616,0,0.21565315115019135,0.011
ecsenius_namiyei,4.342103891605853e-5,2.013466470787529e-4,0.9972336418219261,0.047619047619047616,0,0.21565315115019135,0.011
opistognathus_albomaculatus,4.342103891605853e-5,2.013466470787529e-4,0.9972795165121533,0.047619047619047616,0,0.21565315115019135,0.011
pomacanthus_sexstriatus,4.342103891605853e-5,2.013466470787529e-4,0.9973253912023805,0.047619047619047616,0,0.21565315115019135,0.011
pherallodus_indicus,4.305922078556791e-5,1.3952511610254025e-4,0.9973708836287313,0.047619047619047616,0.047619047619047616,0.3086126855749949,0.994
acanthurus_olivaceus,4.010101109099045e-5,1.3758908293155613e-4,0.9974132506818355,0,0.09523809523809523,0.291454890435884,0.986
petroscirtes_breviceps,4.010101109099045e-5,1.3758908293155613e-4,0.9974556177349396,0,0.09523809523809523,0.291454890435884,0.986
amblyeleotris,3.918933666743966e-5,1.8145368601237154e-4,0.997497021596402,0,0.047619047619047616,0.21597432120925736,0.991
antennarius_pictus,3.918933666743966e-5,1.8145368601237154e-4,0.9975384254578641,0,0.047619047619047616,0.21597432120925736,0.991
asterropteryx_spinosa,3.918933666743966e-5,1.8145368601237154e-4,0.9975798293193264,0,0.047619047619047616,0.21597432120925736,0.991
brachysomophis_umbonis,3.918933666743966e-5,1.8145368601237154e-4,0.9976212331807887,0,0.047619047619047616,0.21597432120925736,0.991
calotomus_spinidens,3.918933666743966e-5,1.8145368601237154e-4,0.997662637042251,0,0.047619047619047616,0.21597432120925736,0.991
cheilio_inermis,3.918933666743966e-5,1.8145368601237154e-4,0.9977040409037131,0,0.047619047619047616,0.21597432120925736,0.991
chlorurus,3.918933666743966e-5,1.8145368601237154e-4,0.9977454447651755,0,0.047619047619047616,0.21597432120925736,0.991
chlorurus_bleekeri,3.918933666743966e-5,1.8145368601237154e-4,0.9977868486266377,0,0.047619047619047616,0.21597432120925736,0.991
dinematichthys_trilobatus,3.918933666743966e-5,1.8145368601237154e-4,0.9978282524881,0,0.047619047619047616,0.21597432120925736,0.991
oplopomops_diacanthus,3.918933666743966e-5,1.8145368601237154e-4,0.9978696563495622,0,0.047619047619047616,0.21597432120925736,0.991
parenchelyurus_hepburni,3.918933666743966e-5,1.8145368601237154e-4,0.9979110602110244,0,0.047619047619047616,0.21597432120925736,0.991
phyllogobius_platycephalops,3.918933666743966e-5,1.8145368601237154e-4,0.9979524640724867,0,0.047619047619047616,0.21597432120925736,0.991
priolepis_compita,3.918933666743966e-5,1.8145368601237154e-4,0.997993867933949,0,0.047619047619047616,0.21597432120925736,0.991
thalassoma,3.918933666743966e-5,1.8145368601237154e-4,0.9980352717954112,0,0.047619047619047616,0.21597432120925736,0.991
atherinomorus_lacunosus,3.8712320492999156e-5,1.756820483840813e-4,0.9980761716853015,0.09523809523809523,0,0.22035444627993597,0.051
helcogramma_fuscopinna,3.8712320492999156e-5,1.756820483840813e-4,0.9981170715751919,0.09523809523809523,0,0.22035444627993597,0.051
lutjanus_lemniscatus,3.8712320492999156e-5,1.756820483840813e-4,0.9981579714650823,0.09523809523809523,0,0.22035444627993597,0.051
brachysomophis,3.841489007005746e-5,1.77673816419828e-4,0.9981985571172469,0,0.047619047619047616,0.21621019261097182,0.989
ctenogobiops_aurocingulus,3.841489007005746e-5,1.77673816419828e-4,0.9982391427694116,0,0.047619047619047616,0.21621019261097182,0.989
gymnothorax_enigmaticus,3.841489007005746e-5,1.77673816419828e-4,0.9982797284215763,0,0.047619047619047616,0.21621019261097182,0.989
halichoeres_podostisma,3.841489007005746e-5,1.77673816419828e-4,0.998320314073741,0,0.047619047619047616,0.21621019261097182,0.989
leiuranus_semicinctus,3.841489007005746e-5,1.77673816419828e-4,0.9983608997259056,0,0.047619047619047616,0.21621019261097182,0.989
limnichthys_nitidus,3.841489007005746e-5,1.77673816419828e-4,0.9984014853780703,0,0.047619047619047616,0.21621019261097182,0.989
lutjanus_russelli,3.742053782043355e-5,1.7283649327088805e-4,0.9984410204887793,0,0.047619047619047616,0.21650831437423365,0.992
neoglyphidodon_oxyodon,3.742053782043355e-5,1.7283649327088805e-4,0.9984805555994882,0,0.047619047619047616,0.21650831437423365,0.992
atherinomorus,3.691027586214304e-5,1.7015235960585504e-4,0.9985195516141772,0.047619047619047616,0,0.2169248545694158,0.023
caesio,3.691027586214304e-5,1.7015235960585504e-4,0.998558547628866,0.047619047619047616,0,0.2169248545694158,0.023
chaetodon_unimaculatus,3.691027586214304e-5,1.7015235960585504e-4,0.9985975436435549,0.047619047619047616,0,0.2169248545694158,0.023
cryptocentrus,3.691027586214304e-5,1.7015235960585504e-4,0.9986365396582436,0.047619047619047616,0,0.2169248545694158,0.023
ctenogobiops_crocineus,3.691027586214304e-5,1.7015235960585504e-4,0.9986755356729325,0.047619047619047616,0,0.2169248545694158,0.023
laiphognathus_multimaculatus,3.691027586214304e-5,1.7015235960585504e-4,0.9987145316876214,0.047619047619047616,0,0.2169248545694158,0.023
ptereleotris_microlepis,3.691027586214304e-5,1.7015235960585504e-4,0.9987535277023103,0.047619047619047616,0,0.2169248545694158,0.023
scolopsis_lineata,3.691027586214304e-5,1.7015235960585504e-4,0.998792523716999,0.047619047619047616,0,0.2169248545694158,0.023
syngnathoides_biaculeatus,3.691027586214304e-5,1.7015235960585504e-4,0.9988315197316879,0.047619047619047616,0,0.2169248545694158,0.023
ostorhinchus_parvulus,3.5073952576039825e-5,1.577265047796224e-4,0.9988685756554898,0,0.14285714285714285,0.22237196357736844,0.997
chaetodon_speculum,3.3293134199430866e-5,1.5297878726223062e-4,0.9989037501298049,0.047619047619047616,0,0.21763235802334474,0.028
plectorhinchus_lessonii,3.3293134199430866e-5,1.5297878726223062e-4,0.99893892460412,0.047619047619047616,0,0.21763235802334474,0.028
plectroglyphidodon,3.3293134199430866e-5,1.5297878726223062e-4,0.9989740990784353,0.047619047619047616,0,0.21763235802334474,0.028
salarias_guttatus,3.3293134199430866e-5,1.5297878726223062e-4,0.9990092735527504,0.047619047619047616,0,0.21763235802334474,0.028
siganus_puellus,3.3293134199430866e-5,1.5297878726223062e-4,0.9990444480270656,0.047619047619047616,0,0.21763235802334474,0.028
aeoliscus_strigatus,2.8409693565643846e-5,1.297396455547164e-4,0.9990744631055691,0,0.047619047619047616,0.218974650687344,0.988
gymnothorax_rueppelliae,2.8409693565643846e-5,1.297396455547164e-4,0.9991044781840728,0,0.047619047619047616,0.218974650687344,0.988
helcogramma_trigloides,2.8409693565643846e-5,1.297396455547164e-4,0.9991344932625764,0,0.047619047619047616,0.218974650687344,0.988
holocentridae,2.8409693565643846e-5,1.297396455547164e-4,0.9991645083410801,0,0.047619047619047616,0.218974650687344,0.988
rhinecanthus_verrucosus,2.8409693565643846e-5,1.297396455547164e-4,0.9991945234195836,0,0.047619047619047616,0.218974650687344,0.988
synodontidae,2.8409693565643846e-5,1.297396455547164e-4,0.9992245384980872,0,0.047619047619047616,0.218974650687344,0.988
valenciennea_strigata,2.8409693565643846e-5,1.297396455547164e-4,0.9992545535765909,0,0.047619047619047616,0.218974650687344,0.988
callogobius_centrolepis,2.6289455311874793e-5,1.2004159235393748e-4,0.999282328605673,0.047619047619047616,0,0.21900288721896877,0.034
siphamia_argentea,2.6289455311874793e-5,1.2004159235393748e-4,0.9993101036347553,0.047619047619047616,0,0.21900288721896877,0.034
anyperodon_leucogrammicus,2.6139648687040073e-5,1.1934158801262382e-4,0.9993377203918873,0.047619047619047616,0,0.21903218418942985,0.031
cheilinus_fasciatus,2.6139648687040073e-5,1.1934158801262382e-4,0.9993653371490193,0.047619047619047616,0,0.21903218418942985,0.031
cryptocentrus_nigrocellatus,2.6139648687040073e-5,1.1934158801262382e-4,0.9993929539061513,0.047619047619047616,0,0.21903218418942985,0.031
heniochus,2.6139648687040073e-5,1.1934158801262382e-4,0.9994205706632834,0.047619047619047616,0,0.21903218418942985,0.031
lepadichthys_misakius,2.6139648687040073e-5,1.1934158801262382e-4,0.9994481874204155,0.047619047619047616,0,0.21903218418942985,0.031
opistognathus_dendriticus,2.6139648687040073e-5,1.1934158801262382e-4,0.9994758041775474,0.047619047619047616,0,0.21903218418942985,0.031
siganus_corallinus,2.6139648687040073e-5,1.1934158801262382e-4,0.9995034209346795,0.047619047619047616,0,0.21903218418942985,0.031
taeniura_lymma,2.6139648687040073e-5,1.1934158801262382e-4,0.9995310376918115,0.047619047619047616,0,0.21903218418942985,0.031
trimmatom_macropodus,2.6139648687040073e-5,1.1934158801262382e-4,0.9995586544489435,0.047619047619047616,0,0.21903218418942985,0.031
ablabys_macracanthus,2.508110593326166e-5,1.1411924470064891e-4,0.9995851528468163,0,0.047619047619047616,0.21977981013678266,0.992
acanthurus_triostegus,2.508110593326166e-5,1.1411924470064891e-4,0.999611651244689,0,0.047619047619047616,0.21977981013678266,0.992
callionymus_japonicus,2.508110593326166e-5,1.1411924470064891e-4,0.9996381496425616,0,0.047619047619047616,0.21977981013678266,0.992
gymnothorax_undulatus,2.508110593326166e-5,1.1411924470064891e-4,0.9996646480404344,0,0.047619047619047616,0.21977981013678266,0.992
heniochus_diphreutes,2.508110593326166e-5,1.1411924470064891e-4,0.999691146438307,0,0.047619047619047616,0.21977981013678266,0.992
parupeneus_crassilabris,2.508110593326166e-5,1.1411924470064891e-4,0.9997176448361798,0,0.047619047619047616,0.21977981013678266,0.992
pterois_radiata,2.508110593326166e-5,1.1411924470064891e-4,0.9997441432340525,0,0.047619047619047616,0.21977981013678266,0.992
rhabdoblennius_nitidus,2.508110593326166e-5,1.1411924470064891e-4,0.9997706416319251,0,0.047619047619047616,0.21977981013678266,0.992
sebastapistes_mauritiana,2.508110593326166e-5,1.1411924470064891e-4,0.9997971400297978,0,0.047619047619047616,0.21977981013678266,0.992
strongylura_incisa,2.508110593326166e-5,1.1411924470064891e-4,0.9998236384276705,0,0.047619047619047616,0.21977981013678266,0.992
halichoeres_chrysus,2.3382635050693215e-5,1.0515100318641494e-4,0.9998483423768717,0,0.09523809523809523,0.22237196357736844,0.996
aspasmodes_briggsi,1.9356160246499578e-5,8.784102419204065e-5,0.9998687923218169,0.047619047619047616,0,0.22035444627993597,0.049
gobiopsis_arenaria,1.9356160246499578e-5,8.784102419204065e-5,0.9998892422667621,0.047619047619047616,0,0.22035444627993597,0.049
halicampus_brocki,1.9356160246499578e-5,8.784102419204065e-5,0.9999096922117073,0.047619047619047616,0,0.22035444627993597,0.049
plectorhinchus_vittatus,1.9356160246499578e-5,8.784102419204065e-5,0.9999301421566525,0.047619047619047616,0,0.22035444627993597,0.049
pomacanthus_semicirculatus,1.9356160246499578e-5,8.784102419204065e-5,0.9999505921015978,0.047619047619047616,0,0.22035444627993597,0.049
aethaloperca_rogaa,1.1691317525346608e-5,5.257550159320747e-5,0.9999629440761982,0,0.047619047619047616,0.22237196357736844,0.995
cephalopholis_miniata,1.1691317525346608e-5,5.257550159320747e-5,0.9999752960507988,0,0.047619047619047616,0.22237196357736844,0.995
opistognathus_solorensis,1.1691317525346608e-5,5.257550159320747e-5,0.9999876480253994,0,0.047619047619047616,0.22237196357736844,0.995
pseudochromis_caudalis,1.1691317525346608e-5,5.257550159320747e-5,1,0,0.047619047619047616,0.22237196357736844,0.995
