species,average,sd,cumsum,ava,avb,ratio,p
plotosus_lineatus,0.03943250804868772,0.06808767990862286,0.042157016503290116,18.153846153846153,11.615384615384615,0.579143071134281,0.006
chromis_ternatensis,0.026684758882046605,0.07985291743636162,0.07068550419643328,39.76923076923077,2,0.33417387540427546,0.374
pycnochromis_retrofasciatus,0.02578501380681786,0.030583770085449245,0.09825208076948388,18.615384615384617,11.153846153846153,0.8430946784773773,0.011
ostorhinchus_cyanosoma,0.024970762975813448,0.05935875866460945,0.12494814751652777,6,19.153846153846153,0.4206752893352094,0.29
spratelloides_delicatulus,0.02235984732392246,0.07414698290919228,0.14885290273731613,17.846153846153847,0,0.30156112152677256,0.4
ostorhinchus_fleurieu,0.019653233364382284,0.056366061537090194,0.169864036045456,13.538461538461538,0.6153846153846154,0.34867139602169994,0.001
ostorhinchus_nigrofasciatus,0.018952308402880768,0.019666437729521875,0.1901258154161516,14.076923076923077,7.615384615384615,0.9636879166190272,0.001
pycnochromis_atripes,0.01797551823703635,0.050470686415577184,0.20934331530325687,26.615384615384617,0,0.35615759391551327,0.001
ostorhinchus_aroubiensis,0.01687433959010237,0.035877446741289266,0.2273835528581121,12.153846153846153,0,0.4703327890577752,0.001
nectamia_viria,0.01576046699748935,0.051866293725662045,0.2442329570728366,19.846153846153847,0,0.30386722985937,0.003
dascyllus_reticulatus,0.015161697521759667,0.03444974157420463,0.26044222106014175,3.6923076923076925,10.23076923076923,0.44011063157328545,0.228
cirripectes_filamentosus,0.014151059316938866,0.02733212470252682,0.27557101886388896,12.538461538461538,0,0.5177445760603682,0.001
trimma_stobbsi,0.01373282456227738,0.019785694877277004,0.2902526848384168,9.923076923076923,3,0.6940784565544332,0.001
apogon_coccineus,0.011854404130277479,0.022152724463284253,0.30292614476492563,10.461538461538462,0,0.5351217250918673,0.001
pseudogramma_polyacanthus,0.011402766021128968,0.019035419547228438,0.3151167615713016,6.153846153846154,4.923076923076923,0.5990288783936583,0.001
ostorhinchus_neotes,0.011165665320470327,0.039218740159533756,0.32705389568927584,8.692307692307692,0,0.284702294746101,0.001
ostorhinchus_multilineatus,0.011121242624678335,0.012835791493526658,0.3389435378161924,6.6923076923076925,5.769230769230769,0.8664243751767856,0.576
pristiapogon_fraenatus,0.011086736143967784,0.03075675352673129,0.350796289307723,6.384615384615385,1.8461538461538463,0.36046509701786594,0.004
pycnochromis_amboinensis,0.010976941131584888,0.022242241668988073,0.3625316597251588,0.07692307692307693,8.538461538461538,0.49351775306397394,0.346
cirrhilabrus_ryukyuensis,0.010121127509552097,0.02144962433081645,0.3733520858295615,0,7,0.4718557002889407,0.834
pomacentrus_brachialis,0.01010613217021531,0.013272202013836545,0.38415648052234025,0,7.846153846153846,0.7614510508263405,0.003
trimma_annosum,0.009838744106636911,0.018571603314659645,0.39467501252043224,8.461538461538462,0.9230769230769231,0.5297735440467124,0.014
alionematichthys_plicatosurculus,0.009154899638933046,0.025284412016839536,0.4044624512166454,8.23076923076923,0,0.3620768255491107,0.001
pomacentrus_amboinensis,0.008625729194176101,0.013373360716252567,0.4136841575190396,0.46153846153846156,6.615384615384615,0.6449933847737542,0.478
pristiapogon_kallopterus,0.007844055434828379,0.011122429032006057,0.4220701819131889,5.153846153846154,0.5384615384615384,0.7052466158476908,0.001
labridae,0.007455967031332308,0.011894022200947808,0.4300413037297309,7.384615384615385,0.15384615384615385,0.626866749142116,0.001
ostorhinchus_novemfasciatus,0.007410116857812011,0.013352212561661353,0.43796340744883444,4,4.3076923076923075,0.554972954751254,0.039
gnatholepis_cauerensis,0.007363837875404537,0.009298338959973847,0.4458360346339397,4.6923076923076925,0.8461538461538461,0.7919519719708357,0.002
chromis,0.006839800355869147,0.01662449166752887,0.45314841699941244,9,0,0.411429142776661,0.001
pycnochromis_delta,0.00681843021436902,0.01939227400971158,0.4604379526971869,4.384615384615385,0.9230769230769231,0.35160550077594693,0.003
chromis_viridis,0.006459791486496011,0.014130756711538605,0.46734407025805275,5.923076923076923,0.6153846153846154,0.4571440594700216,0.001
pseudocheilinus_evanidus,0.0064567857482444365,0.01059032076422196,0.474246974405333,3.6153846153846154,1.3076923076923077,0.6096874581984201,0.013
pseudochromis_marshallensis,0.006349915128484176,0.014462457591903208,0.48103562392606536,5.615384615384615,0.15384615384615385,0.43906197049380935,0.001
nectamia_savayensis,0.006304130480080173,0.010283109123991833,0.48777532540179935,5.3076923076923075,0,0.6130568492530937,0.022
serranidae,0.006301984688715337,0.019745571917711577,0.494512732827105,4.538461538461538,0,0.31915939001303484,0.001
trimma_benjamini,0.006263526033486531,0.00887612137403007,0.5012090243750952,2.8461538461538463,2.5384615384615383,0.7056602506374551,0.159
pomacentrus_moluccensis,0.00625426992595657,0.009054178568622041,0.5078954202837459,0.6923076923076923,4.6923076923076925,0.690760611639716,0.684
stegastes_lacrymatus,0.006011912043169712,0.012609146319040962,0.5143227130876249,2.769230769230769,2.076923076923077,0.4767897755370779,0.034
canthigaster_valentini,0.005965596317941488,0.01208301233897691,0.5207004900760149,3.923076923076923,0.5384615384615384,0.49371763849796796,0.001
trimma_milta,0.0056621601887748094,0.013481332711503044,0.5267538656368017,6.6923076923076925,0,0.4200000333753005,0.001
neoglyphidodon_nigroris,0.005489960615366754,0.015068401024601075,0.5326231438470203,5.769230769230769,1,0.36433597741417273,0.392
apogon_crassiceps,0.005310318850335525,0.0116117413866724,0.5383003683120458,2.4615384615384617,1.6923076923076923,0.45732321049024954,0.32
sargocentron_cornutum,0.005255754684132243,0.010562117988322744,0.5439192586114565,1.5384615384615385,3.230769230769231,0.49760423903074125,0.074
trimma_macrophthalmus,0.005247412140849477,0.007855956289108405,0.5495292299566273,3.4615384615384617,0.8461538461538461,0.6679533270983896,0.001
trimma_taylori,0.004965923656507177,0.014213961132262792,0.5548382639466279,3.769230769230769,0,0.3493694410937669,0.001
istigobius_decoratus,0.004654701418049566,0.008177841764060743,0.559814572434445,3.4615384615384617,0.7692307692307693,0.5691845785651707,0.54
cephalopholis_microprion,0.004568928745581019,0.005319658756578645,0.5646991819625022,1.4615384615384615,2.769230769230769,0.8588762841095355,0.034
alionematichthys,0.004381291946747866,0.014386235493374259,0.5693831903110641,0,3.1538461538461537,0.30454749255048125,0.802
cirripectes_polyzona,0.00436930681515923,0.009250043552170116,0.5740543854398946,3.3846153846153846,0.5384615384615384,0.47235526952023527,0.038
thalassoma_hardwicke,0.00427027424253385,0.009706668903967142,0.5786197055431405,3.230769230769231,0.07692307692307693,0.43993199776172204,0.068
helcogramma_ellioti,0.004150838548139312,0.010399048336627078,0.5830573377870836,3.6923076923076925,0,0.3991556163384113,0.085
chrysiptera_rollandi,0.004130480717056306,0.005672886117593809,0.5874732056172622,1.9230769230769231,1.5384615384615385,0.7281092254339623,0.996
pseudocheilinus_hexataenia,0.004074592860895259,0.005569169247269393,0.5918293241342194,1.5384615384615385,2.5384615384615383,0.7316338721242963,0.073
ecsenius_monoculus,0.004066568681490703,0.010282268496879804,0.5961768640575156,3.6153846153846154,0,0.39549333716822505,0.368
pycnochromis_agilis,0.0038587242413511817,0.013584123762958082,0.6003021989543837,2.6923076923076925,0,0.2840613284070157,0.001
balistapus_undulatus,0.003668954260255374,0.003912619564093121,0.6042246521016303,1.3846153846153846,2.230769230769231,0.9377232312402893,0.001
eviota_pellucida,0.003661773793453384,0.005530573692619261,0.6081394286624144,2.923076923076923,0,0.6620965557949523,0.001
ungusurculus_philippinensis,0.0036413667619646763,0.006667533584689795,0.612032388209627,3,0.07692307692307693,0.5461339962840382,0.001
scorpaenodes_guamensis,0.0034706394483925876,0.005457204643175648,0.615742824388888,1.4615384615384615,1.3846153846153846,0.635973850226177,0.034
pseudochromis_tapeinosoma,0.0032534895853920283,0.007888651573336894,0.6192211071797089,2.923076923076923,0,0.41242657951691036,0.921
asterropteryx_semipunctata,0.003200426722895995,0.010370487321921168,0.6226426608381298,1.4615384615384615,0,0.30860909652055823,0.001
cheilodipterus_quinquelineatus,0.0031977944589929633,0.00524312815921915,0.6260614003617595,2.1538461538461537,0.8461538461538461,0.6099020206801898,0.385
chrysiptera_rex,0.0031566783659376183,0.011065083389291193,0.6294361829600182,2.769230769230769,0,0.2852828356442986,0.553
scorpaenodes,0.0031559513282378056,0.003394406954437026,0.6328101882873951,2.6153846153846154,0.07692307692307693,0.9297504308116264,0.001
ctenochaetus_striatus,0.0031190689088044844,0.005821485527950311,0.6361447628800387,1.3076923076923077,1.3076923076923077,0.5357857361027708,0.74
thalassoma_lunare,0.003095574015142704,0.004472585465424894,0.6394542192474196,1.4615384615384615,1.8461538461538463,0.6921218250769917,0.067
chrysiptera_talboti,0.0030322920481525434,0.004503686767415871,0.6426960213097923,0,2.3076923076923075,0.6732910623561004,0.014
centropyge_vrolikii,0.003012872871038022,0.003983624300738898,0.6459170624667443,0.6153846153846154,2.3846153846153846,0.7563145125104249,0.019
pelates_quadrilineatus,0.0029039931303171365,0.010401674324892975,0.6490217010600862,1.2307692307692308,0,0.27918516188950343,0.001
fowleria_vaiulae,0.002853278619840061,0.0026715492467362907,0.6520721211276245,2.5384615384615383,0.8461538461538461,1.0680239652425576,0.001
trimma_halonevum,0.002821053666913878,0.005772163401747132,0.6550880897250546,1.8461538461538463,0.3076923076923077,0.4887342007781683,0.001
pomacentrus_chrysurus,0.002669759453726443,0.0068907454599816285,0.657942310745224,1.7692307692307692,0.46153846153846156,0.38744131084673106,0.001
trimma_capostriatum,0.0026286120422970237,0.006340392680553968,0.6607525413577694,1.6153846153846154,0,0.4145818996919539,0.001
priolepis_cincta,0.002619700066743396,0.005421953607864648,0.6635532442400464,2.076923076923077,0.15384615384615385,0.4831653415373143,0.002
fowleria_aurita,0.0025755917670856176,0.003850161147368038,0.6663067912499576,1.8461538461538463,0,0.6689568744015525,0.001
fowleria_isostigma,0.0025684271689607545,0.006605995965610094,0.6690526786384972,3.230769230769231,0.07692307692307693,0.38880241258572257,0.622
eviota,0.0025554704349900928,0.0032909625493978377,0.6717847140740453,2.5384615384615383,0.07692307692307693,0.7765115514479735,0.698
trimma_okinawae,0.0025435790362088612,0.00646895183330284,0.6745040364989461,0.5384615384615384,2,0.39319801750791383,0.748
arothron_hispidus,0.0025409939890274945,0.009101465034281353,0.6772205952681203,1.0769230769230769,0,0.27918516188950343,0.001
nectamia_luxuria,0.00253960315688525,0.007305151365641653,0.6799356671084512,0.3076923076923077,1.7692307692307692,0.3476455216013422,0.381
stethojulis_strigiventer,0.0024990460981050887,0.008794711064061909,0.6826073796830159,1.7692307692307692,0,0.28415329166605774,0.271
gobiodon,0.0024923529524100412,0.007089918592524535,0.6852719366626795,1.7692307692307692,0,0.3515347771465144,0.44
gobiidae,0.0024802472956366745,0.005058111148596566,0.6879235515699863,1.1538461538461537,1,0.49035049305408185,0.408
parascorpaena_mossambica,0.0024577162524541387,0.004884400612263955,0.6905510786977862,1.9230769230769231,0.3076923076923077,0.5031766326216573,0.002
synodus_variegatus,0.0024528544590362244,0.0027880907646083237,0.6931734081165004,1.4615384615384615,1,0.8797613371029569,0.089
stethojulis_bandanensis,0.0024474763680059335,0.004503665116451497,0.6957899878559896,2.4615384615384617,0.07692307692307693,0.543441020751191,0.001
eviota_atriventris,0.002366748779578934,0.004217427862036202,0.6983202622995187,0,1.6923076923076923,0.561182990439166,0.539
pseudoplesiops_rosae,0.002358181023282043,0.005004635362927243,0.7008413770151614,1.6153846153846154,0.3076923076923077,0.4711993686394622,0.734
cirrhilabrus,0.0023388832678382736,0.004425789803753437,0.7033418606364361,1.3846153846153846,0.5384615384615384,0.5284668661522756,0.857
cirrhilabrus_lubbocki,0.0023294787442739726,0.007487463228260872,0.705832289947835,0,1.4615384615384615,0.31111721997932873,0.366
parascorpaena_mcadamsi,0.002329426200086884,0.0063066167366544025,0.7083226630846136,1.8461538461538463,0.23076923076923078,0.3693622583005768,0.001
amsichthys_knighti,0.002258775671978022,0.004196073597559764,0.7107375042396128,1.7692307692307692,0.46153846153846156,0.538306971853787,0.004
labroides_dimidiatus,0.002228043372553643,0.0017132178008438634,0.7131194897098451,2.1538461538461537,0.15384615384615385,1.3005021144749938,0.001
labracinus_cyclophthalmus,0.002188874499352757,0.007211892423960857,0.715459600013732,0.07692307692307693,1.3846153846153846,0.30350903350699193,0.565
kaupichthys,0.0021864695871869296,0.0046785867863087605,0.7177971392429683,0,1.6923076923076923,0.46733547694045807,0.117
arothron_manilensis,0.0021779948477378525,0.007801255743669732,0.7201256181879748,0.9230769230769231,0,0.27918516188950343,0.001
dinematichthys_iluocoeteoides,0.002166541557912302,0.0054953057291143225,0.7224418525015316,1.6923076923076923,0,0.39425314344821416,0.071
gymnothorax_zonipectis,0.0021625350369677827,0.002263044599118967,0.7247538034717774,0,1.6153846153846154,0.9555865747452286,0.003
pristiapogon_exostigma,0.002144990270797136,0.005687437337303883,0.7270469974561352,1.2307692307692308,0.6153846153846154,0.3771453017562324,0.003
alionematichthys_riukiuensis,0.0021067466662152397,0.007380385959266073,0.7292993054723088,1.9230769230769231,0,0.2854520993675432,0.002
pristicon_trimaculatus,0.002080764526896608,0.0025755793592603816,0.7315238361664136,1,1.0769230769230769,0.8078821254003731,0.516
halichoeres_nebulosus,0.0020528867030543425,0.005347880371449861,0.7337185628754829,1.3846153846153846,0.3076923076923077,0.38386922677138824,0.005
kaupichthys_brachychirus,0.0020388241543294722,0.004112229149734796,0.7358982554127987,0,1.6153846153846154,0.495795365504123,0.309
istiblennius_dussumieri,0.0019964952770930313,0.007151151098363921,0.7380326944457214,0.8461538461538461,0,0.2791851618895034,0.001
meiacanthus_grammistes,0.001929371747738891,0.0021621348457017625,0.7400953721863811,1.4615384615384615,0.15384615384615385,0.8923457071025911,0.002
pterois_antennata,0.0018732466263357075,0.0020848329229081757,0.7420980469552205,1,1.1538461538461537,0.8985116292785121,0.056
epinephelus_merra,0.0018577950626678973,0.005243301539155423,0.7440842025662184,1.2307692307692308,0.15384615384615385,0.354317799347307,0.001
samariscus,0.0018271409258445125,0.0038923293651475896,0.7460375860555354,1,0,0.4694209442307128,0.001
dunckerocampus_dactyliophorus,0.0017893139453614045,0.002143507238150734,0.7479505289865565,0.9230769230769231,0.8461538461538461,0.8347599268687786,0.037
alionematichthys_suluensis,0.001778876079340759,0.0032996015650541962,0.7498523128685627,1.2307692307692308,0.3076923076923077,0.5391184493851278,0.504
sargocentron_punctatissimum,0.0017694203554824877,0.002858427377720499,0.7517439877028195,0.07692307692307693,1.3846153846153846,0.6190188245725318,0.148
oxycheilinus_digramma,0.0016694931062596896,0.001886938189611464,0.7535288310190453,0.46153846153846156,1.2307692307692308,0.8847630067858513,0.757
pycnochromis_margaritifer,0.0016632454960712499,0.003121504961968413,0.7553069950592408,0.5384615384615384,0.7692307692307693,0.5328344873180696,0.006
apogon,0.0016620865342545192,0.0046775020501643155,0.7570839200615245,1.3846153846153846,0.15384615384615385,0.3553363561211335,0.001
apogonichthyoides_melas,0.0016306099249812922,0.005962280334422,0.7588271936426264,0,1.2307692307692308,0.2734876311614033,0.564
eviota_sparsa,0.001623264797529306,0.004108094293095383,0.760562614599725,0.3076923076923077,0.9230769230769231,0.3951381545106167,0.424
helcogramma,0.0016011274663235821,0.005609093329042215,0.7622743686920168,1.4615384615384615,0,0.2854520993675432,0.393
eviota_nigramembrana,0.0016004857068524832,0.003951423065855393,0.7639854366837803,1.6923076923076923,0.15384615384615385,0.4050403310853819,0.051
trimma_naudei,0.0015684777936437638,0.0029939801192670505,0.7656622852410682,0.9230769230769231,0.23076923076923078,0.5238771572163076,0.97
sunagocia_arenicola,0.0015611770498697303,0.004471433572219902,0.76733132862463,1.3846153846153846,0,0.34914463664830053,0.001
chaetodon_lunulatus,0.0015519790039160194,0.0036688741850013818,0.7689905384420748,0.6153846153846154,0.38461538461538464,0.4230123263045159,0.014
amblyglyphidodon_leucogaster,0.0015519172737093808,0.0033224754394052952,0.7706496822641904,0.9230769230769231,0.23076923076923078,0.4670966880005486,0.759
canthigaster_compressa,0.0015397062325813605,0.00512126384333598,0.7722957713482783,0.6153846153846154,0.07692307692307693,0.30064965986567865,0.001
myripristis,0.0015314268693049555,0.003551886529076041,0.7739330090234259,0.8461538461538461,0,0.43115872558668944,0.001
leptoscarus_vaigiensis,0.0015281268542572037,0.005149537922633895,0.7755667186757386,0.6153846153846154,0.07692307692307693,0.2967502865724299,0.001
chaetodon_triangulum,0.0015247619922817359,0.0031556591099798233,0.777196830977823,0.9230769230769231,0,0.4831833664985078,0.006
trimma_nasa,0.0015213261415433354,0.003260971663183101,0.778823270036093,1,0.38461538461538464,0.46652540980939955,0.083
pictichromis_porphyrea,0.0015125771162048337,0.004844408053662359,0.7804403555730214,0.15384615384615385,1,0.3122315666743493,0.376
trimma_tevegae,0.0014986323988353493,0.0037676027003902685,0.7820425329108681,1.6153846153846154,0,0.39776816135101317,0.001
pseudoplesiops_typus,0.001490141850519202,0.004799714974553493,0.7836356330633366,0.15384615384615385,1,0.31046465434290227,0.564
sebastapistes_strongia,0.0014519965651585683,0.0052008371624464875,0.7851879523600076,0.6153846153846154,0,0.27918516188950343,0.001
zenarchopterus,0.0014519965651585683,0.0052008371624464875,0.7867402716566786,0.6153846153846154,0,0.27918516188950343,0.001
parupeneus_multifasciatus,0.0014500698299183073,0.0028056491662463105,0.7882905310942804,0.5384615384615384,0.9230769230769231,0.5168393280826205,0.179
cheilodipterus,0.0014383195370361302,0.0022682569563360444,0.7898282283765574,1,0.07692307692307693,0.6341078478866314,0.019
gymnothorax_richardsonii,0.0014223361663861112,0.004222028509364554,0.7913488379498956,0,0.9230769230769231,0.33688454808662177,0.3
pomacentrus_bankanensis,0.0014082805283373622,0.00275194273709607,0.7928544207396354,0,1.3076923076923077,0.511740491309576,0.521
myripristis_violacea,0.0014008081345786535,0.003002403974592905,0.7943520148458602,0.46153846153846156,0.6923076923076923,0.46656217698638924,0.088
myripristis_kuntee,0.0014002721657618263,0.0032993297505712277,0.7958490359515995,0.9230769230769231,0.23076923076923078,0.4244110991086571,0.591
sebastapistes_fowleri,0.0013880827989380482,0.002123098630359766,0.7973330254911568,0.9230769230769231,0,0.6538004306954092,0.001
paracheilinus_carpenteri,0.0013793311196661172,0.004780629202951614,0.7988076586720712,0.07692307692307693,0.8461538461538461,0.28852501650086204,0.436
dascyllus_trimaculatus,0.0013722838283713513,0.0017695783175132934,0.8002747576435192,0.7692307692307693,0.6153846153846154,0.7754863488041368,0.012
moringua_raitaborua,0.0013481342114297393,0.002893191885097266,0.8017160384296594,0,0.9230769230769231,0.46596778401527156,0.109
chrysiptera_leucopoma,0.0013324404823768152,0.003231875966170405,0.8031405411606513,1.0769230769230769,0,0.41228082275560957,0.618
dascyllus_aruanus,0.0013271238153650786,0.0022597288347759132,0.8045593598804034,1,0.23076923076923078,0.5872933933228689,0.006
enneapterygius_similis,0.0013118670089576835,0.004289007801733267,0.8059618676559288,1.1538461538461537,0,0.3058672470652849,0.001
fusigobius,0.0012976470525537845,0.0026572014603753603,0.8073491729762602,1,0,0.4883510233998129,0.886
cephalopholis_leopardus,0.0012933772120812107,0.0028681642476344727,0.8087319134402288,0.6923076923076923,0.46153846153846156,0.45094251946970176,0.148
ctenochaetus_binotatus_2,0.0012797954306413024,0.004502078341723753,0.8101001337173606,0.9230769230769231,0,0.2842676944958037,0.291
gnatholepis,0.0012785016442105408,0.0019238733608611036,0.8114669708165356,1.4615384615384615,0,0.6645456349779167,0.001
kaupichthys_diodontus,0.001273672119690405,0.0026655806505219105,0.8128286447050764,0,1,0.47782164063992016,0.073
pomacentrus_alexanderae,0.0012674167141470266,0.0021577179211703197,0.8141836309836279,0,0.9230769230769231,0.5873875828308435,0.951
neamia_octospina_2,0.0012616882684407245,0.002415925268230094,0.8155324930212388,1,0,0.5222381192962301,0.001
cheilinus_chlorourus,0.0012579047696847532,0.0016163866207544253,0.8168773101469893,0,0.9230769230769231,0.7782202311830843,0.634
abantennarius_coccineus,0.0012492264929712216,0.0037251669151555453,0.8182128493882547,1.0769230769230769,0,0.3353477901591048,0.001
pomacentrus_coelestis,0.0012474107149749959,0.0027239076346271896,0.8195464473940587,0,1.1538461538461537,0.4579489770936099,0.833
saurida_gracilis,0.0012458141853198652,0.001910032725190591,0.820878338561258,0.7692307692307693,0.3076923076923077,0.652247560415779,0.003
apogon_erythrinus,0.0012032635760823504,0.0020767803005360764,0.822164739171944,0.7692307692307693,0,0.5793889588473821,0.245
siphamia_tubifer,0.0011992876436114062,0.0032198623823930356,0.8234468891412406,0.7692307692307693,0,0.3724654973359709,0.001
myripristis_murdjan,0.0011745134120749441,0.0022880248662890917,0.8247025531541674,0,0.9230769230769231,0.5133307025547617,0.162
oxycheilinus_bimaculatus,0.0011554419131248595,0.0034791376389228337,0.8259378279619493,0.23076923076923078,0.6923076923076923,0.3321058357100792,0.778
pomacentrus_lepidogenys,0.0011552037671107489,0.0032165624557372297,0.8271728481695054,0.23076923076923078,0.7692307692307693,0.3591423400003525,0.337
nectamia_fusca,0.0011388158699154644,0.0030302394833625563,0.8283903481916434,0,0.8461538461538461,0.375817118141355,0.516
ostorhinchus_aureus,0.001133301436093869,0.003896377565335409,0.8296019527714389,0,0.8461538461538461,0.2908602713906428,0.526
flabellicauda_alleni,0.0011265478645641738,0.0024162267673069507,0.8308063371554993,0.8461538461538461,0,0.4662426059536573,0.03
pseudanthias_huchtii,0.001125412453053714,0.002790661214262803,0.8320095076791143,0,0.9230769230769231,0.4032780644607946,0.332
congrogadus_subducens,0.0011253379749672325,0.003514905370991966,0.833212598578732,1.3076923076923077,0.07692307692307693,0.3201616704263202,0.106
trimma,0.001112518098911651,0.0031779519632897935,0.8344019838391906,0.07692307692307693,0.7692307692307693,0.3500739192294084,0.569
meiacanthus_ditrema,0.0010988929955675552,0.0034827175181229154,0.8355768025976701,0.7692307692307693,0,0.3155274551694985,0.001
parapriacanthus,0.0010869231727891468,0.003817753466857268,0.8367388245029596,0.8461538461538461,0,0.284702294746101,0.001
cirripectes_castaneus,0.001071368816390309,0.0017461846427945574,0.8378842173554231,1.0769230769230769,0,0.6135484129992763,0.006
gymnothorax_chilospilus,0.001069369859190772,0.002340001303180253,0.8390274731368298,0,0.7692307692307693,0.4569954118134084,0.734
ostorhinchus_taeniophorus,0.0010692750436933469,0.0023084758251625576,0.8401706275516562,0.7692307692307693,0.07692307692307693,0.4631952529189042,0.731
cirrhitichthys_falco,0.001066503179869263,0.0016315466898097104,0.8413108185863996,0.6923076923076923,0.23076923076923078,0.6536761629504153,0.001
cheilinus,0.001063421319922614,0.003533407473487503,0.8424477148263896,0.6153846153846154,0.07692307692307693,0.30096198298720644,0.165
abudefduf_vaigiensis,0.0010552084279290704,0.0026874999246780996,0.8435758307214194,0.8461538461538461,0,0.39263570511744667,0.907
enneapterygius,0.0010402901272572641,0.002621181906565094,0.8446879975663192,0.8461538461538461,0.07692307692307693,0.3968782649734156,0.945
enneapterygius_pallidoserialis,0.0010351479043975848,0.0025075125797037303,0.8457946668969931,0.9230769230769231,0,0.4128186286187607,0.59
myripristis_pralinia,0.0010301196166605567,0.0024523091116160534,0.8468959605206781,0,0.7692307692307693,0.4200610811178349,0.483
apogonichthys_ocellatus,0.0010295153762159516,0.002489728468243905,0.8479966081551611,0.7692307692307693,0.15384615384615385,0.41350508272177394,0.005
fusigobius_signipinnis,0.0010136046026314426,0.0023267966531207466,0.8490802456937164,0,0.6923076923076923,0.4356223399547939,0.494
enneapterygius_unimaculatus,9.959192207618494e-4,0.002150938730444534,0.8501449759151308,1,0,0.46301608068400113,0.001
trimma_cana,9.92509940794902e-4,0.0017734498859575479,0.8512060612993552,0.3076923076923077,0.6153846153846154,0.5596492737989103,0.05
ostorhinchus_cookii,9.77887603606339e-4,0.003441408677241617,0.8522515140459239,0.6923076923076923,0,0.2841532916660577,0.001
apogon_doryssa,9.691159411450207e-4,0.002184667959859717,0.8532875890699626,0,0.9230769230769231,0.44359873397294214,0.73
atrosalarias_fuscus,9.596008943560328e-4,0.00234999383912701,0.8543134916245247,0.9230769230769231,0.15384615384615385,0.40834187663764737,0.213
sunagocia_otaitensis,9.415450649091154e-4,0.0015437004816083067,0.8553200908190511,0.46153846153846156,0.5384615384615384,0.6099272988035641,0.007
amblycirrhitus_bimacula,9.315150482325977e-4,0.0019851676555378405,0.8563159669934228,0.7692307692307693,0,0.4692374700111778,0.001
opistognathus_randalli,9.282119767859273e-4,0.002692797072199242,0.8573083118773851,0,0.6153846153846154,0.3447017921880926,0.298
fowleria_marmorata,9.095589040639362e-4,0.0013673972874024033,0.8582807148927345,0,0.6153846153846154,0.6651753023379133,0.014
amphiprion_perideraion,9.025990984209811e-4,0.0019281951310883459,0.8592456772289118,0.7692307692307693,0.07692307692307693,0.46810568280582693,0.006
amphiprion_frenatus,8.990564972061275e-4,0.0019294879045888631,0.8602068521950923,0.9230769230769231,0.07692307692307693,0.465956016136675,0.343
oxycheilinus,8.979674006156288e-4,0.002623331615549526,0.8611668628157819,0.15384615384615385,0.5384615384615384,0.34230037685400516,0.232
synchiropus_ocellatus,8.810830850261822e-4,0.0022187341332384133,0.862108822533646,0.8461538461538461,0,0.3971107091322265,0.061
pomacentrus,8.692334254278569e-4,0.0030590299353258814,0.8630381138639294,0.6153846153846154,0,0.28415329166605774,0.001
pteragogus_guttatus,8.69187385923837e-4,0.002707199045682106,0.8639673559737033,0,0.9230769230769231,0.32106519367689734,0.288
thalassoma_jansenii,8.65956501562126e-4,0.0020407445680599174,0.864893143967772,0.6923076923076923,0,0.42433360603545217,0.001
sargocentron_tiereoides,8.446988314170075e-4,0.0018670125260724863,0.8657962055364753,0.5384615384615384,0.15384615384615385,0.4524334034297809,0.01
eviota_distigma,8.3286249106827e-4,0.0023013104092552915,0.8666866129571138,0,0.6923076923076923,0.36190793198462345,0.493
sargocentron_diadema,8.29471457641424e-4,0.0015317074896906958,0.8675733950478095,0.15384615384615385,0.5384615384615384,0.5415338523995353,0.939
ecsenius_pictus,8.244504461368748e-4,0.001144856416385426,0.8684548092104852,0.7692307692307693,0,0.7201343629971118,0.001
pomacentrus_adelus,8.156172090807427e-4,0.002240829585639057,0.8693267798216655,0,0.6153846153846154,0.36398002521380435,0.905
fowleria_variegata,8.108559071486625e-4,0.0015630744796731554,0.8701936601584995,0.6153846153846154,0.07692307692307693,0.5187570507313353,0.595
scorpaenopsis_possi,8.106677330939635e-4,0.00150830789173225,0.8710603393197777,0,0.6923076923076923,0.5374683362313605,0.4
cheilodipterus_macrodon,8.106223082124665e-4,0.001708878315445089,0.8719269699176349,0.5384615384615384,0.15384615384615385,0.4743592922245809,0.604
centropyge_nox,8.08750764103502e-4,0.0017930545029072376,0.8727915996608728,0.23076923076923078,0.46153846153846156,0.45104639194860113,0.124
siganus_punctatus,8.084075150601622e-4,0.002481843898309165,0.873655862438977,0.9230769230769231,0.07692307692307693,0.32572859058980924,0.002
oxycheilinus_celebicus,8.030050706916516e-4,0.0018081226022653055,0.8745143495018738,0.07692307692307693,0.5384615384615384,0.44410985719973145,0.433
plesiops_coeruleolineatus,7.96496984018599e-4,0.0022590859289656,0.875365878815166,0.15384615384615385,0.46153846153846156,0.35257489491924837,0.959
chaetodon_kleinii,7.90175845122113e-4,0.0015666115854610513,0.8762106502434046,0.46153846153846156,0.15384615384615385,0.5043852940035328,0.919
parapercis_cylindrica,7.873383958683284e-4,0.0014901168236201043,0.8770523881746392,0.38461538461538464,0.38461538461538464,0.5283736035914022,0.088
norfolkia_brachylepis,7.681456018841328e-4,0.0018273092432443373,0.8778736072250626,0.8461538461538461,0,0.42036978947269565,0.292
dentatherina_merceri,7.605792472493748e-4,0.0026766511934101463,0.8786867371390605,0.5384615384615384,0,0.28415329166605774,0.59
asterropteryx_bipunctata,7.569057169072393e-4,0.001163869905168647,0.8794959397076543,0.6153846153846154,0.23076923076923078,0.6503353283265472,0.005
amphiprion_clarkii,7.529433275165679e-4,0.0011649344807293013,0.8803009061136706,0.46153846153846156,0.23076923076923078,0.6463396353803448,0.789
plectroglyphidodon_dickii,7.514964880476e-4,0.002004787907126886,0.8811043257138054,0.38461538461538464,0.23076923076923078,0.37485086845151083,0.082
ostorhinchus_compressus,7.433838419221584e-4,0.0026148482123164894,0.8818990721411312,0.5384615384615384,0,0.28429330560017324,0.366
cirripectes_stigmaticus,7.424721804446428e-4,0.0018780351056623245,0.8826928439175952,0.8461538461538461,0,0.39534520851397825,0.001
scorpaenodes_varipinnis,7.418780041826049e-4,0.0012700056849115175,0.8834859804644043,0.07692307692307693,0.46153846153846156,0.5841532939549733,0.717
chaetodon_baronessa,7.395852445638146e-4,0.0015417223998978222,0.8842766658380601,0,0.6153846153846154,0.47971362718270855,0.076
gymnothorax_buroensis,7.32458980100555e-4,0.0016048233039111144,0.8850597325725919,0,0.5384615384615384,0.45641098201620045,0.649
bathygobius_fuscus,7.259982825792841e-4,0.0026004185812232438,0.8858358922209274,0.3076923076923077,0,0.27918516188950343,0.629
corythoichthys_haematopterus,7.223753571071812e-4,0.002087590395592339,0.8866081786251687,0.7692307692307693,0.07692307692307693,0.3460330908938735,0.721
cheilodipterus_artus,7.164770077585603e-4,0.0019271291830336497,0.8873741591456826,0.38461538461538464,0.15384615384615385,0.37178462869349316,0.017
siphamia_jebbi,7.138378652146408e-4,0.0017116704677883681,0.888137318177499,0.5384615384615384,0,0.4170416436155397,0.157
alionematichthys_piger,7.133918421793153e-4,0.0026084976463096247,0.8889000003692311,0,0.5384615384615384,0.2734876311614033,0.847
nectamia_bandanensis,7.133918421793153e-4,0.0026084976463096247,0.889662682560963,0,0.5384615384615384,0.2734876311614033,0.547
thalassoma_amblycephalum,7.133374155785451e-4,0.002217502521165445,0.8904253065655997,0.46153846153846156,0,0.321685052787962,0.001
pleurosicya_mossambica,7.106477210736548e-4,0.001368264651628138,0.8911850550367936,0.46153846153846156,0.15384615384615385,0.5193788498650713,0.727
pervagor_janthinosoma,6.857935631426448e-4,0.0018990571331323927,0.8919182321028721,0.6923076923076923,0.15384615384615385,0.3611231864369795,0.528
gnatholepis_anjerensis,6.825488879333196e-4,0.001238110538059679,0.8926479403095471,0.15384615384615385,0.38461538461538464,0.5512826738418566,0.065
scolopsis_bilineata,6.800291611084758e-4,0.0011225496396300213,0.8933749546940285,0.3076923076923077,0.23076923076923078,0.6057898351226634,0.933
aulostomidae,6.724688935547537e-4,0.0023998738201065468,0.8940938864497396,0.3076923076923077,0,0.28021010434827703,0.001
halichoeres_melanurus,6.713712625326368e-4,0.0018301114468688461,0.8948116447358592,0.38461538461538464,0,0.3668472013992874,0.976
cirripectes_springeri,6.713452027831822e-4,0.001746623554397804,0.8955293751616843,0.7692307692307693,0,0.38436742771091664,0.001
koumansetta_hectori,6.557313769207594e-4,0.0013713874871189335,0.8962304129562989,0.38461538461538464,0,0.47815178647892326,0.892
arothron_nigropunctatus,6.418055556823389e-4,0.0012066153900457774,0.8969165627535522,0.3076923076923077,0.23076923076923078,0.5319056602269838,0.075
parapercis_clathrata,6.372087837036662e-4,0.001437405096599852,0.8975977981742734,0.3076923076923077,0.23076923076923078,0.44330494250435637,0.893
amblyglyphidodon_curacao,6.31532720802122e-4,0.0013775938157307441,0.8982729653561415,0.23076923076923078,0.3076923076923077,0.4584317333532204,0.983
meiacanthus_atrodorsalis,6.256180637785975e-4,0.0015184103931873986,0.8989418092198619,0.5384615384615384,0,0.4120217212589806,0.001
enneapterygius_flavoccipitis,6.241269694522041e-4,0.0011082878080824466,0.8996090589651445,0.46153846153846156,0.15384615384615385,0.5631452091240317,0.003
platycephalidae,6.1780315881041e-4,0.0013150414958118424,0.9002695479690294,0.38461538461538464,0,0.46979746325724003,0.298
synodus_dermatogenys,6.171781754697784e-4,0.0015548582297146547,0.9009293688076284,0.07692307692307693,0.46153846153846156,0.3969353370455144,0.555
paragobiodon,6.130058483445474e-4,0.0018098675678313184,0.9015847290406972,0.3076923076923077,0,0.33870204607240095,0.374
ostorhinchus_chrysopomus,6.076100446372071e-4,0.002264937472049424,0.9022343206580427,0,0.38461538461538464,0.2682679112052539,0.792
plectranthias_nanus,5.953729724743888e-4,0.0015685461196570808,0.9028708297077646,0,0.38461538461538464,0.3795699501679623,0.324
onigocia_pedimacula,5.928671851577165e-4,0.0020824109819221463,0.9035046598379223,0.46153846153846156,0,0.284702294746101,0.353
ctenochaetus_binotatus,5.808536235459309e-4,0.0018693418964321363,0.9041256463540118,0,0.46153846153846156,0.3107262639619643,0.648
priolepis_pallidicincta,5.773994061133265e-4,0.001861465555695878,0.9047429399905833,0.46153846153846156,0,0.31018538288100383,0.075
siganus,5.701698294149058e-4,0.0010706819145780376,0.905352504537648,0.38461538461538464,0,0.5325296165477992,0.001
amphiprion,5.682456482665294e-4,0.001262153117396707,0.9059600119562052,0.3076923076923077,0,0.4502192645521346,0.003
chaetodon_punctatofasciatus,5.524119866664212e-4,0.001530218591389615,0.9065505917187137,0.38461538461538464,0,0.36100200963103407,0.001
apogonichthyoides_timorensis,5.444987119344631e-4,0.001950313935917433,0.9071327114549653,0.23076923076923078,0,0.27918516188950343,0.001
eleotris,5.444987119344631e-4,0.001950313935917433,0.907714831191217,0.23076923076923078,0,0.27918516188950343,0.001
terapon_jarbua,5.444987119344631e-4,0.001950313935917433,0.9082969509274685,0.23076923076923078,0,0.27918516188950343,0.001
acanthurus_nigrofuscus,5.432708908924105e-4,0.0019118937095786758,0.9088777580088957,0.38461538461538464,0,0.28415329166605774,0.362
asterropteryx,5.404669352289293e-4,0.0017295753264985419,0.9094555674010804,0.46153846153846156,0,0.31248534073568435,0.089
ecsenius_lividanalis,5.309884585158274e-4,0.0018677487230832068,0.9100232434205988,0.38461538461538464,0,0.28429330560017324,0.001
gymnomuraena_zebra,5.276132926481701e-4,0.001579435745447786,0.9105873110740704,0,0.38461538461538464,0.3340517613133964,0.321
eviota_albolineata,5.245793169259482e-4,8.117440951734056e-4,0.9111481351254755,0.38461538461538464,0.07692307692307693,0.6462373056300299,0.005
halichoeres_hortulanus,5.101857617592264e-4,0.0012468084389065665,0.9116935711284727,0.07692307692307693,0.46153846153846156,0.4091933819493972,0.507
platax_orbicularis,5.074621051802674e-4,0.0012726072213774023,0.9122360952894127,0.3076923076923077,0,0.39875783875484955,0.001
anampses_geographicus,5.064285673216746e-4,0.0011876386140705739,0.9127775145023108,0.3076923076923077,0.07692307692307693,0.4264163873772302,0.004
foa_hyalina,5.050661831704325e-4,0.0012158761593567041,0.9133174771999125,0.23076923076923078,0.07692307692307693,0.4153927842763633,0.001
parascorpaena_moultoni,5.049678620267273e-4,0.0010917854905501641,0.9138573347830723,0.38461538461538464,0,0.46251563736413803,0.038
paragobiodon_melanosoma,5.032540391439484e-4,0.0017775163331882485,0.9143953601302641,0.3076923076923077,0,0.28312203367565403,0.43
parascorpaena_aurita,4.89511193279048e-4,9.767440512929429e-4,0.9149186930977773,0.23076923076923078,0.23076923076923078,0.5011662908323513,0.406
xenisthmus_polyzonatus,4.8462190539272663e-4,9.996792064599501e-4,0.9154367989620625,0.07692307692307693,0.3076923076923077,0.48477741885705805,0.282
trachinocephalus,4.833570367623957e-4,0.0017232946309853872,0.9159535525642076,0,0.5384615384615384,0.2804842701134687,0.427
ostorhinchus_angustatus,4.8282209039194707e-4,0.0013688290466052576,0.9164697342589574,0.3076923076923077,0.07692307692307693,0.3527263624258721,0.007
asterorhombus_cocosensis,4.819364004275814e-4,0.0010697841878494006,0.916984969068807,0.38461538461538464,0,0.4504987135736449,0.001
pseudoplesiops,4.7703264139931133e-4,0.0016648284703952778,0.9174949613044326,0.6153846153846154,0,0.2865356100535992,0.629
aseraggodes_xenicus,4.764113612952595e-4,0.001365374195771061,0.9180042893338769,0.3076923076923077,0.07692307692307693,0.3489236597343324,0.247
pentapodus_caninus,4.7170471920404987e-4,0.0017516963486244384,0.9185085855254256,0,0.3076923076923077,0.26928452501169353,0.626
salarias_sinuosus,4.710144257035228e-4,0.0012685733626562243,0.9190121437290568,0.3076923076923077,0.07692307692307693,0.3712945893151036,0.649
calumia_profunda,4.641094759749895e-4,0.001617079299932249,0.9195083198995873,0.7692307692307693,0,0.2870047721187417,0.278
aspidontus_taeniatus,4.595860654644947e-4,0.0011440368278819776,0.9199996601238141,0.3076923076923077,0,0.4017231388567738,0.485
amphiprion_ocellaris,4.5901484877686606e-4,0.0010907080896900806,0.9204903896643052,0.46153846153846156,0,0.4208411518312777,0.07
pomacentrus_stigma,4.565072575818774e-4,0.0011505141826957765,0.9209784383567188,0,0.3076923076923077,0.39678542381131937,0.627
liopropoma_mitratum,4.551872509657227e-4,7.455634632261006e-4,0.9214650758393602,0,0.3076923076923077,0.6105278402405859,0.021
synchiropus_bartelsi,4.52961657083306e-4,9.003599501003582e-4,0.921949333955264,0.3076923076923077,0,0.5030895221770103,0.02
gobiodon_quinquestrigatus,4.5257048217361425e-4,0.001119994281899542,0.9224331738688282,0,0.38461538461538464,0.40408285067852484,0.231
chromis_analis,4.465779794744466e-4,6.790589591270781e-4,0.9229106072399812,0.23076923076923078,0.23076923076923078,0.657642423344973,0.025
discotrema_crinophilum,4.4537187750804666e-4,0.0010107021707899625,0.9233867511760208,0.5384615384615384,0.07692307692307693,0.4406559027769229,0.004
trimma_cheni,4.452729388986517e-4,0.0013136278932394047,0.92386278933749,0.07692307692307693,0.23076923076923078,0.33896428447527044,0.512
plagiotremus_rhinorhynchos,4.4320003891365034e-4,7.666500025921547e-4,0.9243366113761914,0.3076923076923077,0.07692307692307693,0.5780995727060938,0.002
pseudamia_gelatinosa,4.3765139080269804e-4,9.402492134464356e-4,0.9248045013942946,0.38461538461538464,0,0.46546318204139636,0.574
hypoatherina_panatela,4.3461671271392843e-4,0.0015295149676629407,0.9252691470594363,0.3076923076923077,0,0.28415329166605774,0.909
eviota_melasma,4.3239010049945793e-4,8.556500082090616e-4,0.9257314122691488,0.23076923076923078,0.15384615384615385,0.5053352379490794,1
bodianus_mesothorax,4.317272584655278e-4,8.06055428360915e-4,0.9261929688391134,0.15384615384615385,0.23076923076923078,0.5356049265041609,0.08
canthigaster_ocellicincta,4.2967713304006686e-4,0.0010214196800281228,0.9266523336344312,0.5384615384615384,0,0.42066658929876555,0.001
aulostomus_chinensis,4.284126756471132e-4,9.470855796295374e-4,0.9271103466072601,0.23076923076923078,0.07692307692307693,0.45234843066103003,0.041
ungusurculus_williamsi,4.264056720640287e-4,0.0010517119953883484,0.9275662139067,0,0.38461538461538464,0.405439582256145,0.617
apogon_unicolor,4.2614654936349114e-4,0.0011567080835805856,0.9280218041798866,0.3076923076923077,0,0.36841321973332813,0.113
gymnothorax_fimbriatus,4.2570017233683935e-4,0.0015630227678182164,0.9284769172345394,0,0.3076923076923077,0.2723569874359945,0.62
taeniamia_biguttata,4.2570017233683935e-4,0.0015630227678182164,0.9289320302891921,0,0.3076923076923077,0.2723569874359945,0.49
scorpaenodes_hirsutus,4.213493332430479e-4,0.0014760771918532146,0.9293824918924269,0.38461538461538464,0,0.2854520993675432,0.366
gymnothorax,4.148020796958616e-4,6.752165021765857e-4,0.9298259538730279,0,0.38461538461538464,0.6143245586544932,0.606
synodus_jaculum,4.1430603151062487e-4,0.0014771096837017607,0.9302688855320094,0,0.46153846153846156,0.28048427011346866,0.427
eviota_queenslandica,4.1023240118405593e-4,0.001160951776382052,0.9307074621015126,0.3076923076923077,0,0.3533586920057001,0.976
pygoplites_diacanthus,4.096607177403144e-4,7.024058359764927e-4,0.9311454274882742,0.15384615384615385,0.23076923076923078,0.5832251054275472,0.012
synodus,4.094513449668166e-4,0.001552378918045064,0.9315831690360792,0,0.23076923076923078,0.2637573470029117,0.487
cheilinus_oxycephalus,4.016517113352716e-4,8.324018855644867e-4,0.9320125720505268,0.07692307692307693,0.23076923076923078,0.4825213857641549,0.932
ctenogobiops,4.0055093478637174e-4,7.616218267364109e-4,0.9324407982325222,0.3076923076923077,0,0.5259184029727106,0.648
scorpaenodes_albaiensis,4.00128424877841e-4,7.691674426484668e-4,0.9328685727121517,0.23076923076923078,0,0.520209778380742,0.002
cirrhitichthys_aprinus,3.952447901051443e-4,0.0013882739879480974,0.933291126132257,0.3076923076923077,0,0.284702294746101,0.001
plectranthias_longimanus,3.892554877738561e-4,0.001064588216807378,0.933707276431442,0.38461538461538464,0,0.36563948541644087,0.001
atherinidae,3.8862512276774175e-4,0.0013645957160029476,0.9341227528118409,0.3076923076923077,0,0.28479139880789595,0.001
cirripectes_perustus,3.8862512276774175e-4,0.0013645957160029476,0.9345382291922395,0.3076923076923077,0,0.28479139880789595,0.111
amphiprion_biaculeatus,3.7488068362254184e-4,0.0010742212208260662,0.934939011489595,0,0.23076923076923078,0.3489790336987218,0.289
halichoeres_prosopeion,3.654396664236717e-4,6.522444638138181e-4,0.9353297004619869,0.15384615384615385,0.15384615384615385,0.5602802119421065,0.695
stethojulis_interrupta,3.645660267823242e-4,0.0013589624832296544,0.9357194554323942,0,0.23076923076923078,0.26826791120525384,0.527
tripterygiidae,3.6450721151544066e-4,7.06882877347969e-4,0.9361091475238141,0.3076923076923077,0,0.5156543229381534,0.022
grammistops_ocellatus,3.6350447801268847e-4,7.595760953431451e-4,0.9364977675999118,0.07692307692307693,0.23076923076923078,0.47856229315441023,0.297
acanthurus,3.6299914128964207e-4,0.0013002092906116219,0.9368858474240795,0.15384615384615385,0,0.27918516188950343,0.05
fibramia_lateralis,3.6299914128964207e-4,0.0013002092906116219,0.9372739272482472,0.15384615384615385,0,0.27918516188950343,0.001
istigobius_ornatus,3.6299914128964207e-4,0.0013002092906116219,0.937662007072415,0.15384615384615385,0,0.27918516188950343,0.001
ostorhinchus,3.6299914128964207e-4,0.0013002092906116219,0.9380500868965828,0.15384615384615385,0,0.27918516188950343,0.014
thysanophrys_chiltonae,3.625236860747365e-4,7.706169150702609e-4,0.9384376584149303,0.15384615384615385,0.15384615384615385,0.4704330763900808,0.501
pleurosicya_fringilla,3.624297847725593e-4,8.716473146820842e-4,0.9388251295440575,0.23076923076923078,0,0.4157986592372493,0.001
scarus_psittacus,3.615371397423138e-4,7.067463449481868e-4,0.9392116463526725,0,0.3076923076923077,0.5115514814141966,0.19
wetmorella_nigropinnata,3.60861574258552e-4,7.561145486979688e-4,0.9395974409189893,0.07692307692307693,0.23076923076923078,0.4772578108435508,0.872
mirolabrichthys_tuka,3.5943837781738237e-4,9.906672627207208e-4,0.9399817139560189,0,0.23076923076923078,0.36282452377626584,0.27
ucla_xenogrammus,3.578247112751397e-4,9.357713137097082e-4,0.9403642618335184,0.23076923076923078,0,0.3823847835820097,0.98
pseudochromis_flavopunctatus,3.506341912911736e-4,0.0012668056076824937,0.9407391223767695,0,0.3076923076923077,0.2767861060645502,0.489
diodon_liturosus,3.493338678240252e-4,9.055813115718561e-4,0.9411125927533641,0,0.23076923076923078,0.38575648962727765,0.4
enchelyurus_kraussi,3.473263971434111e-4,9.448826725477337e-4,0.9414839169571992,0.3076923076923077,0,0.3675867991175008,0.001
bothus_pantherinus,3.452550262588541e-4,0.0012309247364181337,0.9418530266730171,0,0.38461538461538464,0.2804842701134687,0.558
macropharyngodon_meleagris,3.450879546676204e-4,6.14732437178391e-4,0.9422219577737742,0.15384615384615385,0.15384615384615385,0.5613628528397929,0.014
trimma_anaima,3.428445401763572e-4,0.0010404705753953867,0.9425884904559061,0.3076923076923077,0,0.329509116628381,0.001
coryphopterus,3.3707946659443833e-4,0.0011808617534825718,0.9429488597384938,0.3076923076923077,0,0.2854520993675432,0.449
nectamia_similis,3.304659131412669e-4,0.001189346655172357,0.9433021585176856,0,0.3076923076923077,0.27785499854403395,0.469
fusigobius_aureus,3.2958010529864247e-4,8.767355431440889e-4,0.9436545102859546,0,0.23076923076923078,0.3759173537287252,0.739
eviota_winterbottomi,3.288789844630744e-4,0.0012112100755080166,0.9440061124908784,0,0.23076923076923078,0.27152926739412486,0.501
ophichthus,3.288789844630744e-4,0.0012112100755080166,0.9443577146958021,0,0.23076923076923078,0.27152926739412486,0.501
heniochus_varius,3.2865130970165983e-4,6.999995388189943e-4,0.9447090734952428,0.15384615384615385,0.07692307692307693,0.4695021803244965,0.006
bodianus_dictynna,3.271481472973189e-4,8.34256902427531e-4,0.9450588252743487,0.23076923076923078,0,0.39214317118069886,0.556
anthiadinae,3.266962197803759e-4,8.336483368922562e-4,0.9454080939009306,0.23076923076923078,0,0.3918873286525843,0.23
thalassoma_quinquevittatum,3.2596253453544635e-4,0.0011471362257472054,0.9457565781497869,0.23076923076923078,0,0.2841532916660578,0.434
centropyge_bispinosa,3.199488576603256e-4,0.0011255195854309383,0.9460986332190697,0.23076923076923078,0,0.2842676944958037,0.187
soleichthys_heterorhinos,3.199086364920797e-4,6.610293170570892e-4,0.9464406452881852,0.15384615384615385,0.15384615384615385,0.48395529250702063,0.877
enchelycore_schismatorhynchus,3.192751292526295e-4,0.0011722670758636622,0.9467819800791747,0,0.23076923076923078,0.2723569874359945,0.581
myripristis_botche,3.192751292526295e-4,0.0011722670758636622,0.9471233148701643,0,0.23076923076923078,0.2723569874359945,0.49
ceratobregma_helenae,3.1859307510949647e-4,0.001120649233849924,0.9474639204818753,0.23076923076923078,0,0.28429330560017324,0.367
acreichthys_radiatus,3.1765480876914584e-4,8.22084970573799e-4,0.9478035229996532,0.23076923076923078,0,0.38640143067866706,0.062
synchiropus_splendidus,3.1743735794852217e-4,7.226163560109135e-4,0.9481428930422909,0.07692307692307693,0.23076923076923078,0.439288919089631,0.177
pseudanthias,3.1434737547202216e-4,8.237960382384572e-4,0.9484789596064359,0,0.23076923076923078,0.3815839854537279,0.259
cheilinus_trilobatus,3.1345256877701966e-4,8.206690298703693e-4,0.9488140695390482,0,0.23076923076923078,0.38194760295332675,0.288
scorpaenidae,3.0951353941414446e-4,8.018725531952744e-4,0.9491449682831242,0,0.3076923076923077,0.3859884443990575,0.252
priolepis_semidoliata,3.072396571265321e-4,5.819036838442933e-4,0.9494734360356688,0.23076923076923078,0,0.5279905689834811,0.004
halichoeres,3.0692328647721496e-4,8.084793408377199e-4,0.9498015655585814,0.15384615384615385,0.07692307692307693,0.37963033929746565,0.635
trimma_preclarum,3.0691120413150965e-4,8.447754153520509e-4,0.9501296821643433,0,0.23076923076923078,0.36330508506051606,0.266
canthigaster_papua,2.9999248836306425e-4,6.114124517012024e-4,0.9504504020198283,0.15384615384615385,0.07692307692307693,0.49065485586425506,0.789
trimma_trioculatum,2.9818339426336137e-4,5.986474742761319e-4,0.9507691877855586,0.15384615384615385,0.15384615384615385,0.498095134576349,0.1
naso,2.981454008745696e-4,0.0010405177939970486,0.9510879329328247,0.38461538461538464,0,0.28653561005359923,0.001
neoniphon_sammara,2.981454008745696e-4,0.0010405177939970486,0.9514066780800907,0.38461538461538464,0,0.28653561005359923,0.001
salarias_fasciatus,2.981454008745696e-4,0.0010405177939970486,0.9517254232273568,0.38461538461538464,0,0.28653561005359923,0.591
halichoeres_podostigma,2.9160471989886545e-4,6.033433113538947e-4,0.952037175778679,0.15384615384615385,0.07692307692307693,0.4833147470293624,0.099
cheilodipterus_isostigma,2.897059032316233e-4,8.314019011296743e-4,0.9523468983184818,0,0.23076923076923078,0.34845470384176774,0.931
choeroichthys_cinctus,2.8886384195823104e-4,5.981801416923008e-4,0.9526557206165107,0.07692307692307693,0.15384615384615385,0.48290443266974975,0.102
siganus_virgatus,2.8737538373851626e-4,7.020349901896777e-4,0.9529629516143451,0.23076923076923078,0,0.4093462402221183,0.23
foa,2.8517150503602594e-4,7.434703946547645e-4,0.9532678264609874,0.15384615384615385,0.07692307692307693,0.38356807088256323,0.021
brotula_multibarbata,2.8190109142019047e-4,8.011223852988593e-4,0.9535692049314775,0,0.23076923076923078,0.3518826793424666,0.493
pleurosicya_micheli,2.784656855849937e-4,9.702475799593495e-4,0.9538669106337957,0.46153846153846156,0,0.2870047721187417,0.52
priolepis_fallacincta,2.774490281759694e-4,5.822778715027792e-4,0.9541635294348416,0.07692307692307693,0.15384615384615385,0.4764890471621592,0.257
grammistes_sexlineatus,2.773891686473114e-4,5.489945081858468e-4,0.9544600842404873,0,0.23076923076923078,0.505267656618177,0.684
nectamia,2.7252730102180313e-4,6.78227150567418e-4,0.9547514412577125,0.23076923076923078,0,0.4018230482129792,0.001
apterichtus,2.716579996548433e-4,6.862559172450402e-4,0.9550418689109715,0,0.23076923076923078,0.39585523829857605,0.265
cephalopholis_boenak,2.652735040806239e-4,6.659451947055547e-4,0.955325470944999,0.15384615384615385,0,0.3983413442872181,0.732
nannosalarias_nativitatis,2.630565304948015e-4,9.220902824409326e-4,0.9556067028281872,0.23076923076923078,0,0.2852828356442987,0.863
paracheilinus,2.630565304948015e-4,9.220902824409326e-4,0.9558879347113755,0.23076923076923078,0,0.2852828356442987,0.936
paragobiodon_lacunicola,2.6068503066322064e-4,5.568691449141418e-4,0.956166631240804,0.07692307692307693,0.15384615384615385,0.4681261891488226,0.097
labrichthys_unilineatus,2.60679188848862e-4,6.642098140670838e-4,0.9564453215247899,0.07692307692307693,0.15384615384615385,0.3924651267235475,0.863
wetmorella_albofasciata,2.59710186037716e-4,7.544882174353301e-4,0.9567229758546982,0.23076923076923078,0,0.3442203337787401,0.001
epinephelus_bontoides,2.5964088697847727e-4,6.597790098458727e-4,0.9570005560974707,0.23076923076923078,0,0.39352704936631816,0.001
entomacrodus_caudofasciatus,2.56225243462153e-4,6.429214394721799e-4,0.9572744846998272,0.23076923076923078,0,0.3985327409092262,0.89
uropterygius,2.5602819030455407e-4,6.335929727096088e-4,0.9575482026340416,0,0.23076923076923078,0.40408937809021134,0.265
ctenochaetus_tominiensis,2.548792490740556e-4,6.819734238296623e-4,0.9578206922432821,0.15384615384615385,0.15384615384615385,0.3737378029231198,0.229
amphiprion_sandaracinos,2.539416415587848e-4,6.967970744460119e-4,0.9580921794629348,0.23076923076923078,0,0.3644413142243471,0.001
oxymonacanthus_longirostris,2.5345316130895155e-4,6.603648729323789e-4,0.9583631444517943,0.23076923076923078,0.07692307692307693,0.3838077579497555,0.023
aporops_bilinearis,2.5280959994582875e-4,8.856463151119288e-4,0.958633421413735,0.23076923076923078,0,0.2854520993675432,0.001
gobiopsis_bravoi,2.5280959994582875e-4,8.856463151119288e-4,0.9589036983756759,0.23076923076923078,0,0.2854520993675432,0.001
scorpaenodes_parvipinnis,2.5027445654798565e-4,5.152260832526021e-4,0.9591712650336732,0.07692307692307693,0.15384615384615385,0.48575657305238273,0.726
brosmophyciops_pautzkei,2.4981204966302426e-4,9.34620932840085e-4,0.9594383373357283,0,0.15384615384615385,0.26728702609292776,0.502
fusigobius_melacron,2.4981204966302426e-4,9.34620932840085e-4,0.9597054096377832,0,0.15384615384615385,0.26728702609292776,0.502
pomacentrus_nigromanus,2.4981204966302426e-4,9.34620932840085e-4,0.9599724819398383,0,0.15384615384615385,0.26728702609292776,0.502
centropyge_bicolor,2.478494348559502e-4,8.920099913792678e-4,0.960237456024232,0,0.23076923076923078,0.27785499854403395,0.627
sargocentron_caudimaculatum,2.4543053449566234e-4,5.874828201843131e-4,0.9604998440792949,0.3076923076923077,0,0.4177663176919157,0.484
bathygobius_laddi,2.4489520611845837e-4,6.349506721119807e-4,0.9607616598185618,0.15384615384615385,0.07692307692307693,0.3856917031111802,0.028
samariscus_triocellatus_2,2.440333426500711e-4,6.996590220826416e-4,0.9610225541456675,0.23076923076923078,0,0.348788959976059,0.001
gymnothorax_javanicus,2.4290882473981535e-4,6.254845995837819e-4,0.9612822462585989,0,0.15384615384615385,0.38835300645524273,0.218
eviota_nigriventris,2.389901936037275e-4,5.277504092406291e-4,0.9615377489905945,0.15384615384615385,0.07692307692307693,0.45284700763682273,0.062
dischistodus_melanotus,2.3851632069965567e-4,8.324142351976389e-4,0.9617927451084073,0.3076923076923077,0,0.2865356100535992,0.671
pleurosicya_labiata,2.3804404031878293e-4,5.72819624697426e-4,0.9620472363145928,0.3076923076923077,0,0.4155654416423359,0.001
chrysiptera_springeri,2.3585235960202493e-4,8.758481743122192e-4,0.9622993844103672,0,0.15384615384615385,0.26928452501169353,0.494
sueviota_atrinasa,2.3585235960202493e-4,8.758481743122192e-4,0.9625515325061414,0,0.15384615384615385,0.26928452501169353,0.494
gymnothorax_melatremus,2.3523347382143836e-4,5.966347145322811e-4,0.9628030189554886,0,0.15384615384615385,0.3942671589363428,0.706
coris_gaimard,2.343606006418586e-4,4.8274966349592377e-4,0.9630535722222698,0.07692307692307693,0.15384615384615385,0.48547025169254726,0.035
coris_variegata,2.3246312900609563e-4,5.578817370641204e-4,0.9633020969154955,0.15384615384615385,0,0.41668890297331485,0.958
cercamia_eremia,2.320112014891526e-4,5.56893986285216e-4,0.9635501384561972,0.15384615384615385,0,0.41661646058847357,0.308
centropyge_tibicen,2.3184945791736766e-4,5.861251785890927e-4,0.9637980070779859,0,0.15384615384615385,0.3955630407747888,0.607
gymnothorax_microstictus,2.282536287909387e-4,5.752570913478883e-4,0.9640420314241928,0,0.15384615384615385,0.39678542381131937,0.242
sebastapistes,2.2296979047792254e-4,5.378314767329969e-4,0.9642804068560903,0.15384615384615385,0,0.4145718503355922,0.001
cephalopholis_urodeta,2.2071848878885836e-4,5.548714930559286e-4,0.9645163754372155,0,0.23076923076923078,0.3977830750923275,0.76
abudefduf,2.204985280772104e-4,7.762356435976047e-4,0.9647521088598936,0.15384615384615385,0,0.2840613284070157,0.35
cirrhilabrus_cyanopleura,2.204985280772104e-4,7.762356435976047e-4,0.9649878422825718,0.15384615384615385,0,0.2840613284070157,0.625
halichoeres_biocellatus,2.204985280772104e-4,7.762356435976047e-4,0.96522357570525,0.15384615384615385,0,0.2840613284070157,0.944
scorpaenopsis_brevifrons,2.204985280772104e-4,7.762356435976047e-4,0.9654593091279282,0.15384615384615385,0,0.2840613284070157,0.001
chaetodon_rafflesii,2.1730835635696421e-4,7.647574838314704e-4,0.965691631960499,0.15384615384615385,0,0.28415329166605774,0.343
salarias_segmentatus,2.1730835635696421e-4,7.647574838314704e-4,0.9659239547930699,0.15384615384615385,0,0.28415329166605774,0.387
xenisthmus,2.1730835635696421e-4,7.647574838314704e-4,0.9661562776256407,0.15384615384615385,0,0.28415329166605774,0.393
liopropoma_collettei,2.1689888325871374e-4,5.17430487315242e-4,0.9663881626934074,0.15384615384615385,0,0.4191845833903659,0.001
pseudamia_hayashii,2.154156086228711e-4,5.547297467037279e-4,0.9666184620027126,0.07692307692307693,0.07692307692307693,0.388325324003079,0.655
chromis_xanthura,2.1329923844021708e-4,7.503463902872922e-4,0.9668464987155678,0.15384615384615385,0,0.2842676944958037,0.358
paracirrhites_forsteri,2.1329923844021708e-4,7.503463902872922e-4,0.9670745354284231,0.15384615384615385,0,0.2842676944958037,0.001
pervagor_melanocephalus,2.1329923844021708e-4,7.503463902872922e-4,0.9673025721412785,0.15384615384615385,0,0.2842676944958037,0.001
scorpaenodes_minor,2.1329923844021708e-4,7.503463902872922e-4,0.9675306088541338,0.15384615384615385,0,0.2842676944958037,0.001
cephalopholis_argus,2.1285008616841967e-4,7.815113839091082e-4,0.9677581653814602,0,0.15384615384615385,0.2723569874359945,0.628
cheilodipterus_heptozona,2.1285008616841967e-4,7.815113839091082e-4,0.9679857219087865,0,0.15384615384615385,0.2723569874359945,0.49
chrysiptera_cyanea,2.1285008616841967e-4,7.815113839091082e-4,0.9682132784361129,0,0.15384615384615385,0.2723569874359945,0.798
gymnapogon_philippinus,2.1285008616841967e-4,7.815113839091082e-4,0.9684408349634394,0,0.15384615384615385,0.2723569874359945,0.772
pteragogus_flagellifer,2.1285008616841967e-4,7.815113839091082e-4,0.9686683914907658,0,0.15384615384615385,0.2723569874359945,0.49
valenciennea,2.1285008616841967e-4,7.815113839091082e-4,0.968895948018092,0,0.15384615384615385,0.2723569874359945,0.588
diademichthys_lineatus,2.1284731092327403e-4,5.074520850619734e-4,0.9691235015784234,0.15384615384615385,0,0.4194431694911248,0.217
pleurosicya_plicata,2.12395383406331e-4,7.470994892332828e-4,0.9693505719862308,0.15384615384615385,0,0.28429330560017324,0.001
zebrasoma_scopas,2.12395383406331e-4,7.470994892332828e-4,0.9695776423940382,0.15384615384615385,0,0.28429330560017324,0.318
scarus_rubroviolaceus,2.1198685181319016e-4,5.297398068404143e-4,0.969804276043598,0,0.15384615384615385,0.40017164856378595,0.507
scorpaenopsis_ramaraoi,2.0715301575531243e-4,7.385548418508803e-4,0.9700257418730887,0,0.23076923076923078,0.28048427011346866,0.772
pomacentrus_vaiuli,2.0413848721275815e-4,5.22884117585124e-4,0.9702439848913558,0,0.15384615384615385,0.3904086591031808,0.904
cosmocampus_banneri,1.9992473459817998e-4,5.146215145349646e-4,0.9704577230163937,0.07692307692307693,0.07692307692307693,0.38848887765378615,0.51
synodus_binotatus,1.9992473459817998e-4,5.146215145349646e-4,0.9706714611414317,0.07692307692307693,0.07692307692307693,0.38848887765378615,0.731
ctenochaetus,1.9826910829873282e-4,5.085356038230552e-4,0.9708834292480589,0.07692307692307693,0.07692307692307693,0.38988245229673335,0.12
canthigaster_axiologus,1.9762239505257214e-4,6.941369939740487e-4,0.9710947059581115,0.15384615384615385,0,0.284702294746101,0.001
scarus,1.9480330522549604e-4,4.983102550141415e-4,0.9713029687990941,0.07692307692307693,0.07692307692307693,0.39092774685114146,0.087
aseraggodes_matsuurai,1.9431256138387087e-4,6.822978580014738e-4,0.9715107069892934,0.15384615384615385,0,0.28479139880789595,0.001
callogobius_sclateri,1.9431256138387087e-4,6.822978580014738e-4,0.9717184451794928,0.15384615384615385,0,0.28479139880789595,0.983
paragobiodon_modestus,1.9431256138387087e-4,6.822978580014738e-4,0.9719261833696922,0.15384615384615385,0,0.28479139880789595,0.001
eviota_jewettae,1.9335955381404268e-4,4.990666451449397e-4,0.9721329027062138,0.07692307692307693,0.07692307692307693,0.38744235002498895,0.229
scorpaenopsis_vittapinna,1.9294392727524297e-4,4.851700132891258e-4,0.9723391776993313,0,0.15384615384615385,0.397683125482577,0.615
trimma_yanoi,1.856437903899958e-4,6.468317199728996e-4,0.9725376481675436,0.3076923076923077,0,0.2870047721187417,0.001
arothron_reticularis,1.8149957064482103e-4,6.501046453058109e-4,0.9727316880796274,0.07692307692307693,0,0.27918516188950343,0.001
bathygobius_cyclopterus,1.8149957064482103e-4,6.501046453058109e-4,0.9729257279917113,0.07692307692307693,0,0.27918516188950343,0.582
cryptocentrus_caeruleomaculatus,1.8149957064482103e-4,6.501046453058109e-4,0.9731197679037952,0.07692307692307693,0,0.27918516188950343,0.641
foa_fo,1.8149957064482103e-4,6.501046453058109e-4,0.9733138078158791,0.07692307692307693,0,0.27918516188950343,0.001
lethrinus_harak,1.8149957064482103e-4,6.501046453058109e-4,0.973507847727963,0.07692307692307693,0,0.27918516188950343,0.001
lutjanus_johnii,1.8149957064482103e-4,6.501046453058109e-4,0.9737018876400468,0.07692307692307693,0,0.27918516188950343,0.001
parioglossus_raoi,1.8149957064482103e-4,6.501046453058109e-4,0.9738959275521306,0.07692307692307693,0,0.27918516188950343,0.001
plectorhinchus_lineatus,1.8149957064482103e-4,6.501046453058109e-4,0.9740899674642145,0.07692307692307693,0,0.27918516188950343,0.001
yongeichthys_nebulosus,1.8149957064482103e-4,6.501046453058109e-4,0.9742840073762984,0.07692307692307693,0,0.27918516188950343,0.001
liopropoma_susumi,1.805313107837317e-4,4.5968145638320226e-4,0.9744770121285874,0.07692307692307693,0.07692307692307693,0.39273133226682994,0.062
belonepterygion,1.7888724052474175e-4,6.243106763982292e-4,0.974668259216947,0.23076923076923078,0,0.2865356100535992,0.001
fusigobius_neophytus,1.7888724052474175e-4,6.243106763982292e-4,0.9748595063053066,0.23076923076923078,0,0.2865356100535992,0.001
helcogramma_inclinata,1.7888724052474175e-4,6.243106763982292e-4,0.9750507533936662,0.23076923076923078,0,0.2865356100535992,0.001
enneapterygius_tutuilae,1.7537102032986768e-4,6.147268549606217e-4,0.9752382413157917,0.15384615384615385,0,0.2852828356442987,0.982
gymnapogon,1.7537102032986768e-4,6.147268549606217e-4,0.9754257292379173,0.15384615384615385,0,0.2852828356442987,0.001
petroscirtes_variabilis,1.7537102032986768e-4,6.147268549606217e-4,0.9756132171600427,0.15384615384615385,0,0.2852828356442987,0.001
plectroglyphidodon_fasciolatus,1.7537102032986768e-4,6.147268549606217e-4,0.9758007050821683,0.15384615384615385,0,0.2852828356442987,0.366
dinemitichthys,1.753170956455868e-4,6.334028038412469e-4,0.9759881353537937,0,0.15384615384615385,0.2767861060645502,0.489
fusigobius_humeralis,1.753170956455868e-4,6.334028038412469e-4,0.9761755656254192,0,0.15384615384615385,0.2767861060645502,0.827
gymnothorax_margaritophorus,1.753170956455868e-4,6.334028038412469e-4,0.9763629958970447,0,0.15384615384615385,0.2767861060645502,0.583
trimma_agrena,1.753170956455868e-4,6.334028038412469e-4,0.9765504261686703,0,0.15384615384615385,0.2767861060645502,0.806
pomacentridae,1.7391898372674642e-4,4.481859023489373e-4,0.9767363617286947,0.07692307692307693,0.07692307692307693,0.38805099137487137,0.135
scarus_hypselopterus,1.7141152891060284e-4,4.319537494543739e-4,0.9769196165864434,0,0.15384615384615385,0.3968284315788966,0.377
salarias_ceramensis,1.7127269216860974e-4,4.7867868931084805e-4,0.9771027230148096,0.07692307692307693,0.07692307692307693,0.357803044073657,0.21
apogonichthys_perdix,1.6853973329721916e-4,5.904308767412859e-4,0.9772829076561035,0.15384615384615385,0,0.2854520993675432,0.294
callogobius,1.6853973329721916e-4,5.904308767412859e-4,0.9774630922973974,0.15384615384615385,0,0.2854520993675432,0.938
choeroichthys_brachysoma,1.6853973329721916e-4,5.904308767412859e-4,0.9776432769386914,0.15384615384615385,0,0.2854520993675432,0.001
entomacrodus_thalassinus,1.6853973329721916e-4,5.904308767412859e-4,0.9778234615799852,0.15384615384615385,0,0.2854520993675432,0.939
stegastes,1.6828325835339602e-4,4.201018515889472e-4,0.9780033720257238,0.15384615384615385,0,0.4005772831443134,0.001
amblygobius,1.6811722338868842e-4,5.999684550266367e-4,0.9781831049646516,0.07692307692307693,0,0.28021010434827703,0.641
chaetodon,1.6811722338868842e-4,5.999684550266367e-4,0.9783628379035794,0.07692307692307693,0,0.28021010434827703,0.145
chaetodon_ornatissimus,1.6811722338868842e-4,5.999684550266367e-4,0.9785425708425072,0.07692307692307693,0,0.28021010434827703,0.001
platax_pinnatus,1.6811722338868842e-4,5.999684550266367e-4,0.9787223037814349,0.07692307692307693,0,0.28021010434827703,0.001
rudarius_minutus,1.6811722338868842e-4,5.999684550266367e-4,0.9789020367203627,0.07692307692307693,0,0.28021010434827703,0.296
cirrhitichthys_oxycephalus,1.6523295657063346e-4,5.946733275861786e-4,0.9790786861099586,0,0.15384615384615385,0.27785499854403395,0.469
siphamia_majimai,1.6523295657063346e-4,5.946733275861786e-4,0.9792553354995546,0,0.15384615384615385,0.27785499854403395,0.926
acanthurus_pyroferus,1.6476317574117027e-4,4.244090139439714e-4,0.9794314826497758,0.07692307692307693,0.07692307692307693,0.3882178990734668,0.029
halicampus_nitidus,1.5670955307456422e-4,3.856538941757602e-4,0.9795990197287521,0,0.15384615384615385,0.4063476486072885,0.584
atrosalarias_hosokawai,1.5260863930066445e-4,3.946805289014849e-4,0.9797621725497089,0.15384615384615385,0,0.38666371438545594,0.001
gobiodon_prolixus,1.5166748353708754e-4,3.708621097548494e-4,0.9799243191876704,0,0.15384615384615385,0.4089592318755457,0.684
cheilodipterus_singapurensis,1.3923284279249685e-4,4.8512378997967473e-4,0.9800731720388295,0.23076923076923078,0,0.2870047721187417,0.385
chromis_scotochiloptera,1.381020105035416e-4,4.923698945672535e-4,0.9802208159251568,0,0.15384615384615385,0.28048427011346866,0.427
enneapterygius_fasciatus,1.381020105035416e-4,4.923698945672535e-4,0.9803684598114838,0,0.15384615384615385,0.28048427011346866,0.831
amblygobius_phalaena,1.3648378165560552e-4,5.174596393483547e-4,0.9805143736607521,0,0.07692307692307693,0.26375734700291165,0.976
parupeneus_barberinus,1.3648378165560552e-4,5.174596393483547e-4,0.9806602875100204,0,0.07692307692307693,0.26375734700291165,0.574
platax_boersii,1.3648378165560552e-4,5.174596393483547e-4,0.9808062013592886,0,0.07692307692307693,0.26375734700291165,0.487
pomacentrus_burroughi,1.3648378165560552e-4,5.174596393483547e-4,0.9809521152085571,0,0.07692307692307693,0.26375734700291165,0.948
pristiapogon_taeniopterus,1.3648378165560552e-4,5.174596393483547e-4,0.9810980290578253,0,0.07692307692307693,0.26375734700291165,0.487
salarias_alboguttatus,1.3648378165560552e-4,5.174596393483547e-4,0.9812439429070936,0,0.07692307692307693,0.26375734700291165,0.487
parapercis_tetracantha,1.341950009591237e-4,3.4428828898880803e-4,0.9813874098370466,0.07692307692307693,0.07692307692307693,0.389775096194126,0.691
chaetodon_octofasciatus,1.258135097859871e-4,4.4437908329706213e-4,0.9815219161738445,0.07692307692307693,0,0.28312203367565403,0.396
cirrhilabrus_exquisitus,1.258135097859871e-4,4.4437908329706213e-4,0.9816564225106424,0.07692307692307693,0,0.28312203367565403,0.686
diproctacanthus_xanthurus,1.258135097859871e-4,4.4437908329706213e-4,0.9817909288474405,0.07692307692307693,0,0.28312203367565403,0.99
macropharyngodon_negrosensis,1.258135097859871e-4,4.4437908329706213e-4,0.9819254351842385,0.07692307692307693,0,0.28312203367565403,0.265
parapercis_hexophtalma,1.258135097859871e-4,4.4437908329706213e-4,0.9820599415210363,0.07692307692307693,0,0.28312203367565403,0.724
callogobius_flavobrunneus,1.2490602483151213e-4,4.673104664200425e-4,0.9821934776720638,0,0.07692307692307693,0.26728702609292776,0.502
gymnapogon_vanderbilti,1.2490602483151213e-4,4.673104664200425e-4,0.9823270138230914,0,0.07692307692307693,0.26728702609292776,0.575
hologymnosus_doliatus,1.2490602483151213e-4,4.673104664200425e-4,0.9824605499741189,0,0.07692307692307693,0.26728702609292776,0.502
muraenichthys_schultzei,1.2490602483151213e-4,4.673104664200425e-4,0.9825940861251463,0,0.07692307692307693,0.26728702609292776,0.502
trimma_caudomaculatum,1.2490602483151213e-4,4.673104664200425e-4,0.9827276222761738,0,0.07692307692307693,0.26728702609292776,0.502
uropterygius_kamar,1.2490602483151213e-4,4.673104664200425e-4,0.9828611584272013,0,0.07692307692307693,0.26728702609292776,0.502
dischistodus_pseudochrysopoecilus,1.2152200892744142e-4,4.529874944098848e-4,0.9829910767506704,0,0.07692307692307693,0.2682679112052539,0.867
halichoeres_scapularis,1.2152200892744142e-4,4.529874944098848e-4,0.9831209950741395,0,0.07692307692307693,0.2682679112052539,0.817
ostorhinchus_hartzfeldii,1.2152200892744142e-4,4.529874944098848e-4,0.9832509133976085,0,0.07692307692307693,0.2682679112052539,0.471
paragobiodon_xanthosoma,1.2152200892744142e-4,4.529874944098848e-4,0.9833808317210777,0,0.07692307692307693,0.2682679112052539,0.936
scarus_schlegeli,1.2152200892744142e-4,4.529874944098848e-4,0.9835107500445468,0,0.07692307692307693,0.2682679112052539,0.553
plectorhinchus_chaetodonoides,0.00012147721292112951,3.0501264192455806e-4,0.9836406204769211,0.07692307692307693,0.07692307692307693,0.398269436160537,0.461
dascyllus_melanurus,1.1925816034982783e-4,4.1620711759881944e-4,0.9837681185358276,0.15384615384615385,0,0.2865356100535992,0.001
paragobiodon_echinocephalus,1.1925816034982783e-4,4.1620711759881944e-4,0.983895616594734,0.15384615384615385,0,0.2865356100535992,0.001
pseudochromis_fuscus,1.1925816034982783e-4,4.1620711759881944e-4,0.9840231146536405,0.15384615384615385,0,0.2865356100535992,1
sargocentron_violaceum,1.1925816034982783e-4,4.1620711759881944e-4,0.9841506127125469,0.15384615384615385,0,0.2865356100535992,0.36
calloplesiops_altivelis,1.1792617980101247e-4,4.379240871561096e-4,0.984276686760434,0,0.07692307692307693,0.26928452501169353,0.492
dendrochirus_zebra,1.1792617980101247e-4,4.379240871561096e-4,0.9844027608083212,0,0.07692307692307693,0.26928452501169353,0.492
exyrias_akihito,1.1792617980101247e-4,4.379240871561096e-4,0.9845288348562085,0,0.07692307692307693,0.26928452501169353,0.492
microgobius,1.1792617980101247e-4,4.379240871561096e-4,0.9846549089040956,0,0.07692307692307693,0.26928452501169353,0.859
opistognathus,1.1792617980101247e-4,4.379240871561096e-4,0.9847809829519827,0,0.07692307692307693,0.26928452501169353,0.492
priolepis_aithiops,1.1792617980101247e-4,4.379240871561096e-4,0.9849070569998698,0,0.07692307692307693,0.26928452501169353,0.492
apogon_semiornatus,1.1032744898992624e-4,4.065945044488222e-4,0.9850250072981895,0,0.07692307692307693,0.27134515538886994,0.481
callogobius_clitellus,1.1032744898992624e-4,4.065945044488222e-4,0.9851429575965092,0,0.07692307692307693,0.27134515538886994,0.503
chlorurus_spilurus,1.1032744898992624e-4,4.065945044488222e-4,0.9852609078948288,0,0.07692307692307693,0.27134515538886994,0.939
cirrhilabrus_rubrimarginatus,1.1032744898992624e-4,4.065945044488222e-4,0.9853788581931484,0,0.07692307692307693,0.27134515538886994,0.481
muraenichthys_thompsoni,1.1032744898992624e-4,4.065945044488222e-4,0.985496808491468,0,0.07692307692307693,0.27134515538886994,0.503
myripristis_berndti,1.1032744898992624e-4,4.065945044488222e-4,0.9856147587897877,0,0.07692307692307693,0.27134515538886994,0.503
myripristis_hexagona,1.1032744898992624e-4,4.065945044488222e-4,0.9857327090881073,0,0.07692307692307693,0.27134515538886994,0.481
ostorhinchus_wassinki,1.1032744898992624e-4,4.065945044488222e-4,0.9858506593864269,0,0.07692307692307693,0.27134515538886994,0.481
parapercis_multiplicata,1.1032744898992624e-4,4.065945044488222e-4,0.9859686096847466,0,0.07692307692307693,0.27134515538886994,0.481
pleurosicya_annandalei,1.1032744898992624e-4,4.065945044488222e-4,0.9860865599830663,0,0.07692307692307693,0.27134515538886994,0.503
priacanthus_sagittarius,1.1032744898992624e-4,4.065945044488222e-4,0.9862045102813859,0,0.07692307692307693,0.27134515538886994,0.481
pristicon_rufus,1.1032744898992624e-4,4.065945044488222e-4,0.9863224605797055,0,0.07692307692307693,0.27134515538886994,0.503
pteragogus_cryptus,1.1032744898992624e-4,4.065945044488222e-4,0.9864404108780251,0,0.07692307692307693,0.27134515538886994,0.988
samariscus_triocellatus,1.1032744898992624e-4,4.065945044488222e-4,0.9865583611763449,0,0.07692307692307693,0.27134515538886994,0.777
sargocentron_melanospilos,1.1032744898992624e-4,4.065945044488222e-4,0.9866763114746644,0,0.07692307692307693,0.27134515538886994,0.481
trimma_haimassum,1.1032744898992624e-4,4.065945044488222e-4,0.9867942617729841,0,0.07692307692307693,0.27134515538886994,0.481
doryrhamphus_janssi,1.102492640386052e-4,3.8811782179880235e-4,0.9869121284843232,0.07692307692307693,0,0.2840613284070157,0.001
paraluteres_prionurus,1.102492640386052e-4,3.8811782179880235e-4,0.9870299951956623,0.07692307692307693,0,0.2840613284070157,0.381
parapercis,1.102492640386052e-4,3.8811782179880235e-4,0.9871478619070014,0.07692307692307693,0,0.2840613284070157,0.001
parapercis_millepunctata,1.102492640386052e-4,3.8811782179880235e-4,0.9872657286183405,0.07692307692307693,0,0.2840613284070157,0.945
parioglossus_rainfordi,1.102492640386052e-4,3.8811782179880235e-4,0.9873835953296795,0.07692307692307693,0,0.2840613284070157,0.001
scorpaenopsis_venosa,1.102492640386052e-4,3.8811782179880235e-4,0.9875014620410185,0.07692307692307693,0,0.2840613284070157,0.35
taeniamia_dispilus,1.102492640386052e-4,3.8811782179880235e-4,0.9876193287523577,0.07692307692307693,0,0.2840613284070157,0.001
eviota_sp_nov_1,1.0962632815435812e-4,4.0373669183600556e-4,0.9877365294873324,0,0.07692307692307693,0.2715292673941248,0.501
eviota_occasa,1.0962632815435812e-4,4.0373669183600556e-4,0.9878537302223068,0,0.07692307692307693,0.2715292673941248,0.501
scarus_niger,1.0962632815435812e-4,4.0373669183600556e-4,0.9879709309572815,0,0.07692307692307693,0.2715292673941248,0.822
trimma_habrum,1.0962632815435812e-4,4.0373669183600556e-4,0.9880881316922561,0,0.07692307692307693,0.2715292673941248,0.501
cabillus_tongarevae,1.0865417817848211e-4,3.823787419157352e-4,0.9882042931085415,0.07692307692307693,0,0.28415329166605774,0.001
caracanthus,1.0865417817848211e-4,3.823787419157352e-4,0.988320454524827,0.07692307692307693,0,0.28415329166605774,0.001
chaetodon_citrinellus,1.0865417817848211e-4,3.823787419157352e-4,0.9884366159411124,0.07692307692307693,0,0.28415329166605774,0.001
dinematichthys,1.0865417817848211e-4,3.823787419157352e-4,0.9885527773573978,0.07692307692307693,0,0.28415329166605774,0.001
lepadicyathus_minor,1.0865417817848211e-4,3.823787419157352e-4,0.9886689387736832,0.07692307692307693,0,0.28415329166605774,0.001
norfolkia,1.0865417817848211e-4,3.823787419157352e-4,0.9887851001899687,0.07692307692307693,0,0.28415329166605774,0.001
salarias_patzneri,1.0865417817848211e-4,3.823787419157352e-4,0.988901261606254,0.07692307692307693,0,0.28415329166605774,0.001
chaetodontidae,1.0664961922010854e-4,3.751731951436461e-4,0.9890152799626817,0.07692307692307693,0,0.2842676944958037,0.666
coris_dorsomacula,1.0664961922010854e-4,3.751731951436461e-4,0.9891292983191093,0.07692307692307693,0,0.2842676944958037,0.001
ctenochaetus_strigosus,1.0664961922010854e-4,3.751731951436461e-4,0.9892433166755371,0.07692307692307693,0,0.2842676944958037,0.001
gnathodentex_aureolineatus,1.0664961922010854e-4,3.751731951436461e-4,0.9893573350319647,0.07692307692307693,0,0.2842676944958037,0.001
koumansetta_rainfordi,1.0664961922010854e-4,3.751731951436461e-4,0.9894713533883923,0.07692307692307693,0,0.2842676944958037,0.001
ostracion_cubicum,1.0664961922010854e-4,3.751731951436461e-4,0.98958537174482,0.07692307692307693,0,0.2842676944958037,0.356
parioglossus_nudus,1.0664961922010854e-4,3.751731951436461e-4,0.9896993901012476,0.07692307692307693,0,0.2842676944958037,0.001
pseudoplesiops_annae,1.0664961922010854e-4,3.751731951436461e-4,0.9898134084576754,0.07692307692307693,0,0.2842676944958037,0.001
acanthurus_lineatus,1.0642504308420984e-4,3.907556919545541e-4,0.9899271867213385,0,0.07692307692307693,0.2723569874359945,0.84
bythitidae,1.0642504308420984e-4,3.907556919545541e-4,0.9900409649850016,0,0.07692307692307693,0.2723569874359945,0.49
caesio_caerulaurea,1.0642504308420984e-4,3.907556919545541e-4,0.9901547432486648,0,0.07692307692307693,0.2723569874359945,0.594
chaetodon_vagabundus,1.0642504308420984e-4,3.907556919545541e-4,0.990268521512328,0,0.07692307692307693,0.2723569874359945,0.971
gymnothorax_thyrsoideus,1.0642504308420984e-4,3.907556919545541e-4,0.9903822997759912,0,0.07692307692307693,0.2723569874359945,0.49
hemigymnus_melapterus,1.0642504308420984e-4,3.907556919545541e-4,0.9904960780396544,0,0.07692307692307693,0.2723569874359945,0.592
lutjanus_rivulatus,1.0642504308420984e-4,3.907556919545541e-4,0.9906098563033177,0,0.07692307692307693,0.2723569874359945,0.49
ostorhinchus_ocellicaudus,1.0642504308420984e-4,3.907556919545541e-4,0.9907236345669809,0,0.07692307692307693,0.2723569874359945,0.49
uroconger,1.0642504308420984e-4,3.907556919545541e-4,0.990837412830644,0,0.07692307692307693,0.2723569874359945,0.49
amblyeleotris_guttata,1.061976917031655e-4,3.735497446166414e-4,0.9909509480345476,0.07692307692307693,0,0.28429330560017324,0.372
amphiprion_bicinctus,1.061976917031655e-4,3.735497446166414e-4,0.9910644832384513,0.07692307692307693,0,0.28429330560017324,0.001
antennarius,1.061976917031655e-4,3.735497446166414e-4,0.9911780184423551,0.07692307692307693,0,0.28429330560017324,0.001
ecsenius_bimaculatus,1.061976917031655e-4,3.735497446166414e-4,0.9912915536462588,0.07692307692307693,0,0.28429330560017324,0.372
gobiesocidae,1.061976917031655e-4,3.735497446166414e-4,0.9914050888501624,0.07692307692307693,0,0.28429330560017324,0.001
ostorhinchus_sealei,1.061976917031655e-4,3.735497446166414e-4,0.9915186240540661,0.07692307692307693,0,0.28429330560017324,0.994
valenciennea_puellaris,1.061976917031655e-4,3.735497446166414e-4,0.9916321592579698,0.07692307692307693,0,0.28429330560017324,0.355
acreichthys_tomentosus,1.0236052365883202e-4,3.7442936787157897e-4,0.991741592172555,0,0.07692307692307693,0.27337739088334395,0.466
aseraggodes,1.0236052365883202e-4,3.7442936787157897e-4,0.9918510250871402,0,0.07692307692307693,0.27337739088334395,0.466
discordipinna_griessingeri,1.0236052365883202e-4,3.7442936787157897e-4,0.9919604580017253,0,0.07692307692307693,0.27337739088334395,0.466
gymnothorax_pseudoherrei,1.0236052365883202e-4,3.7442936787157897e-4,0.9920698909163105,0,0.07692307692307693,0.27337739088334395,0.466
inimicus_didactylus,1.0236052365883202e-4,3.7442936787157897e-4,0.9921793238308957,0,0.07692307692307693,0.27337739088334395,0.466
saurida_nebulosa,1.0236052365883202e-4,3.7442936787157897e-4,0.9922887567454809,0,0.07692307692307693,0.27337739088334395,0.798
scolecenchelys_macroptera,1.0236052365883202e-4,3.7442936787157897e-4,0.992398189660066,0,0.07692307692307693,0.27337739088334395,0.466
scorpaenodes_corallinus,1.0236052365883202e-4,3.7442936787157897e-4,0.9925076225746512,0,0.07692307692307693,0.27337739088334395,0.466
scorpaenopsis,1.0236052365883202e-4,3.7442936787157897e-4,0.9926170554892363,0,0.07692307692307693,0.27337739088334395,0.466
abudefduf_sexfasciatus,1.0191312031133076e-4,3.72642520901375e-4,0.9927260100880552,0,0.07692307692307693,0.2734876311614033,0.94
acanthurus_grammoptilus,1.0191312031133076e-4,3.72642520901375e-4,0.992834964686874,0,0.07692307692307693,0.2734876311614033,0.492
ancistrogobius_squamiceps,1.0191312031133076e-4,3.72642520901375e-4,0.9929439192856929,0,0.07692307692307693,0.2734876311614033,0.492
fusigobius_gracilis,1.0191312031133076e-4,3.72642520901375e-4,0.9930528738845118,0,0.07692307692307693,0.2734876311614033,0.595
hemiglyphidodon_plagiometopon,1.0191312031133076e-4,3.72642520901375e-4,0.9931618284833306,0,0.07692307692307693,0.2734876311614033,0.838
naso_vlamingii,1.0191312031133076e-4,3.72642520901375e-4,0.9932707830821496,0,0.07692307692307693,0.2734876311614033,0.492
anampses_melanurus,9.881119752628607e-5,3.4706849698702436e-4,0.9933764214371759,0.07692307692307693,0,0.284702294746101,0.001
corythoichthys_ocellatus,9.881119752628607e-5,3.4706849698702436e-4,0.9934820597922022,0.07692307692307693,0,0.284702294746101,0.001
opistognathus_hyalinus,9.881119752628607e-5,3.4706849698702436e-4,0.9935876981472286,0.07692307692307693,0,0.284702294746101,0.001
acanthurus_nigricans,9.715628069193544e-5,3.411489290007369e-4,0.9936915672423281,0.07692307692307693,0,0.28479139880789595,0.001
amanses_scopas,9.715628069193544e-5,3.411489290007369e-4,0.9937954363374278,0.07692307692307693,0,0.28479139880789595,0.001
chaetodon_ephippium,9.715628069193544e-5,3.411489290007369e-4,0.9938993054325276,0.07692307692307693,0,0.28479139880789595,0.001
epinephelus_ongus,9.715628069193544e-5,3.411489290007369e-4,0.9940031745276272,0.07692307692307693,0,0.28479139880789595,0.001
gymnapogon_urospilotus,9.715628069193544e-5,3.411489290007369e-4,0.994107043622727,0.07692307692307693,0,0.28479139880789595,0.001
sargocentron_spiniferum,9.715628069193544e-5,3.411489290007369e-4,0.9942109127178266,0.07692307692307693,0,0.28479139880789595,0.407
neoglyphidodon_thoracotaeniatus,9.28218951949979e-5,3.234158599864498e-4,0.9943101479519326,0.15384615384615385,0,0.2870047721187417,0.001
pseudochromidae,9.28218951949979e-5,3.234158599864498e-4,0.9944093831860388,0.15384615384615385,0,0.2870047721187417,0.001
amblyeleotris_wheeleri,8.768551016493384e-5,3.0736342748031087e-4,0.9945031271471015,0.07692307692307693,0,0.2852828356442987,0.703
callionymus,8.768551016493384e-5,3.0736342748031087e-4,0.9945968711081643,0.07692307692307693,0,0.2852828356442987,0.001
doryrhamphus_excisus,8.768551016493384e-5,3.0736342748031087e-4,0.9946906150692271,0.07692307692307693,0,0.2852828356442987,0.631
halichoeres_margaritaceus,8.768551016493384e-5,3.0736342748031087e-4,0.9947843590302897,0.07692307692307693,0,0.2852828356442987,0.405
lutjanus_quinquelineatus,8.768551016493384e-5,3.0736342748031087e-4,0.9948781029913525,0.07692307692307693,0,0.2852828356442987,0.001
neoglyphidodon_melas,8.768551016493384e-5,3.0736342748031087e-4,0.9949718469524153,0.07692307692307693,0,0.2852828356442987,0.999
ostorhinchus_doederleini,8.768551016493384e-5,3.0736342748031087e-4,0.995065590913478,0.07692307692307693,0,0.2852828356442987,0.001
parupeneus_barberinoides,8.768551016493384e-5,3.0736342748031087e-4,0.9951593348745408,0.07692307692307693,0,0.2852828356442987,0.001
parupeneus_indicus,8.768551016493384e-5,3.0736342748031087e-4,0.9952530788356034,0.07692307692307693,0,0.2852828356442987,0.001
asterropteryx_senoui,8.76585478227934e-5,3.167014019206234e-4,0.9953467939714162,0,0.07692307692307693,0.2767861060645502,0.489
cheilodipterus_alleni,8.76585478227934e-5,3.167014019206234e-4,0.9954405091072289,0,0.07692307692307693,0.2767861060645502,0.489
dendrochirus_biocellatus,8.76585478227934e-5,3.167014019206234e-4,0.9955342242430417,0,0.07692307692307693,0.2767861060645502,0.489
enchelycore_bayeri,8.76585478227934e-5,3.167014019206234e-4,0.9956279393788545,0,0.07692307692307693,0.2767861060645502,0.775
eviota_rubrisparsa,8.76585478227934e-5,3.167014019206234e-4,0.9957216545146672,0,0.07692307692307693,0.2767861060645502,0.489
ferdauia_ferdau,8.76585478227934e-5,3.167014019206234e-4,0.99581536965048,0,0.07692307692307693,0.2767861060645502,0.489
lepadichthys_lineatus,8.76585478227934e-5,3.167014019206234e-4,0.9959090847862927,0,0.07692307692307693,0.2767861060645502,0.489
oxycheilinus_arenatus,8.76585478227934e-5,3.167014019206234e-4,0.9960027999221054,0,0.07692307692307693,0.2767861060645502,0.489
spratelloides_gracilis,8.76585478227934e-5,3.167014019206234e-4,0.9960965150579182,0,0.07692307692307693,0.2767861060645502,0.989
sueviota_lachneri,8.76585478227934e-5,3.167014019206234e-4,0.9961902301937309,0,0.07692307692307693,0.2767861060645502,0.489
uropterygius_concolor,8.76585478227934e-5,3.167014019206234e-4,0.9962839453295438,0,0.07692307692307693,0.2767861060645502,0.489
brachaelurus_waddi,8.426986664860958e-5,2.9521543837064294e-4,0.9963740376501906,0.07692307692307693,0,0.2854520993675432,0.001
brotulinella_taiwanensis,8.426986664860958e-5,2.9521543837064294e-4,0.9964641299708377,0.07692307692307693,0,0.2854520993675432,0.001
entomacrodus_decussatus,8.426986664860958e-5,2.9521543837064294e-4,0.9965542222914845,0.07692307692307693,0,0.2854520993675432,0.981
halichoeres_argus,8.426986664860958e-5,2.9521543837064294e-4,0.9966443146121314,0.07692307692307693,0,0.2854520993675432,0.393
halichoeres_timorensis,8.426986664860958e-5,2.9521543837064294e-4,0.9967344069327784,0.07692307692307693,0,0.2854520993675432,0.001
pseudamia,8.426986664860958e-5,2.9521543837064294e-4,0.9968244992534253,0.07692307692307693,0,0.2854520993675432,0.982
aseraggodes_winterbottomi,8.261647828531673e-5,2.973366637930893e-4,0.9969128239482232,0,0.07692307692307693,0.27785499854403395,0.469
canthigaster_janthinoptera,8.261647828531673e-5,2.973366637930893e-4,0.9970011486430213,0,0.07692307692307693,0.27785499854403395,0.624
caracanthus_unipinna,8.261647828531673e-5,2.973366637930893e-4,0.9970894733378192,0,0.07692307692307693,0.27785499854403395,0.469
epinephelus_fasciatus,8.261647828531673e-5,2.973366637930893e-4,0.9971777980326172,0,0.07692307692307693,0.27785499854403395,0.678
fowleria,8.261647828531673e-5,2.973366637930893e-4,0.9972661227274151,0,0.07692307692307693,0.27785499854403395,0.811
heniochus_chrysostomus,8.261647828531673e-5,2.973366637930893e-4,0.9973544474222129,0,0.07692307692307693,0.27785499854403395,0.469
moringua,8.261647828531673e-5,2.973366637930893e-4,0.9974427721170109,0,0.07692307692307693,0.27785499854403395,0.575
neamia_octospina,8.261647828531673e-5,2.973366637930893e-4,0.9975310968118088,0,0.07692307692307693,0.27785499854403395,0.469
sargocentron_iota,8.261647828531673e-5,2.973366637930893e-4,0.9976194215066069,0,0.07692307692307693,0.27785499854403395,0.469
scorpaenodes_kelloggi,8.261647828531673e-5,2.973366637930893e-4,0.9977077462014048,0,0.07692307692307693,0.27785499854403395,0.806
amblyeleotris,6.90510052517708e-5,2.4618494728362674e-4,0.9977815681445684,0,0.07692307692307693,0.28048427011346866,0.427
antennarius_pictus,6.90510052517708e-5,2.4618494728362674e-4,0.9978553900877318,0,0.07692307692307693,0.28048427011346866,0.427
asterropteryx_spinosa,6.90510052517708e-5,2.4618494728362674e-4,0.9979292120308955,0,0.07692307692307693,0.28048427011346866,0.427
brachysomophis_umbonis,6.90510052517708e-5,2.4618494728362674e-4,0.9980030339740591,0,0.07692307692307693,0.28048427011346866,0.427
calotomus_spinidens,6.90510052517708e-5,2.4618494728362674e-4,0.9980768559172226,0,0.07692307692307693,0.28048427011346866,0.427
cheilio_inermis,6.90510052517708e-5,2.4618494728362674e-4,0.9981506778603862,0,0.07692307692307693,0.28048427011346866,0.427
chlorurus,6.90510052517708e-5,2.4618494728362674e-4,0.9982244998035499,0,0.07692307692307693,0.28048427011346866,0.427
chlorurus_bleekeri,6.90510052517708e-5,2.4618494728362674e-4,0.9982983217467135,0,0.07692307692307693,0.28048427011346866,0.427
dinematichthys_trilobatus,6.90510052517708e-5,2.4618494728362674e-4,0.998372143689877,0,0.07692307692307693,0.28048427011346866,0.427
oplopomops_diacanthus,6.90510052517708e-5,2.4618494728362674e-4,0.9984459656330406,0,0.07692307692307693,0.28048427011346866,0.427
parenchelyurus_hepburni,6.90510052517708e-5,2.4618494728362674e-4,0.9985197875762042,0,0.07692307692307693,0.28048427011346866,0.427
phyllogobius_platycephalops,6.90510052517708e-5,2.4618494728362674e-4,0.9985936095193677,0,0.07692307692307693,0.28048427011346866,0.427
priolepis_compita,6.90510052517708e-5,2.4618494728362674e-4,0.9986674314625313,0,0.07692307692307693,0.28048427011346866,0.427
soleichthys,6.90510052517708e-5,2.4618494728362674e-4,0.998741253405695,0,0.07692307692307693,0.28048427011346866,0.569
thalassoma,6.90510052517708e-5,2.4618494728362674e-4,0.9988150753488585,0,0.07692307692307693,0.28048427011346866,0.427
trimma_striatum,6.90510052517708e-5,2.4618494728362674e-4,0.9988888972920221,0,0.07692307692307693,0.28048427011346866,0.779
uroconger_lepturus,6.90510052517708e-5,2.4618494728362674e-4,0.9989627192351856,0,0.07692307692307693,0.28048427011346866,0.773
valenciennea_sexguttata,6.90510052517708e-5,2.4618494728362674e-4,0.9990365411783492,0,0.07692307692307693,0.28048427011346866,0.941
ablabys_taenianotus,5.9629080174913916e-5,2.0810355879940972e-4,0.9991002902078024,0.07692307692307693,0,0.2865356100535992,0.59
cabillus,5.9629080174913916e-5,2.0810355879940972e-4,0.9991640392372556,0.07692307692307693,0,0.2865356100535992,0.628
chaetodon_melannotus,5.9629080174913916e-5,2.0810355879940972e-4,0.9992277882667088,0.07692307692307693,0,0.2865356100535992,0.369
chaetodon_speculum,5.9629080174913916e-5,2.0810355879940972e-4,0.9992915372961622,0.07692307692307693,0,0.2865356100535992,0.001
cheiloprion_labiatus,5.9629080174913916e-5,2.0810355879940972e-4,0.9993552863256153,0.07692307692307693,0,0.2865356100535992,0.782
ecsenius_yaeyamaensis,5.9629080174913916e-5,2.0810355879940972e-4,0.9994190353550686,0.07692307692307693,0,0.2865356100535992,0.859
eviota_prasina,5.9629080174913916e-5,2.0810355879940972e-4,0.9994827843845218,0.07692307692307693,0,0.2865356100535992,0.864
plectorhinchus_lessonii,5.9629080174913916e-5,2.0810355879940972e-4,0.9995465334139749,0.07692307692307693,0,0.2865356100535992,0.001
plectroglyphidodon,5.9629080174913916e-5,2.0810355879940972e-4,0.9996102824434282,0.07692307692307693,0,0.2865356100535992,0.001
salarias_guttatus,5.9629080174913916e-5,2.0810355879940972e-4,0.9996740314728814,0.07692307692307693,0,0.2865356100535992,0.001
scorpaenopsis_diabolus,5.9629080174913916e-5,2.0810355879940972e-4,0.9997377805023345,0.07692307692307693,0,0.2865356100535992,0.59
siganus_puellus,5.9629080174913916e-5,2.0810355879940972e-4,0.9998015295317878,0.07692307692307693,0,0.2865356100535992,0.001
amblyglyphidodon,4.641094759749895e-5,1.617079299932249e-4,0.9998511471488408,0.07692307692307693,0,0.2870047721187417,0.962
bryaninops_loki,4.641094759749895e-5,1.617079299932249e-4,0.999900764765894,0.07692307692307693,0,0.2870047721187417,0.857
callogobius_centrolepis,4.641094759749895e-5,1.617079299932249e-4,0.999950382382947,0.07692307692307693,0,0.2870047721187417,0.001
siphamia_argentea,4.641094759749895e-5,1.617079299932249e-4,1,0.07692307692307693,0,0.2870047721187417,0.001
ablabys_macracanthus,0,0,1,0,0,NA,0.628
acanthochromis_polyacanthus,0,0,1,0,0,NA,0.981
acanthurus_nigricauda,0,0,1,0,0,NA,0.611
acanthurus_olivaceus,0,0,1,0,0,NA,0.853
acanthurus_triostegus,0,0,1,0,0,NA,0.628
aeoliscus_strigatus,0,0,1,0,0,NA,0.583
aethaloperca_rogaa,0,0,1,0,0,NA,0.638
aioliops_megastigma,0,0,1,0,0,NA,0.625
alticus_montanoi,0,0,1,0,0,NA,0.947
altrichthys_curatus,0,0,1,0,0,NA,0.87
amblyeleotris_steinitzi,0,0,1,0,0,NA,0.87
amblyglyphidodon_aureus,0,0,1,0,0,NA,0.858
amblyglyphidodon_batunaorum,0,0,1,0,0,NA,0.869
amblygobius_decussatus,0,0,1,0,0,NA,0.629
amblygobius_nocturnus,0,0,1,0,0,NA,0.874
amblygobius_semicinctus,0,0,1,0,0,NA,0.632
amphiprion_polymnus,0,0,1,0,0,NA,0.622
anampses_caeruleopunctatus,0,0,1,0,0,NA,0.628
andamia_pacifica,0,0,1,0,0,NA,0.844
andamia_reyi,0,0,1,0,0,NA,0.844
anyperodon_leucogrammicus,0,0,1,0,0,NA,0.631
apogonichthyoides_uninotatus,0,0,1,0,0,NA,1
archamia_bleekeri,0,0,1,0,0,NA,0.638
arcygobius_baliurus,0,0,1,0,0,NA,0.632
aspasmodes_briggsi,0,0,1,0,0,NA,0.59
asterropteryx_ensifera,0,0,1,0,0,NA,0.87
atherinomorus,0,0,1,0,0,NA,0.641
atherinomorus_lacunosus,0,0,1,0,0,NA,0.59
atherion,0,0,1,0,0,NA,0.59
atherion_elymus,0,0,1,0,0,NA,0.622
barbuligobius_boehlkei,0,0,1,0,0,NA,0.59
bathygobius,0,0,1,0,0,NA,0.622
belonepterygion_fasciolatum,0,0,1,0,0,NA,0.631
blenniella_bilitonensis,0,0,1,0,0,NA,0.628
blenniella_chrysospilos,0,0,1,0,0,NA,0.622
blenniella_periophthalmus,0,0,1,0,0,NA,0.628
blenniidae,0,0,1,0,0,NA,0.955
brachysomophis,0,0,1,0,0,NA,0.632
bryaninops_erythrops,0,0,1,0,0,NA,0.628
bryaninops_isis,0,0,1,0,0,NA,0.602
caesio,0,0,1,0,0,NA,0.641
callionymus_acutirostris,0,0,1,0,0,NA,0.853
callionymus_enneactis,0,0,1,0,0,NA,0.625
callionymus_japonicus,0,0,1,0,0,NA,0.628
callogobius_maculipinnis,0,0,1,0,0,NA,0.992
callogobius_mannarensis,0,0,1,0,0,NA,0.629
callogobius_okinawae,0,0,1,0,0,NA,0.59
canthigaster_bennetti,0,0,1,0,0,NA,0.852
centriscidae,0,0,1,0,0,NA,0.884
cephalopholis_cyanostigma,0,0,1,0,0,NA,0.993
cephalopholis_miniata,0,0,1,0,0,NA,0.638
cephalopholis_spiloparaea,0,0,1,0,0,NA,0.585
chaetodon_adiergastos,0,0,1,0,0,NA,0.594
chaetodon_auriga,0,0,1,0,0,NA,0.958
chaetodon_selene,0,0,1,0,0,NA,0.628
chaetodon_trifascialis,0,0,1,0,0,NA,0.631
chaetodon_unimaculatus,0,0,1,0,0,NA,0.641
chaetodontoplus_mesoleucus,0,0,1,0,0,NA,0.628
cheilinus_fasciatus,0,0,1,0,0,NA,0.631
cheilodipterus_intermedius,0,0,1,0,0,NA,0.862
chelmon_rostratus,0,0,1,0,0,NA,0.641
choerodon,0,0,1,0,0,NA,0.585
chromileptes_altivelis,0,0,1,0,0,NA,0.846
chromis_atripectoralis,0,0,1,0,0,NA,0.631
chromis_weberi,0,0,1,0,0,NA,0.955
chrysiptera_hemicyanea,0,0,1,0,0,NA,0.628
chrysiptera_parasema,0,0,1,0,0,NA,0.625
cirrhilabrus_solorensis,0,0,1,0,0,NA,0.857
cirrhilabrus_temminckii,0,0,1,0,0,NA,0.999
clupeidae,0,0,1,0,0,NA,0.59
congrogadus_hierichthys,0,0,1,0,0,NA,0.641
coradion_altivelis,0,0,1,0,0,NA,0.585
coris_batuensis,0,0,1,0,0,NA,0.853
creediidae,0,0,1,0,0,NA,0.59
cryptocentrus,0,0,1,0,0,NA,0.641
cryptocentrus_nigrocellatus,0,0,1,0,0,NA,0.631
ctenogobiops_aurocingulus,0,0,1,0,0,NA,0.632
ctenogobiops_crocineus,0,0,1,0,0,NA,0.641
diancistrus,0,0,1,0,0,NA,0.625
diancistrus_erythraeus,0,0,1,0,0,NA,0.625
diancistrus_fuscus,0,0,1,0,0,NA,0.856
diancistrus_machidai,0,0,1,0,0,NA,0.857
diancistrus_springeri,0,0,1,0,0,NA,0.625
diodon_holocanthus,0,0,1,0,0,NA,0.87
diplogrammus,0,0,1,0,0,NA,0.866
diplogrammus_goramensis,0,0,1,0,0,NA,0.594
dischistodus_perspicillatus,0,0,1,0,0,NA,0.641
dischistodus_prosopotaenia,0,0,1,0,0,NA,0.641
doryrhamphus,0,0,1,0,0,NA,0.628
ecsenius_bicolor,0,0,1,0,0,NA,0.583
ecsenius_kurti,0,0,1,0,0,NA,0.983
ecsenius_lineatus,0,0,1,0,0,NA,0.957
ecsenius_namiyei,0,0,1,0,0,NA,0.628
enneapterygius_bahasa,0,0,1,0,0,NA,0.844
enneapterygius_elegans,0,0,1,0,0,NA,0.628
enneapterygius_fuscoventer,0,0,1,0,0,NA,0.844
enneapterygius_hemimelas,0,0,1,0,0,NA,0.628
enneapterygius_nanus,0,0,1,0,0,NA,0.99
enneapterygius_nigricauda,0,0,1,0,0,NA,0.943
enneapterygius_rhabdotus,0,0,1,0,0,NA,0.835
enneapterygius_rubicauda,0,0,1,0,0,NA,0.628
enneapterygius_hemimelas_2,0,0,1,0,0,NA,0.622
entomacrodus_striatus,0,0,1,0,0,NA,0.844
epibulus_insidiator,0,0,1,0,0,NA,0.988
eviota_bifasciata,0,0,1,0,0,NA,0.625
eviota_fasciola,0,0,1,0,0,NA,0.583
eviota_herrei,0,0,1,0,0,NA,0.629
eviota_infulata,0,0,1,0,0,NA,0.625
eviota_irrasa,0,0,1,0,0,NA,0.947
eviota_korechika,0,0,1,0,0,NA,0.87
eviota_latifasciata,0,0,1,0,0,NA,0.629
eviota_minuta,0,0,1,0,0,NA,0.632
eviota_nebulosa,0,0,1,0,0,NA,0.992
eviota_prasites,0,0,1,0,0,NA,0.852
eviota_punctulata,0,0,1,0,0,NA,0.631
eviota_sebreei,0,0,1,0,0,NA,0.884
eviota_spilota,0,0,1,0,0,NA,0.858
eviota_storthynx,0,0,1,0,0,NA,0.641
eviota_teresae,0,0,1,0,0,NA,0.583
exallias_brevis,0,0,1,0,0,NA,0.622
favonigobius,0,0,1,0,0,NA,0.641
fistularia_commersonii,0,0,1,0,0,NA,0.583
fusigobius_duospilus,0,0,1,0,0,NA,0.95
gobiodon_axillaris,0,0,1,0,0,NA,0.628
gobiodon_okinawae,0,0,1,0,0,NA,0.87
gobiopsis,0,0,1,0,0,NA,0.628
gobiopsis_arenaria,0,0,1,0,0,NA,0.59
gobiopsis_liolepis,0,0,1,0,0,NA,0.641
gomphosus_varius,0,0,1,0,0,NA,0.956
gymnothorax_castlei,0,0,1,0,0,NA,0.957
gymnothorax_enigmaticus,0,0,1,0,0,NA,0.632
gymnothorax_meleagris,0,0,1,0,0,NA,0.611
gymnothorax_pindae,0,0,1,0,0,NA,0.611
gymnothorax_robinsi,0,0,1,0,0,NA,0.884
gymnothorax_rueppelliae,0,0,1,0,0,NA,0.583
gymnothorax_undulatus,0,0,1,0,0,NA,0.628
halicampus_brocki,0,0,1,0,0,NA,0.59
halichoeres_chrysus,0,0,1,0,0,NA,0.638
halichoeres_kallochroma,0,0,1,0,0,NA,0.861
halichoeres_marginatus,0,0,1,0,0,NA,0.939
halichoeres_melanochir,0,0,1,0,0,NA,0.629
halichoeres_nigrescens,0,0,1,0,0,NA,0.625
halichoeres_podostisma,0,0,1,0,0,NA,0.632
halichoeres_richmondi,0,0,1,0,0,NA,0.985
halichoeres_melanochir_2,0,0,1,0,0,NA,0.858
halophryne_hutchinsi,0,0,1,0,0,NA,0.628
helcogramma_albimacula,0,0,1,0,0,NA,0.853
helcogramma_chica,0,0,1,0,0,NA,0.583
helcogramma_desa,0,0,1,0,0,NA,0.98
helcogramma_fuscipectoris,0,0,1,0,0,NA,0.844
helcogramma_fuscopinna,0,0,1,0,0,NA,0.59
helcogramma_novaecaledoniae,0,0,1,0,0,NA,0.943
helcogramma_rhinoceros,0,0,1,0,0,NA,0.947
helcogramma_springeri,0,0,1,0,0,NA,0.98
helcogramma_striata,0,0,1,0,0,NA,0.845
helcogramma_trigloides,0,0,1,0,0,NA,0.583
heniochus,0,0,1,0,0,NA,0.631
heniochus_diphreutes,0,0,1,0,0,NA,0.628
hetereleotris,0,0,1,0,0,NA,0.858
holocentridae,0,0,1,0,0,NA,0.583
hypoatherina_temminckii,0,0,1,0,0,NA,0.628
hypoatherina_barnesi,0,0,1,0,0,NA,0.858
hyporhamphus_affinis,0,0,1,0,0,NA,0.594
hyporhamphus_dussumieri,0,0,1,0,0,NA,0.845
istiblennius_bellus,0,0,1,0,0,NA,0.583
istiblennius_colei,0,0,1,0,0,NA,0.628
istiblennius_edentulus,0,0,1,0,0,NA,0.622
istigobius_nigroocellatus,0,0,1,0,0,NA,0.594
istigobius_rigilius,0,0,1,0,0,NA,0.602
labropsis_manabei,0,0,1,0,0,NA,0.841
laiphognathus_multimaculatus,0,0,1,0,0,NA,0.641
leiuranus_semicinctus,0,0,1,0,0,NA,0.632
lepadichthys_misakius,0,0,1,0,0,NA,0.631
leptoscarus,0,0,1,0,0,NA,0.628
limnichthys_nitidus,0,0,1,0,0,NA,0.632
liobranchia_stria,0,0,1,0,0,NA,0.631
lubbockichthys,0,0,1,0,0,NA,0.628
lutjanus_lemniscatus,0,0,1,0,0,NA,0.59
lutjanus_russelli,0,0,1,0,0,NA,0.594
macrodontogobius_wilburi,0,0,1,0,0,NA,0.879
meiacanthus_geminatus,0,0,1,0,0,NA,0.87
micrognathus_andersonii,0,0,1,0,0,NA,0.632
muraenichthys,0,0,1,0,0,NA,0.632
myripristis_adusta,0,0,1,0,0,NA,0.631
neoglyphidodon_oxyodon,0,0,1,0,0,NA,0.594
neoniphon_opercularis,0,0,1,0,0,NA,0.585
neopomacentrus_cyanomos,0,0,1,0,0,NA,0.631
opistognathus_dendriticus,0,0,1,0,0,NA,0.631
opistognathus_solorensis,0,0,1,0,0,NA,0.638
opistognathus_albomaculatus,0,0,1,0,0,NA,0.628
ostorhinchus_jenkinsi,0,0,1,0,0,NA,0.638
ostorhinchus_melanoproctus,0,0,1,0,0,NA,0.602
ostorhinchus_parvulus,0,0,1,0,0,NA,0.638
ostracion_meleagris,0,0,1,0,0,NA,0.622
paracheilinus_angulatus,0,0,1,0,0,NA,0.945
paracheilinus_filamentosus,0,0,1,0,0,NA,0.585
paradiancistrus_cuyoensis,0,0,1,0,0,NA,0.585
parapercis_lineopunctata,0,0,1,0,0,NA,0.869
parapercis_pacifica,0,0,1,0,0,NA,0.585
paraplotosus_albilabris,0,0,1,0,0,NA,0.641
parupeneus_crassilabris,0,0,1,0,0,NA,0.628
pempheris,0,0,1,0,0,NA,0.585
petroscirtes_breviceps,0,0,1,0,0,NA,0.853
pherallodus_indicus,0,0,1,0,0,NA,0.855
phoxocampus_kampeni,0,0,1,0,0,NA,0.853
pictichromis_diadema,0,0,1,0,0,NA,0.625
plagiotremus_laudandus,0,0,1,0,0,NA,0.843
plectorhinchus_polytaenia,0,0,1,0,0,NA,0.865
plectorhinchus_vittatus,0,0,1,0,0,NA,0.59
plectroglyphidodon_leucozona,0,0,1,0,0,NA,0.947
plesiopidae,0,0,1,0,0,NA,0.611
plesiops_cephalotaenia,0,0,1,0,0,NA,0.628
plesiops_oxycephalus,0,0,1,0,0,NA,0.861
plesiops_verecundus,0,0,1,0,0,NA,0.956
plesiops_cephalotaenia_2,0,0,1,0,0,NA,0.625
pleurosicya_coerulea,0,0,1,0,0,NA,0.845
pleurosicya_muscarum,0,0,1,0,0,NA,0.987
pomacanthus_semicirculatus,0,0,1,0,0,NA,0.59
pomacanthus_sexstriatus,0,0,1,0,0,NA,0.628
pomacentrus_armillatus,0,0,1,0,0,NA,0.995
pomacentrus_grammorhynchus,0,0,1,0,0,NA,0.863
pomacentrus_philippinus,0,0,1,0,0,NA,0.861
pomacentrus_simsiang,0,0,1,0,0,NA,0.641
praealticus_bilineatus,0,0,1,0,0,NA,0.981
praealticus_striatus,0,0,1,0,0,NA,0.939
priolepis,0,0,1,0,0,NA,0.85
priolepis_nuchifasciata,0,0,1,0,0,NA,0.859
pristiapogon_urostigma,0,0,1,0,0,NA,0.632
pristicon_rhodopterus,0,0,1,0,0,NA,0.857
pseudamiops_gracilicauda,0,0,1,0,0,NA,0.583
pseudochromis,0,0,1,0,0,NA,0.583
pseudochromis_bitaeniatus,0,0,1,0,0,NA,0.995
pseudochromis_caudalis,0,0,1,0,0,NA,0.638
pseudochromis_coccinicauda,0,0,1,0,0,NA,0.628
pseudochromis_cyanotaenia,0,0,1,0,0,NA,0.948
pseudochromis_fowleri,0,0,1,0,0,NA,0.641
pteragogus,0,0,1,0,0,NA,0.857
ptereleotris_evides,0,0,1,0,0,NA,0.859
ptereleotris_microlepis,0,0,1,0,0,NA,0.641
pterois_radiata,0,0,1,0,0,NA,0.628
pycnochromis_ovatiformis,0,0,1,0,0,NA,0.585
rhabdoblennius_nitidus,0,0,1,0,0,NA,0.628
rhinecanthus_verrucosus,0,0,1,0,0,NA,0.583
salarias_obscurus,0,0,1,0,0,NA,0.641
sargocentron_microstoma,0,0,1,0,0,NA,0.631
sargocentron_rubrum,0,0,1,0,0,NA,0.85
scarus_forsteni,0,0,1,0,0,NA,0.625
scarus_scaber,0,0,1,0,0,NA,0.631
scarus_spinus,0,0,1,0,0,NA,0.85
scolopsis_lineata,0,0,1,0,0,NA,0.641
scolopsis_margaritifera,0,0,1,0,0,NA,0.96
scorpaenopsis_papuensis,0,0,1,0,0,NA,0.886
sebastapistes_cyanostigma,0,0,1,0,0,NA,0.622
sebastapistes_mauritiana,0,0,1,0,0,NA,0.628
selar_crumenophthalmus,0,0,1,0,0,NA,0.628
siganus_corallinus,0,0,1,0,0,NA,0.631
siganus_vulpinus,0,0,1,0,0,NA,0.857
siphamia_cyanophthalma,0,0,1,0,0,NA,0.585
soleidae,0,0,1,0,0,NA,0.951
sphaeramia_nematoptera,0,0,1,0,0,NA,0.641
stethojulis_albovittata,0,0,1,0,0,NA,0.628
stethojulis_trilineata,0,0,1,0,0,NA,0.94
strongylura_incisa,0,0,1,0,0,NA,0.628
suttonia_lineata,0,0,1,0,0,NA,0.629
synchiropus_laddi,0,0,1,0,0,NA,0.585
synchiropus_moyeri,0,0,1,0,0,NA,0.868
syngnathoides_biaculeatus,0,0,1,0,0,NA,0.641
synodontidae,0,0,1,0,0,NA,0.583
taeniamia_fucata,0,0,1,0,0,NA,0.859
taeniamia_melasma,0,0,1,0,0,NA,0.594
taeniura_lymma,0,0,1,0,0,NA,0.631
trimma_hayashii,0,0,1,0,0,NA,0.983
trimma_maiandros,0,0,1,0,0,NA,0.857
trimmatom,0,0,1,0,0,NA,0.853
trimmatom_macropodus,0,0,1,0,0,NA,0.631
ungusurculus,0,0,1,0,0,NA,0.628
upeneus_tragula,0,0,1,0,0,NA,0.641
uropterygius_xanthopterus,0,0,1,0,0,NA,0.583
valenciennea_muralis,0,0,1,0,0,NA,0.884
valenciennea_parva,0,0,1,0,0,NA,0.602
valenciennea_strigata,0,0,1,0,0,NA,0.583
variola_louti,0,0,1,0,0,NA,0.625
verulux_cypselurus,0,0,1,0,0,NA,0.638
xenisthmus_eirospilus,0,0,1,0,0,NA,0.632
xenisthmus_africanus,0,0,1,0,0,NA,0.622
zoramia_fragilis,0,0,1,0,0,NA,0.641
zoramia_leptacanthus,0,0,1,0,0,NA,0.641
