species,average,sd,cumsum,ava,avb,ratio,p
verulux_cypselurus,0.03523811852223718,0.13697710572793556,0.037275114106674355,0,133.6875,0.2572555343097062,0.001
spratelloides_gracilis,0.02774362698014946,0.104198026760926,0.06662250564704496,0.038461538461538464,39.125,0.26625866000135473,0.001
chromis_ternatensis,0.018761967241557237,0.05398274139193911,0.0864690382975723,20.884615384615383,9.25,0.3475549176974336,0.652
spratelloides_delicatulus,0.01611771098107858,0.04619018976819352,0.10351845924151319,8.923076923076923,15.75,0.34894229839638385,0.659
cirrhilabrus_ryukyuensis,0.016084607766638608,0.03046883694617853,0.12053286338696159,3.5,13.625,0.5279035689826675,0.116
plotosus_lineatus,0.015327307584376205,0.03842690263389319,0.13674619040654068,14.884615384615385,0.625,0.39886919147257155,1
ostorhinchus_cyanosoma,0.015017284775195525,0.038059339904258464,0.15263157325450943,12.576923076923077,8.4375,0.39457554474073364,0.98
pycnochromis_retrofasciatus,0.014000086787107499,0.023074300309646585,0.1674409573640344,14.884615384615385,3.5625,0.606739385343552,0.999
chrysiptera_rollandi,0.013016082532028583,0.01594861955476762,0.18120945528474725,1.7307692307692308,12.625,0.8161259654687545,0.001
enneapterygius,0.012535105539304656,0.03434405458809835,0.1944691725713535,0.46153846153846156,20.5,0.3649861872642316,0.002
cirrhilabrus,0.011689505994186496,0.03037384855977737,0.20683440908388143,0.9615384615384616,11.5,0.3848542923752622,0.009
ostorhinchus_multilineatus,0.011232742210613145,0.019174746031823398,0.21871647785458606,6.230769230769231,10,0.5858091779662014,0.649
pseudochromis_fuscus,0.010290166032768734,0.013146258184037977,0.2296014833297231,0.07692307692307693,13.125,0.7827448608352242,0.001
helcogramma_desa,0.01014076091859003,0.030093101167228024,0.24032844709001605,0,22.125,0.3369795908450113,0.001
praealticus_striatus,0.009627818460314496,0.02526310632803608,0.2505128169359855,0,15,0.3811019252858027,0.001
ostorhinchus_nigrofasciatus,0.009147270060529643,0.011976026214805702,0.260188859516285,10.846153846153847,2,0.7637984333418602,1
pomacentrus_armillatus,0.008655014323406035,0.020646853612388463,0.26934419073228827,0,8.75,0.4191928942729017,0.001
pycnochromis_amboinensis,0.008342312218235256,0.019760682504929922,0.27816874359971766,4.3076923076923075,3.75,0.4221672108822154,0.895
enneapterygius_pallidoserialis,0.008268259024437027,0.03092156586788463,0.2869149625104957,0.46153846153846156,19.3125,0.2673945769681898,0.047
dascyllus_reticulatus,0.008142911393693159,0.022668851197102702,0.2955285878710242,6.961538461538462,3.8125,0.3592114714103334,0.998
archamia_bleekeri,0.008088787374669686,0.03144261753736155,0.30408496048737627,0,30.6875,0.25725553430970627,0.001
trimma_naudei,0.008079838123803298,0.020745124543440796,0.3126318665271572,0.5769230769230769,8.125,0.3894813023119683,0.002
alionematichthys,0.008006020487590425,0.025430140823938727,0.3211006877846538,1.5769230769230769,11.4375,0.31482407207332247,0.355
pomacentrus_amboinensis,0.007873332008393517,0.010374474392454088,0.32942915029400704,3.5384615384615383,9.9375,0.758913821612034,0.808
pseudochromis_tapeinosoma,0.0074012831059024195,0.012676268849942746,0.33725827636196715,1.4615384615384615,11.125,0.5838692121093542,0.02
praealticus_bilineatus,0.0071123163997972114,0.018379867358575885,0.34478173154297836,0,11.375,0.3869623355295144,0.001
cirrhilabrus_temminckii,0.0069738841602392755,0.012516085908396852,0.35215875218826626,0,8.375,0.557193695479559,0.001
pomacentrus_moluccensis,0.006939591889213999,0.012708539450424463,0.35949949824316607,2.6923076923076925,5.625,0.5460573904881113,0.455
ostorhinchus_sealei,0.006857935892744047,0.014759825799951793,0.3667538680466213,0.038461538461538464,9.625,0.46463528673667986,0.001
pycnochromis_atripes,0.0065254849338718035,0.028306783950221914,0.3736565690338479,13.307692307692308,0,0.23052724553050635,1
ctenochaetus_striatus,0.006425059424866819,0.01693589948147777,0.3804530392555182,1.3076923076923077,9,0.379375151103943,0.183
zoramia_fragilis,0.006294877801225954,0.02480138287990526,0.38711180249738075,0,8.0625,0.2538115649319793,0.001
nectamia_viria,0.00620971666391294,0.02741040670846925,0.39368048172670467,9.923076923076923,0.75,0.22654595132272393,1
trimma_stobbsi,0.006189789121251273,0.010684381999618265,0.40022808147001365,6.461538461538462,1.0625,0.5793305706846146,1
ostorhinchus_fleurieu,0.006135006058576234,0.026127575020778813,0.40671773132842637,7.076923076923077,0.3125,0.23480962369057093,1
ostorhinchus_aroubiensis,0.005902281584828639,0.0171019900589951,0.41296120370409745,6.076923076923077,1.0625,0.3451225012099821,1
pomacentrus_alexanderae,0.005761006257423572,0.012729872642779824,0.41905523410697537,0.46153846153846156,4,0.45255804351594364,0.001
altrichthys_curatus,0.005731127659349312,0.01834669197637711,0.4251176587318131,0,7.125,0.3123793470086387,0.001
amblyglyphidodon_curacao,0.005633902059790919,0.011500596436931179,0.43107723747640503,0.2692307692307692,5.5625,0.4898791198080046,0.001
andamia_pacifica,0.005552804865844465,0.020035307670980936,0.43695103107454597,0,12.9375,0.2771509655370617,0.001
apogonichthyoides_uninotatus,0.005267726513600508,0.009002034788299548,0.44252326691208943,0,5.9375,0.5851706461351681,0.001
trimma_annosum,0.005172060082889748,0.011276875765271492,0.44799430616847397,4.6923076923076925,2.3125,0.4586429956795068,0.983
trimma_okinawae,0.005139579593088113,0.014883208167464412,0.45343098734859416,1.2692307692307692,4.375,0.3453274008707036,0.128
pseudogramma_polyacanthus,0.005027879462378686,0.010153578934792726,0.45874951139398273,5.538461538461538,1.6875,0.4951829787967591,1
cirripectes_filamentosus,0.005005353408907908,0.013666260876266803,0.4640442072314899,6.269230769230769,1.0625,0.3662562462568192,1
neoglyphidodon_nigroris,0.004940792566290233,0.01127320444740579,0.4692706101840101,3.3846153846153846,4.9375,0.4382775624571607,0.57
pomacentrus_adelus,0.0047694597600587895,0.014493234749962657,0.474315776164458,0.3076923076923077,5.375,0.3290817986696226,0.01
entomacrodus_decussatus,0.004679889830595143,0.013461747183126906,0.47926619448296204,0.038461538461538464,9.9375,0.34764356861945567,0.001
istigobius_decoratus,0.004673053669141611,0.007080861801157403,0.484209381464808,2.1153846153846154,6,0.65995549699582845,0.395
trimma_benjamini,0.004576563614127914,0.008265253129122697,0.489050500630277,2.6923076923076925,1.8125,0.5537112466649508,0.954
trimma_hayashii,0.004416666918262657,0.010744341574874902,0.4937224800166204,0,2.9375,0.411069109026728,0.001
pomacentrus_brachialis,0.0043025617942527026,0.008592340905475494,0.49827375825046194,3.923076923076923,0.875,0.500743841705685,1
apogon_crassiceps,0.004198157128101951,0.006954504519759925,0.5027145965400828,2.076923076923077,3.3125,0.6036601336836682,0.713
gnatholepis_cauerensis,0.004144888829565471,0.006458732309152517,0.5070990872723002,2.769230769230769,2.9375,0.6417495928251814,0.98
helcogramma_fuscipectoris,0.004007909262919502,0.012422229021343083,0.5113386801157788,0,5.625,0.3226401039647045,0.001
pristiapogon_fraenatus,0.00399050299848675,0.014682819338971564,0.5155598604979763,4.115384615384615,0.1875,0.27178043305995336,1
cirrhilabrus_cyanopleura,0.003982860930305249,0.01553337791096669,0.5197729570500653,0.07692307692307693,4.125,0.2564066201913054,0.001
apogon_coccineus,0.003851361989194126,0.011170130545393986,0.5238469531552412,5.230769230769231,0.0625,0.3447911350312946,1
halichoeres_melanurus,0.003843648175145201,0.007654822998706163,0.527912789537057,0.19230769230769232,4.8125,0.5021211040144056,0.001
eviota_melasma,0.0037714479285691138,0.006657902517649874,0.53190225202201,0.19230769230769232,3.3125,0.5664618727251012,0.001
entomacrodus_caudofasciatus,0.0037441608422455076,0.011335923584133852,0.5358628500471393,0.11538461538461539,5.0625,0.33029164447491194,0.001
nectamia_savayensis,0.003712107492931642,0.007315782144212398,0.5397895418280284,2.6538461538461537,2.25,0.5074108850915325,0.889
pseudoplesiops_rosae,0.003556972072689077,0.0077917653258921075,0.5435521303385379,0.9615384615384616,3.6875,0.45650400440953043,0.123
eviota,0.0034803335736645164,0.00594263225784919,0.5472336501394821,1.3076923076923077,3.375,0.5856552151729728,0.049
enneapterygius_nigricauda,0.003474158079011874,0.012550529671279434,0.5509086374614661,0,5.5625,0.27681366205301433,0.001
ostorhinchus_neotes,0.0034582718246617163,0.01844205526571935,0.5545668201988565,4.346153846153846,0,0.1875209554918782,1
labridae,0.003390591967060498,0.006374014418711421,0.5581534107366457,3.769230769230769,1.625,0.5319398018785694,0.999
helcogramma_novaecaledoniae,0.0033721881476105483,0.011538160378956996,0.5617205335928798,0,5.25,0.29226393435825865,0.001
ostorhinchus_novemfasciatus,0.0033493653738746513,0.00844611067627084,0.5652635143685797,4.153846153846154,0.6875,0.396557125788633,1
abudefduf_vaigiensis,0.0033217029612880875,0.007119927827789675,0.5687772336618603,0.4230769230769231,4.1875,0.46653604385190567,0.026
ecsenius_monoculus,0.0033027446072407115,0.00634495477612692,0.5722708986832323,1.8076923076923077,3.875,0.5205308349347714,0.509
pseudocheilinus_evanidus,0.0032694302230463225,0.005916398591063874,0.5757293235293532,2.4615384615384617,1.5625,0.5526047937311845,1
amblyglyphidodon_leucogaster,0.0031209221719454396,0.007523632611640272,0.5790306555798685,0.5769230769230769,2.5625,0.4148158652931657,0.048
fowleria_isostigma,0.0030772831848517967,0.007004407889490263,0.5822858260221132,1.6538461538461537,3.0625,0.4393352348125092,0.197
stegastes_lacrymatus,0.002962270445413711,0.006427209038452475,0.5854193352302721,2.423076923076923,1.5,0.46089530116278243,1
alionematichthys_plicatosurculus,0.0029613834639330267,0.012541179065643686,0.5885519061835727,4.115384615384615,0,0.2361327789382801,1
paracheilinus_angulatus,0.002920998972132492,0.011184605468216839,0.5916417581551814,0,2.3125,0.2611624505158506,0.001
entomacrodus_thalassinus,0.002907653136895999,0.007958671143191634,0.5947174928142844,0.07692307692307693,4.0625,0.3653440485957753,0.001
cheilodipterus_quinquelineatus,0.0028672033025489378,0.005840563372003,0.5977504393719193,1.5,2,0.49091211239878063,0.629
chrysiptera_rex,0.0028641156262548704,0.005996607025468903,0.6007801197652124,1.3846153846153846,2.8125,0.47762269798410073,0.377
cephalopholis_microprion,0.0028596655897034323,0.0033616025837524288,0.6038050928805011,2.1153846153846154,1.5625,0.8506852069679506,1
fusigobius,0.0028526488135095494,0.005337831806343954,0.6068226436036686,0.5,2.875,0.534420887919175,0.01
pristiapogon_kallopterus,0.0027670429006817834,0.005103790207267806,0.6097496398278253,2.8461538461538463,0.6875,0.5421545142552117,1
cirrhilabrus_solorensis,0.0026924328885168107,0.008129652609764813,0.6125977130891912,0,2.75,0.33118670843116155,0.001
andamia_reyi,0.00268993186829391,0.010018477141188033,0.6154431407548755,0,6.375,0.2684970809820031,0.001
pristicon_rhodopterus,0.002677785753680356,0.00943303155676894,0.6182757201804392,0,2.6875,0.28387329540510603,0.001
ostorhinchus_chrysopomus,0.0026723069652457602,0.009739705761213082,0.6211025041074737,0.19230769230769232,2.5,0.27437245341515576,0.112
pseudocheilinus_hexataenia,0.0026094330595941243,0.0035041366243380077,0.6238627796025662,2.0384615384615383,2,0.7446721801513922,0.999
paracheilinus,0.0025874542240621507,0.007242060205971596,0.626599805740521,0.11538461538461539,2.125,0.35728151250780954,0.002
cheilodipterus_isostigma,0.0025563152444940435,0.007391468136378486,0.6293038928605815,0.11538461538461539,1.625,0.34584675159629824,0.001
chromis_viridis,0.0025271696645541818,0.007362659581880156,0.6319771495940175,3.269230769230769,0.6875,0.34324141112997575,1
thalassoma_hardwicke,0.0024937913842605214,0.005223661156491796,0.6346150985624873,1.6538461538461537,2,0.47740297648543273,0.909
blenniidae,0.0024661270935726364,0.009277546396597024,0.6372237840618697,0,4.125,0.26581673517442117,0.001
dischistodus_prosopotaenia,0.002439875116754246,0.009612939100738472,0.6398047000470879,0,3.125,0.2538115649319793,0.001
eviota_atriventris,0.0024281931850053486,0.004276570022855584,0.6423732588078799,0.8461538461538461,1.3125,0.5677898811496548,0.453
pseudochromis_marshallensis,0.0023818219040936074,0.0069787419780644455,0.6448927657219861,2.8846153846153846,0.375,0.3412967425332733,1
chromis,0.0023580650147206565,0.00930316077912146,0.6473871424418781,4.5,0,0.2534692316629337,1
halichoeres_richmondi,0.002324847666809507,0.0057940035092038,0.6498463816321395,0,3.1875,0.4012506487295833,0.001
sargocentron_cornutum,0.0023121784136533067,0.006779800555989647,0.6522922192028805,2.3846153846153846,0.125,0.34103929674016764,1
atherion_elymus,0.0023058817234219327,0.009130305949232895,0.6547313960931792,0,2.5,0.2525525142578236,0.001
enneapterygius_bahasa,0.0023019858920765605,0.007228762776858512,0.6571664519473946,0,3.1875,0.318448116660561,0.001
pycnochromis_delta,0.0022933504616473475,0.00946845972849101,0.6595923731863664,2.6538461538461537,0,0.24220945406215916,1
plesiops_coeruleolineatus,0.002278324250073712,0.003569736030828894,0.662002399599664,0.3076923076923077,2,0.6382332560160434,0.006
amblyglyphidodon,0.002268784241673994,0.00488428075005269,0.6644023345291766,0.038461538461538464,2.9375,0.46450733644856906,0.001
trimma_milta,0.002251843827569011,0.006937636923825336,0.6667843497769566,3.3461538461538463,0.6875,0.32458369503824785,0.999
canthigaster_valentini,0.002248002452339454,0.005681496537183484,0.6691623015926914,2.230769230769231,1,0.3956708303220875,1
helcogramma_ellioti,0.0022356578037319016,0.005642024720405939,0.6715271951577378,1.8461538461538463,2.125,0.39625097629332046,0.941
gobiodon,0.0022105838796517233,0.0034883515221310886,0.6738655653605736,0.8846153846153846,2.3125,0.6337044491150488,0.373
apogon_doryssa,0.0021602862281610803,0.006769042961400554,0.6761507303760373,0.46153846153846156,3.375,0.3191420471815272,0.259
myripristis_kuntee,0.0021269836160549473,0.006122586696698174,0.6784006676688427,0.5769230769230769,1.4375,0.34739950962262406,0.173
cirripectes_polyzona,0.002126183557318469,0.005234001186666831,0.6806497586542415,1.9615384615384615,0.8125,0.40622527230882927,0.995
eviota_irrasa,0.0020935938770182834,0.006791853388015836,0.6828643760609469,0,3.25,0.30825074650645595,0.001
pristicon_trimaculatus,0.0020176437226227624,0.0029735381800365603,0.684998652893574,1.0384615384615385,1.875,0.6785329800601232,0.59
coris_variegata,0.002003594497725674,0.004893919792352054,0.6871180683634748,0.07692307692307693,2.0625,0.40940484984179354,0.001
oxycheilinus_digramma,0.0019942372617850006,0.002906221762690129,0.6892275856875031,0.8461538461538461,1.6875,0.6861958324677347,0.253
trimma_macrophthalmus,0.0019844492778793845,0.004028424660666015,0.6913267492176212,2.1538461538461537,0.25,0.4926117390889216,1
helcogramma_springeri,0.0019792845977896737,0.006859746989740632,0.6934204495150884,0,3.25,0.2885360933500713,0.001
macrodontogobius_wilburi,0.001962577150153391,0.007486658184928221,0.6954964765642895,0,2.5,0.26214328231310957,0.001
hypoatherina_barnesi,0.0019009194536300338,0.007297247039588881,0.6975072816955834,0,2,0.2604981636659966,0.001
serranidae,0.0018955774799772037,0.009143929300411595,0.6995124360519264,2.269230769230769,0,0.2073044768502178,1
cheilinus_oxycephalus,0.0018819264075419647,0.004611813567756222,0.7015031502138422,0.15384615384615385,1.875,0.40806645366143357,0.005
gobiidae,0.0018768757037630481,0.0033720582769738144,0.7034885217080004,1.0769230769230769,1.9375,0.5565964611523299,0.939
scorpaenodes_guamensis,0.0018751332265528327,0.0034992163383316655,0.7054720499982768,1.4230769230769231,1.0625,0.5358723340457557,0.999
eviota_queenslandica,0.0018316377674897665,0.0033671036380786526,0.7074095685051798,0.15384615384615385,2.125,0.5439802169365187,0.006
pomacentrus_coelestis,0.001812069658519472,0.0033003424339791395,0.7093263877373964,0.5769230769230769,3.125,0.5490550434594466,0.217
synodus_variegatus,0.0017970489591652905,0.002242549533241636,0.7112273179748011,1.2307692307692308,1.375,0.8013419246832116,0.985
amblygobius_phalaena,0.001761102683035783,0.0053410596820697665,0.7130902240043129,0.038461538461538464,2.3125,0.3297290777236402,0.001
labracinus_cyclophthalmus,0.0017530136604082312,0.005055896979972991,0.7149445734123564,0.7307692307692307,1.625,0.3467265388025363,0.882
thalassoma_lunare,0.0017522469095024363,0.00288920726435594,0.7167981117462363,1.6538461538461537,1.0625,0.6064801688407239,1
sargocentron_diadema,0.0017520091186128271,0.002678059468013075,0.7186513985433455,0.34615384615384615,1.5625,0.6542084444124351,0.014
gymnothorax_chilospilus,0.0017491075834247562,0.004787639913015846,0.720501616077402,0.38461538461538464,1.5,0.36533816561048604,0.277
dischistodus_pseudochrysopoecilus,0.0017434941245898898,0.006318185735005657,0.722345895657692,0.038461538461538464,1.8125,0.27594853929825613,0.003
balistapus_undulatus,0.001725622902753613,0.0025215780772931697,0.7241712709416943,1.8076923076923077,0.5625,0.684342443445579,1
ostorhinchus_taeniophorus,0.00170188017818115,0.003780361722639222,0.7259715310151018,0.4230769230769231,1.6875,0.45018977099180846,0.115
chrysiptera_leucopoma,0.001690439037206836,0.0053087665450778755,0.7277596885741526,0.5384615384615384,1.4375,0.3184240675970502,0.241
oxycheilinus_bimaculatus,0.0016832419899868807,0.0035663345687980542,0.7295402330492019,0.46153846153846156,1.4375,0.47198095341744006,0.285
hypoatherina_panatela,0.0016750357227084472,0.003917731490656476,0.7313120968806183,0.15384615384615385,2.3125,0.427552456492563,0.04
alionematichthys_suluensis,0.0016683190274030246,0.004201170767065681,0.7330768557474556,0.7692307692307693,1.3125,0.3971081205461845,0.503
salarias_sinuosus,0.0016613987245156154,0.005926119788007491,0.7348342942722714,0.19230769230769232,1.9375,0.28035186326772155,0.115
eviota_pellucida,0.0016422270406108574,0.0030126692145063176,0.7365714528634488,1.4615384615384615,0.6875,0.5451069877513808,0.994
cheilinus_chlorourus,0.001635436751043132,0.0033121740179168787,0.7383014286415516,0.46153846153846156,1.6875,0.49376534632431696,0.296
neoglyphidodon_melas,0.001589407693432797,0.0022804564154888796,0.7399827145790329,0.038461538461538464,2.125,0.6969691166371461,0.001
acanthochromis_polyacanthus,0.0015750432451172506,0.003514990145024259,0.7416488057083774,0,1.1875,0.44809321794169077,0.001
stethojulis_strigiventer,0.0015672350037459802,0.004204898752592915,0.7433066372285176,0.8846153846153846,1.0625,0.37271646618829,0.557
dentatherina_merceri,0.0015281241100143334,0.005184314455787478,0.7449230969874007,0.2692307692307692,3.1875,0.2947591476262443,0.18
fowleria_variegata,0.0015256314173719805,0.0050671023009999944,0.7465369199595716,0.34615384615384615,1.3125,0.301085576478473,0.191
trimma_taylori,0.0015235233648357223,0.006752777999468048,0.7481485130198706,1.8846153846153846,0,0.22561431235496537,1
scolopsis_bilineata,0.0014789685609874282,0.0022832736120120285,0.749712975714898,0.2692307692307692,1.75,0.6477403992262478,0.016
asterropteryx_ensifera,0.001465591285662352,0.004541758463979641,0.7512632878398867,0,1.8125,0.32269247633617043,0.001
centropyge_vrolikii,0.0014644711673551442,0.002848727783526756,0.7528124150963447,1.5,0.25,0.5140790130330083,1
enneapterygius_nanus,0.0014586146910976442,0.002924608098387125,0.7543553473336043,0,1.6875,0.49873851197432134,0.001
blenniella_periophthalmus,0.0014541039810218464,0.005698864038809448,0.7558935081120056,0,2.375,0.2551568121505183,0.001
chaetodon_kleinii,0.0014418983593248553,0.002025741463893541,0.7574187577033009,0.3076923076923077,1.8125,0.7117879477835636,0.018
plesiops_verecundus,0.0014398926885356637,0.004285648794341989,0.7589418856828117,0,2.3125,0.335980094877733,0.001
labroides_dimidiatus,0.0013767336216826142,0.0013778148882076806,0.7603982035849814,1.1538461538461537,1.625,0.9992152309179407,0.997
fowleria_vaiulae,0.001349356769760668,0.001828208981626132,0.7618255620726856,1.6923076923076923,0.4375,0.7380757798052493,1
chrysiptera_talboti,0.0013461293727421212,0.00288712422689329,0.7632495065985446,1.1538461538461537,0.1875,0.466252667690241,1
soleichthys_heterorhinos,0.0013416070147373074,0.0034441483320317382,0.764668667344289,0.15384615384615385,1.5625,0.3895322980894611,0.039
diproctacanthus_xanthurus,0.001322040160537172,0.002143598393599348,0.7660671301426513,0.038461538461538464,1.375,0.6167387344964905,0.001
nannosalarias_nativitatis,0.0013153685341898548,0.003720470237688027,0.7674585356506757,0.11538461538461539,1.75,0.35354900057129623,0.034
helcogramma,0.0013147272452459148,0.004140132544502311,0.768849262799027,0.7307692307692307,1.375,0.317556800685462,0.641
dinematichthys_iluocoeteoides,0.0013098634915142283,0.0027619939901606244,0.7702348450366129,0.8461538461538461,0.6875,0.4742455979920698,0.751
pomacentrus_bankanensis,0.0012977325002123039,0.0022286197853872603,0.7716075950316169,0.6538461538461539,1,0.5823032303317728,0.675
koumansetta_hectori,0.0012875644035598166,0.0019860747656501587,0.772969589146941,0.19230769230769232,1.0625,0.6482960389148901,0.004
kaupichthys_brachychirus,0.0012867306201415534,0.003203142250438616,0.7743307012806682,0.8076923076923077,0.5625,0.40170885946927815,0.979
chromis_weberi,0.0012840684734560918,0.0036373466130749663,0.7756889973780791,0,3.875,0.3530234014103365,0.001
corythoichthys_haematopterus,0.001278140398167447,0.0037171744027094744,0.7770410227183644,0.4230769230769231,1.3125,0.34384730434918565,0.167
pleurosicya_mossambica,0.0012766345519507004,0.003236488795979825,0.7783914551645932,0.3076923076923077,1.0625,0.39445047779447295,0.151
parapercis_clathrata,0.0012631508692096238,0.002299897446786653,0.7797276244823172,0.2692307692307692,1.4375,0.5492205189298591,0.048
scorpaenodes,0.0012383495741262736,0.0018951519493427076,0.7810375588265807,1.3461538461538463,0.5,0.6534302299906708,1
pterois_antennata,0.0012234957022523708,0.0014754261516849905,0.7823317806472407,1.0769230769230769,0.8125,0.8292490280554496,1
alionematichthys_piger,0.0012194340591366781,0.00332817681216158,0.7836217060350336,0.2692307692307692,2.0625,0.3663970179350783,0.307
nectamia_luxuria,0.0012114974113477221,0.004503261099192824,0.7849032359844668,1.0384615384615385,0.25,0.26902668636399385,1
fusigobius_humeralis,0.0012066287421026625,0.004529964704386209,0.7861796158234724,0.07692307692307693,1.125,0.26636603612702,0.032
abudefduf_sexfasciatus,0.0011904327599347297,0.0034634910945172607,0.7874388634457563,0.038461538461538464,1.375,0.34370891318854435,0.003
pseudoplesiops,0.001184563437570158,0.004235703229910893,0.7886919024601452,0.3076923076923077,0.75,0.2796615752504167,0.135
ucla_xenogrammus,0.0011806824898467955,0.0017360020128446465,0.7899408361824443,0.11538461538461539,1.125,0.6801158530410378,0.002
ungusurculus_philippinensis,0.0011760471818498513,0.0033749426026884063,0.7911848666453823,1.5384615384615385,0,0.3484643504494084,1
salarias_obscurus,0.001171140056042038,0.0046142107683544665,0.792423706318287,0,1.5,0.2538115649319793,0.001
pycnochromis_agilis,0.0011536543128109658,0.006199627015823633,0.7936440494567139,1.3461538461538463,0,0.18608447086678495,1
eviota_teresae,0.0011497024431005637,0.004518946211958737,0.7948602122813054,0,1.625,0.2544182623944588,0.001
meiacanthus_grammistes,0.0011324511749404164,0.0017070858835262772,0.7960581266006952,0.8076923076923077,0.875,0.6633826603973464,0.976
stethojulis_bandanensis,0.0011322527771608056,0.00241143968885289,0.7972558310536055,1.2692307692307692,0.6875,0.4695339395775694,1
chrysiptera_parasema,0.0011300166226165121,0.0044792277902239355,0.7984511700874956,0,1.1875,0.2522793382115576,0.001
priolepis_cincta,0.0011235310596645768,0.0026500702468624515,0.7996396486501339,1.1153846153846154,0.5,0.42396274626862457,1
zoramia_leptacanthus,0.001122342553706953,0.004421951986339698,0.8008268700033342,0,1.4375,0.2538115649319793,0.001
eviota_sparsa,0.0011054075540446484,0.002927926385583677,0.8019961774022349,0.6153846153846154,0.3125,0.3775393942577854,0.926
dunckerocampus_dactyliophorus,0.0011002078171473565,0.001471437466904217,0.8031599844851626,0.8846153846153846,0.625,0.7477095302337944,1
enneapterygius_rhabdotus,0.0010998208154049905,0.004107774358496884,0.8043233821950956,0,2.625,0.26774129234484945,0.001
scorpaenodes_varipinnis,0.001092842213520516,0.002481854006075157,0.8054793978939434,0.2692307692307692,0.9375,0.4403329973662528,0.294
pomacentrus_burroughi,0.0010833616276132811,0.003179238851920906,0.8066253849665107,0.038461538461538464,1.0625,0.3407613199488647,0.006
pseudochromis_cyanotaenia,0.0010354905585110137,0.0023329785047120455,0.8077207337065555,0,2,0.4438491638133726,0.001
bathygobius_fuscus,0.001035354944986248,0.0028171497347180344,0.8088159389937197,0.15384615384615385,0.875,0.36751860656418944,0.126
epibulus_insidiator,0.001018607650930633,0.0032379003589819337,0.8098934288828127,0,1.6875,0.3145889428329738,0.001
eviota_minuta,0.0010173199109194705,0.004042600294976555,0.8109695565920315,0,1,0.25164988786638637,0.001
apogon_erythrinus,0.0010129202608869386,0.0017454206162511147,0.8120410303224378,0.38461538461538464,1.0625,0.5803301802762763,0.37
enneapterygius_tutuilae,0.0010059083047249907,0.0017328293351102572,0.8131050867593844,0.07692307692307693,1.1875,0.5805005053547216,0.004
amsichthys_knighti,9.956460365835149e-4,0.0021496456899681342,0.8141582877014293,1.1153846153846154,0.1875,0.46316750766414627,1
halichoeres,9.770884060237722e-4,0.0034003409285331345,0.8151918582595129,0.11538461538461539,0.875,0.2873501294604821,0.094
sargocentron_punctatissimum,9.768172468832428e-4,0.002073660655918632,0.8162251419836698,0.7307692307692307,0.5625,0.4710593529829559,1
callogobius_sclateri,9.757140500223541e-4,0.001741877339135605,0.8172572587389136,0.07692307692307693,1,0.5601508373181694,0.001
halichoeres_biocellatus,9.633532571272145e-4,0.001969878654762763,0.8182763001659352,0.07692307692307693,0.9375,0.48904192895233606,0.012
pteragogus_cryptus,9.594534456297184e-4,0.0019147111971148268,0.8192912163466421,0.038461538461538464,0.9375,0.5010956467353751,0.003
pomacentrus_chrysurus,9.582921582359856e-4,0.003521380197278632,0.8203049041098874,1.1153846153846154,0.0625,0.27213538571511425,1
trimma_halonevum,9.474002819744876e-4,0.002912915837008126,0.8213070703746104,1.0769230769230769,0,0.325241213610747,1
amphiprion_clarkii,9.345474259108121e-4,0.0012135323899313628,0.822295640803447,0.34615384615384615,1,0.7701050533671128,0.191
cheilodipterus_macrodon,9.333453004688409e-4,0.0021098455516865102,0.8232829396160652,0.34615384615384615,1.25,0.44237612545750993,0.317
taeniamia_melasma,9.232857998598383e-4,0.0036643621755843396,0.8242595974226143,0,0.9375,0.25196357663871094,0.001
cirrhilabrus_lubbocki,9.188999785366276e-4,0.004552194270940044,0.825231615878451,0.7307692307692307,0,0.20185869140133855,1
pseudoplesiops_typus,9.170316941903637e-4,0.0030654284250492747,0.826201658050788,0.5769230769230769,0.4375,0.2991528644729727,0.964
gymnothorax_zonipectis,9.106717033424981e-4,0.0015110753663935704,0.8271649725828732,0.8076923076923077,0.25,0.6026646477044794,1
halichoeres_nebulosus,9.098985290556201e-4,0.0025582154306737145,0.8281274692461,0.8461538461538461,0.4375,0.355677054459794,0.999
microgobius,9.002443312252535e-4,0.003127409079821294,0.8290797536352092,0.038461538461538464,0.875,0.28785627599338404,0.014
kaupichthys,8.81927027153377e-4,0.002953821782488054,0.8300126618593007,0.8461538461538461,0,0.298571509080861,1
enneapterygius_rubicauda,8.801155674605912e-4,0.0034493124445425607,0.8309436539093856,0,1.4375,0.2551568121505183,0.001
fowleria_aurita,8.75386300465219e-4,0.0018680138654907498,0.8318696433096616,0.9230769230769231,0.125,0.4686187381351393,1
parascorpaena_mcadamsi,8.74321248674257e-4,0.0031292979273298653,0.8327945060911309,1.0384615384615385,0.0625,0.2793985325073502,1
helcogramma_rhinoceros,8.709218344586495e-4,0.002043404114103465,0.8337157729498298,0,1.625,0.4262112562305195,0.001
parupeneus_multifasciatus,8.701643751252261e-4,0.001755492165509294,0.8346362385630517,0.7307692307692307,0.625,0.49568114983457,0.998
pomacentrus_vaiuli,8.674828622968003e-4,0.002440405456302336,0.8355538676543238,0.07692307692307693,0.6875,0.3554666951168011,0.016
parascorpaena_mossambica,8.658889128756866e-4,0.0025992830447318874,0.8364698106553888,1.1153846153846154,0,0.333126057445199,1
cheilodipterus,8.559805615950467e-4,0.0013975124686631077,0.8373752725371411,0.5384615384615384,0.6875,0.612502987121036,0.961
myripristis_pralinia,8.537910705122982e-4,0.0023214431533548634,0.83827841836079,0.38461538461538464,0.5,0.3677846124633425,0.825
fusigobius_signipinnis,8.451668970573025e-4,0.0016326599662165218,0.839172441476897,0.34615384615384615,0.375,0.5176625350934937,0.822
plectroglyphidodon_leucozona,8.437607666597206e-4,0.0022990143460277237,0.8400649771789983,0,1.4375,0.36700978752811386,0.001
asterropteryx_semipunctata,8.13782931094595e-4,0.004079294883600001,0.8409258021289874,0.7307692307692307,0,0.19949107733452867,1
eviota_nigramembrana,8.087894095996166e-4,0.0022856893121082516,0.8417813448990155,0.9230769230769231,0.25,0.3538492328397919,0.972
ecsenius_kurti,8.036621153375325e-4,0.0019587074414022915,0.8426314639833677,0,0.875,0.41030227299395416,0.001
meiacanthus_geminatus,7.975812766763218e-4,0.0027006047852981855,0.8434751507164915,0,1,0.29533431956362965,0.001
gymnothorax_buroensis,7.938743133819389e-4,0.001631050396732562,0.8443149161994016,0.2692307692307692,0.6875,0.4867258025701016,0.565
nectamia_fusca,7.931095689946133e-4,0.0018779674031605424,0.8451538727306566,0.4230769230769231,0.5625,0.4223233947830204,0.946
eviota_nebulosa,7.929593934110223e-4,0.0018519004835189604,0.8459926704051892,0,0.9375,0.4281868277847467,0.001
alionematichthys_riukiuensis,7.798731000226102e-4,0.003594000829048413,0.8468176253122942,0.9615384615384616,0.1875,0.21699302173758764,0.999
cephalopholis_leopardus,7.76936272065119e-4,0.0017024211596903933,0.8476394736234226,0.5769230769230769,0.375,0.45637136712187876,0.955
trimma,7.748108867928006e-4,0.001983017063325888,0.8484590736879968,0.4230769230769231,0.375,0.3907232575665782,0.953
apogonichthyoides_melas,7.694765804743712e-4,0.003617198478991053,0.8492730310881768,0.6153846153846154,0.1875,0.2127272210644636,0.999
sargocentron_rubrum,7.638867593202796e-4,0.002688120927588243,0.8500810755386848,0,0.75,0.28417127796614106,0.001
amphiprion_frenatus,7.629061228663823e-4,0.001449638267321572,0.8508880826654865,0.5,0.5,0.5262734435646265,0.5
trimma_nasa,7.595395596320104e-4,0.0018627354448260496,0.851691528619502,0.6923076923076923,0.125,0.4077549293120041,0.994
entomacrodus_striatus,7.50540788160988e-4,0.0021898251248441514,0.8524854556137246,0,1.125,0.3427400570236875,0.001
trimma_capostriatum,7.503432027855201e-4,0.0028581375889998885,0.853279173600834,0.8076923076923077,0,0.2625287199865274,1
ctenochaetus_binotatus_2,7.471035902164871e-4,0.002471071774523019,0.8540694647044086,0.46153846153846156,0.3125,0.3023398987917692,0.707
pristiapogon_exostigma,7.443601814640701e-4,0.0028196000799250525,0.8548568538121167,0.9230769230769231,0,0.26399494976743504,1
pervagor_janthinosoma,7.438376808894e-4,0.0018040832266627929,0.855643690215272,0.4230769230769231,0.5625,0.4123078524849193,0.347
amblyeleotris_steinitzi,7.247436985502006e-4,0.0019702554705898745,0.8564103288780174,0,0.75,0.3678425003094749,0.001
pelates_quadrilineatus,7.219704047761423e-4,0.004066179786451998,0.8571740339323235,0.6153846153846154,0,0.17755496379713887,1
chaetodon_triangulum,7.219385913732672e-4,0.0016713780853929822,0.8579377053342023,0.46153846153846156,0.5625,0.43194211871189014,0.969
canthigaster_papua,7.17984331649487e-4,0.0018958092046517437,0.858697193894074,0.11538461538461539,0.8125,0.37872183017561584,0.064
ctenochaetus_binotatus,7.071167489033895e-4,0.001625148868478596,0.8594451866532641,0.23076923076923078,0.5,0.43510890763217647,0.453
scolopsis_margaritifera,7.03605048111919e-4,0.001530729075600434,0.8601894647122034,0,0.9375,0.45965354635726596,0.001
atherion,6.951522011731596e-4,0.0027101947127535597,0.8609248012939191,0,1.6875,0.2564952982536389,0.001
halichoeres_prosopeion,6.891671230384386e-4,0.0018178399219835682,0.8616538068205228,0.15384615384615385,0.5,0.3791132072214817,0.133
pseudochromis_coccinicauda,6.887860962735061e-4,0.002699461913120265,0.8623824092945023,0,1.125,0.2551568121505183,0.001
gobiopsis,6.864974639107982e-4,0.0027175374761138635,0.863108590838079,0,0.75,0.2526174781193834,0.001
wetmorella_nigropinnata,6.860118658659896e-4,0.0013855840771005504,0.8638342587128423,0.15384615384615385,0.8125,0.4951066320721052,0.119
labrichthys_unilineatus,6.822667221045394e-4,0.0016682174007620328,0.864555964949842,0.11538461538461539,0.9375,0.4089795021877146,0.087
chaetodon_lunulatus,6.772628074268584e-4,0.0017029233246159212,0.8652723780129036,0.5,0.375,0.3977059904206837,1
arothron_hispidus,6.761707537470671e-4,0.0035474676103693747,0.8659876358943824,0.5384615384615384,0.0625,0.1906066039251763,0.999
dascyllus_trimaculatus,6.688000297472778e-4,0.0011593279975580548,0.8666950969754174,0.6923076923076923,0.1875,0.5768859469934321,1
scorpaenopsis_possi,6.682894329068883e-4,0.0010717436628206263,0.8674020179437479,0.34615384615384615,0.4375,0.6235534261505005,0.874
aioliops_megastigma,6.542201499358754e-4,0.002593237141708594,0.8680940563317895,0,0.6875,0.2522793382115576,0.001
epinephelus_merra,6.329536160009309e-4,0.00245962950878584,0.868763598840019,0.6923076923076923,0.0625,0.25733697442643677,1
norfolkia_brachylepis,6.297945074989127e-4,0.0014154194398860347,0.8694297996224463,0.4230769230769231,0.8125,0.4449525630011284,0.53
atrosalarias_fuscus,6.278099342733458e-4,0.00153581696610258,0.8700939011102308,0.5384615384615384,0.5,0.408779137182297,0.908
pycnochromis_margaritifer,6.240621617208114e-4,0.00183577342209962,0.870754038179499,0.6538461538461539,0,0.33994509028628156,1
pseudanthias_huchtii,6.228015548590749e-4,0.00183309328688113,0.8714128417705176,0.46153846153846156,0.6875,0.339754424565443,0.995
pictichromis_porphyrea,6.100199757450751e-4,0.0029634713911745026,0.8720581249228772,0.5769230769230769,0,0.2058464196960943,1
dascyllus_aruanus,6.064803420046524e-4,0.0012350003970251083,0.8726996638273283,0.6153846153846154,0.1875,0.49107704213338993,1
cheilinus,6.016376598862993e-4,0.0016891278297784622,0.8733360801107057,0.34615384615384615,0.5,0.35618243289805196,0.802
pseudochromis_bitaeniatus,6.010756170710149e-4,0.0011304003820942039,0.8739719018614874,0,0.625,0.5317369195837048,0.001
pomacentrus_lepidogenys,5.984962499608951e-4,0.001973120041309211,0.8746049951407336,0.5,0.125,0.303324804082259,0.984
myripristis_violacea,5.971058252868754e-4,0.0018978155392203146,0.8752366176195923,0.5769230769230769,0.0625,0.3146279566939294,1
flabellicauda_alleni,5.963074078752562e-4,0.0015102244933224596,0.8758673955272486,0.4230769230769231,0.375,0.39484686582151335,0.894
callogobius,5.949841050889007e-4,0.001267816555712401,0.8764967736364928,0.07692307692307693,0.75,0.4692982611783076,0.023
paragobiodon,5.812319595558189e-4,0.001461205030845395,0.8771116046355205,0.15384615384615385,0.625,0.3977757722470619,0.383
scarus_spinus,5.79229599348312e-4,0.0019637937007916714,0.8777243175247188,0,0.5625,0.2949544033646737,0.001
oxycheilinus_celebicus,5.740475341527306e-4,0.0013865859532732972,0.8783315487911867,0.3076923076923077,0.3125,0.41400068477369417,0.938
ostorhinchus_aureus,5.722563728539899e-4,0.002381087873979573,0.8789368853554229,0.4230769230769231,0.125,0.24033399989457896,0.997
myripristis,5.691124953036642e-4,0.001506987326452195,0.8795388963052582,0.4230769230769231,0.1875,0.377649158233792,1
eviota_distigma,5.684668404761971e-4,0.001446792285494215,0.88014022427716,0.34615384615384615,0.3125,0.39291531077110525,0.951
sebastapistes_fowleri,5.684373608804575e-4,0.0010905625737061848,0.8807415210653511,0.46153846153846156,0.4375,0.5212331457044883,1
apogon,5.667664837793187e-4,0.002339125415678124,0.8813410503887279,0.7692307692307693,0,0.2422984590653128,1
myripristis_murdjan,5.651820670590386e-4,0.0014327446647895334,0.8819389037056516,0.46153846153846156,0.125,0.39447508055600566,1
siphamia_majimai,5.62617470308796e-4,0.0014619059084678152,0.882534044175224,0.07692307692307693,0.4375,0.38485203941644947,0.049
gymnothorax_richardsonii,5.620587811324897e-4,0.002577320793689266,0.883128593659702,0.46153846153846156,0,0.218078705029163,1
diancistrus_fuscus,5.52962815117528e-4,0.0018918415506084258,0.8837135213713574,0,0.5625,0.2922881226177173,0.001
gymnothorax_castlei,5.501277692470965e-4,0.0017704380250059334,0.8842954501527989,0,0.4375,0.3107297524550473,0.001
synodus_dermatogenys,5.445888056321241e-4,0.0011216577537876888,0.8848715197820086,0.2692307692307692,0.375,0.4855213667387581,0.789
paracheilinus_carpenteri,5.444871696086972e-4,0.002914097277672737,0.8854474818999627,0.46153846153846156,0,0.18684591409506301,1
congrogadus_subducens,5.436456726847078e-4,0.0019249073073473587,0.8860225538769224,0.6923076923076923,0.1875,0.28242693588912865,0.963
arothron_manilensis,5.414778035821067e-4,0.0030496348398389977,0.886595332667652,0.46153846153846156,0,0.1775549637971389,1
cephalopholis_cyanostigma,5.407608621033161e-4,0.0010535756465712284,0.8871673530729585,0,0.6875,0.5132624922217744,0.001
creediidae,5.406739342457908e-4,0.002107929221030547,0.8877392815254039,0,1.3125,0.2564952982536389,0.001
eviota_prasina,5.363916459286637e-4,0.0018212680793657805,0.8883066801450334,0.038461538461538464,0.5625,0.2945154818259656,0.012
moringua_raitaborua,5.35766738502161e-4,0.0018156374733516824,0.8888734177334671,0.46153846153846156,0,0.2950846445756217,1
hypoatherina_temminckii,5.357225193238381e-4,0.0020995814879824284,0.8894401085465622,0,0.875,0.2551568121505183,0.001
ostorhinchus_compressus,5.315414045855955e-4,0.001484727107978381,0.8900023765489201,0.2692307692307692,0.5,0.3580061290248465,0.538
sunagocia_arenicola,5.298098842030144e-4,0.002139395898100142,0.8905628129376011,0.6923076923076923,0.0625,0.2476446199945994,1
pentapodus_caninus,5.252737850971239e-4,0.0011056167528454208,0.8911184510107399,0.15384615384615385,0.4375,0.47509571806439854,0.43
platycephalidae,5.233362087523384e-4,0.0011222488278115666,0.8916720395028466,0.19230769230769232,0.4375,0.46632814023327296,0.397
enneapterygius_fuscoventer,5.210818438676547e-4,0.0018063928185559407,0.8922232433129145,0,1.1875,0.2884654093588658,0.001
pseudamia_gelatinosa,5.145735275513349e-4,8.491704859906928e-4,0.8927675625830721,0.19230769230769232,0.3125,0.6059719880054508,0.063
kaupichthys_diodontus,5.145591093048751e-4,0.0016903871570228138,0.8933118666015135,0.5,0,0.3044031109483462,1
fusigobius_duospilus,5.127788852318379e-4,0.0013080604987694238,0.893854287487193,0,0.375,0.3920146550669803,0.001
saurida_gracilis,5.085816632338651e-4,0.0011077812444214514,0.8943922685237696,0.5384615384615384,0.125,0.4590993626178212,1
ctenogobiops,5.060455421868441e-4,0.0011691396146554234,0.8949275668347815,0.15384615384615385,0.625,0.4328358528301081,0.195
pleurosicya_muscarum,5.036878101868025e-4,0.0011664204050125706,0.8954603711213385,0,0.5625,0.431823558660545,0.001
cirripectes_castaneus,4.998935664717277e-4,0.00109471841877339,0.8959891618318774,0.5384615384615384,0.25,0.4566412311138862,0.993
trimma_tevegae,4.985035281107751e-4,0.0018777524038935095,0.8965164821506731,0.8076923076923077,0,0.26547883899769253,1
aspidontus_taeniatus,4.984869147612833e-4,0.0012846797186279741,0.8970437848957582,0.15384615384615385,0.5625,0.38802427370275816,0.336
samariscus,4.983720868228821e-4,0.0016667044122373586,0.897570966175093,0.5,0,0.2990164801651152,1
pictichromis_diadema,4.97694828759499e-4,0.002070765584660964,0.8980974310463831,0,0.25,0.2403433939824647,0.001
istiblennius_dussumieri,4.963546532835979e-4,0.002795498603185748,0.89862247827121855,0.4230769230769231,0,0.17755496379713892,1
fusigobius_aureus,4.95856127309886e-4,0.0015442899628019795,0.8991469981519922,0.11538461538461539,0.375,0.32109004089503906,0.353
pomacentrus_stigma,4.947680583802541e-4,0.001463025731192606,0.8996703670662781,0.15384615384615385,0.25,0.3381813783800897,0.526
canthigaster_compressa,4.933492955789001e-4,0.0020452674692721775,0.9001922352039184,0.34615384615384615,0.125,0.2412150503496063,0.998
trimma_agrena,4.930253416703524e-4,0.0017569100171691233,0.9007137606609785,0.07692307692307693,0.3125,0.28062071298606117,0.139
scarus_scaber,4.8601539412625324e-4,0.0019017080448063396,0.901227870949308,0,0.875,0.25556782780279325,0.001
pseudamia,4.840578709415322e-4,8.444447716310635e-4,0.9017399105567063,0.038461538461538464,0.5625,0.5732262040139865,0.002
synchiropus_ocellatus,4.826685536357202e-4,0.0011284256816356947,0.9022504805350983,0.4230769230769231,0.25,0.4277362359708743,0.902
plesiops_oxycephalus,4.7605918262186807e-4,0.0016318459970315392,0.9027540590772547,0,0.8125,0.2917304595457283,0.001
halichoeres_melanochir_2,4.6899716140309745e-4,0.001322377446495501,0.903250167366804,0,0.5,0.3546620994225291,0.001
alticus_montanoi,4.6754157365748336e-4,0.0015911572966293462,0.9037447359260391,0,0.5625,0.29383743181639405,0.001
gymnothorax_fimbriatus,4.652018718661431e-4,0.0013084053732993694,0.904236829533293,0.15384615384615385,0.375,0.3555487323420696,0.607
gomphosus_varius,4.643626303078724e-4,0.0011716424800428114,0.9047280353852933,0,0.6875,0.396334750760236,0.001
ostorhinchus_jenkinsi,4.612750437693507e-4,0.0017930616925582962,0.9052159751678959,0,1.75,0.2572555343097062,0.001
acanthurus_lineatus,4.5860861253665676e-4,0.0013802820052659323,0.90570109438196,0.038461538461538464,0.5625,0.33225718424714146,0.065
paragobiodon_melanosoma,4.57044483215648e-4,0.001089451970416459,0.9061845590497157,0.15384615384615385,0.5,0.41951779025277824,0.401
chaetodon_vagabundus,4.568016933928665e-4,9.171670923946381e-4,0.9066677668927962,0.038461538461538464,0.6875,0.4980572211767865,0.025
cephalopholis_urodeta,4.56622854997881e-4,0.0013252820706094997,0.9071507855594431,0.11538461538461539,0.5,0.3445476741324051,0.174
chlorurus_spilurus,4.505275308244267e-4,0.0010900101325275722,0.9076273565519914,0.038461538461538464,0.4375,0.4133241677118359,0.035
cirrhitichthys_falco,4.489443627231847e-4,8.752428257897472e-4,0.9081022528588841,0.46153846153846156,0.25,0.5129369238966275,1
callogobius_maculipinnis,4.4374733224207264e-4,8.584587885022731e-4,0.9085716517126684,0,0.5625,0.5169116306867393,0.001
gymnothorax_melatremus,4.3902743401368695e-4,0.0015051100557462469,0.9090360578269874,0.07692307692307693,0.1875,0.29169125030927606,0.2
neamia_octospina_2,4.378425954298674e-4,0.0011915792398799804,0.9094992106112404,0.5,0.0625,0.36744731762360033,1
gnatholepis,4.3475088513266066e-4,0.0010853516464965714,0.9099590929639565,0.7307692307692307,0,0.4005622385482179,1
acanthurus_nigrofuscus,4.278107047711036e-4,0.0013069275438150952,0.9104116339481279,0.19230769230769232,0.4375,0.3273407977325715,0.606
helcogramma_albimacula,4.2571429132943854e-4,0.0015147833946154094,0.9108619573323383,0,0.4375,0.2810397135608446,0.001
ecsenius_yaeyamaensis,4.2314259692161955e-4,0.0013596517736893165,0.9113095603612485,0.038461538461538464,0.6875,0.31121394838727917,0.027
enneapterygius_similis,4.217229381847698e-4,0.0020869507718860978,0.9117556616657867,0.5769230769230769,0,0.2020761312944792,1
gymnothorax,4.21516599483674e-4,6.696757159356003e-4,0.9122015447038864,0.19230769230769232,0.625,0.6294339027879717,0.642
chrysiptera_cyanea,4.210888231429473e-4,0.0014097933511324457,0.9126469752373524,0.07692307692307693,0.375,0.2986883310271672,0.189
enneapterygius_hemimelas,4.209248366115871e-4,0.0016496711691290507,0.9130922323047843,0,0.6875,0.25515681215051833,0.001
siphamia_jebbi,4.205963773969555e-4,0.0011514708963147684,0.9135371419258933,0.2692307692307692,0.25,0.36526878685606,0.832
grammistes_sexlineatus,4.1620683353654623e-4,0.0010615357743683845,0.9139774082585655,0.11538461538461539,0.4375,0.392079893665562,0.333
trimma_cana,4.157411608105374e-4,0.0011473294282971227,0.9144171819995578,0.46153846153846156,0,0.3623555280261436,1
soleidae,4.155205459984117e-4,0.0011417283764174322,0.9148567223727472,0,0.875,0.3639399305308073,0.001
stethojulis_trilineata,4.084899251783671e-4,9.812074402447365e-4,0.9152888257088786,0,0.5625,0.41631352191589577,0.001
fowleria_marmorata,4.0653771587120384e-4,8.93358838148022e-4,0.9157188639851334,0.3076923076923077,0.0625,0.4550665404665129,0.999
hetereleotris,4.0498972813299175e-4,0.0011984228371314809,0.9161472647897524,0,0.4375,0.3379355896641343,0.001
ungusurculus_williamsi,4.0391129467893795e-4,0.0011618221389064608,0.9165745248203535,0.19230769230769232,0.1875,0.3476532949002938,0.718
leptoscarus_vaigiensis,4.0201113157922736e-4,0.002038465578990161,0.9169997748458993,0.34615384615384615,0,0.19721261704030357,1
cephalopholis_boenak,4.019017201978079e-4,8.179302913648969e-4,0.9174249091353646,0.07692307692307693,0.4375,0.4913642695970415,0.052
onigocia_pedimacula,3.97267359540213e-4,0.001278811962803449,0.9178451411675705,0.23076923076923078,0.25,0.31065345890987117,0.64
abantennarius_coccineus,3.9592175904222635e-4,0.0017755184619363043,0.9182639498146979,0.5384615384615384,0,0.2229893788941237,1
sargocentron_tiereoides,3.9488925606052396e-4,9.659563790250517e-4,0.9186816662733639,0.34615384615384615,0.125,0.4088065099369075,0.995
pseudochromis_fowleri,3.903800186806793e-4,0.0015380702561181557,0.9190946128309987,0,0.5,0.2538115649319793,0.001
bodianus_dictynna,3.8859884514959943e-4,8.124786575480042e-4,0.9195056752515287,0.11538461538461539,0.375,0.4782880652180573,0.182
halichoeres_hortulanus,3.8714760502289193e-4,8.41548141531316e-4,0.9199152025406843,0.2692307692307692,0.3125,0.4600421365299697,0.874
callionymus_acutirostris,3.8698795193377886e-4,0.0011070902077788614,0.9203245609477496,0,0.4375,0.34955412776180816,0.001
sunagocia_otaitensis,3.868646519330147e-4,9.765390282354805e-4,0.920733788927261,0.5,0,0.39615892529359,1
paracheilinus_filamentosus,3.8583171218445675e-4,0.0015468646954777275,0.9211419242562962,0,0.3125,0.24942822298061307,0.001
neopomacentrus_cyanomos,3.8186923824205614e-4,0.001494199178062124,0.9215458680542693,0,0.6875,0.2555678278027933,0.001
salarias_fasciatus,3.8082596350764715e-4,0.0012317417562776472,0.9219487082693498,0.19230769230769232,0.3125,0.3091767909683538,0.158
amblygobius,3.804627257873571e-4,0.001347875544246453,0.922351164249175,0.038461538461538464,0.4375,0.2822684389604084,0.142
parascorpaena_aurita,3.7888611084250693e-4,7.361547500059059e-4,0.9227519524753164,0.23076923076923078,0.25,0.5146826952342116,0.954
parapercis_cylindrica,3.7400780787846745e-4,9.448917728646709e-4,0.9231475804004184,0.38461538461538464,0.0625,0.39582078987159675,1
opistognathus_randalli,3.683515300255517e-4,0.0016498796581116385,0.9235372250775146,0.3076923076923077,0,0.22325963485551825,1
apogonichthys_ocellatus,3.6538398607262855e-4,0.0012881099188540072,0.9239237306670516,0.46153846153846156,0,0.2836590113347623,1
thysanophrys_chiltonae,3.6332206415859956e-4,6.907895878639528e-4,0.924308055141993,0.15384615384615385,0.1875,0.5259518535623237,0.416
pteragogus_guttatus,3.6273575766561616e-4,0.001701876906827144,0.9246917594180606,0.46153846153846156,0,0.21313865662697923,1
sebastapistes_strongia,3.609852023880712e-4,0.002033089893225999,0.9250736119452135,0.3076923076923077,0,0.17755496379713887,1
zenarchopterus,3.609852023880712e-4,0.002033089893225999,0.9254554644723666,0.3076923076923077,0,0.17755496379713887,1
parapercis_millepunctata,3.60871415910091e-4,6.913312699260427e-4,0.9258371966354332,0.038461538461538464,0.375,0.5219949271912673,0.02
parapercis_lineopunctata,3.5972284066144734e-4,0.0013561034816397858,0.9262177138280288,0,0.4375,0.2652620876885253,0.001
halichoeres_scapularis,3.5971797820020363e-4,0.001266893414474593,0.9265982258770807,0.038461538461538464,0.3125,0.28393704954997034,0.124
plectroglyphidodon_dickii,3.5847755297082847e-4,0.0010183900415446229,0.9269774257961467,0.3076923076923077,0.1875,0.3520041814500805,0.997
eviota_bifasciata,3.5684735451047754e-4,0.001414492986386506,0.927354901280533,0,0.375,0.2522793382115576,0.001
halichoeres_nigrescens,3.5684735451047754e-4,0.001414492986386506,0.9277323767649193,0,0.375,0.2522793382115576,0.001
dischistodus_melanotus,3.533575324926585e-4,8.700346197531108e-4,0.9281061606925658,0.15384615384615385,0.375,0.4061419217926415,0.139
amphiprion_perideraion,3.5303556545226815e-4,0.001023019235633713,0.9284796040413543,0.4230769230769231,0.0625,0.34509181563294744,1
oxycheilinus,3.527720336784523e-4,0.001622523567705909,0.9288527686244948,0.34615384615384615,0,0.21742182406461913,1
halichoeres_kallochroma,3.5200060372890063e-4,9.483645478579361e-4,0.9292251171839484,0,0.5,0.37116592403623877,0.001
paragobiodon_xanthosoma,3.510236551497992e-4,6.585575384694837e-4,0.929596432320754,0.038461538461538464,0.3125,0.5330189613584766,0.037
siphamia_tubifer,3.4813428839901495e-4,0.0014444712715289514,0.9299646910663601,0.38461538461538464,0,0.24101156960395617,1
eviota_latifasciata,3.4724202435892595e-4,0.0014016788063416037,0.9303320059691816,0,0.25,0.24773294908070362,0.001
chaetodon_selene,3.4439304813675307e-4,0.0013497309565601325,0.9306963072061714,0,0.5625,0.2551568121505183,0.001
chrysiptera_hemicyanea,3.432487319553991e-4,0.0013587687380569318,0.9310593979779598,0,0.375,0.2526174781193834,0.001
eviota_storthynx,3.4158251634559437e-4,0.0013458114741033862,0.9314207262158902,0,0.4375,0.25381156493197926,0.001
diplogrammus,3.40418278026076e-4,0.0011126354305773976,0.9317808229148503,0,0.75,0.3059567120286807,0.001
parapriacanthus,3.3664592983432634e-4,0.0017952443179018837,0.932136929199021,0.4230769230769231,0,0.1875209554918782,1
cryptocentrus_caeruleomaculatus,3.33557311541876e-4,0.00116104678073298,0.932489768322398,0.038461538461538464,0.375,0.2872901566733582,0.128
centropyge_nox,3.3255837587116454e-4,0.0011261744425222894,0.9328415507650362,0.34615384615384615,0,0.29529916797466527,1
eviota_korechika,3.3079801776515603e-4,0.0010022058244217162,0.9331914710892635,0,0.375,0.33006994142748086,0.001
valenciennea_sexguttata,3.303233962463862e-4,8.015815064996005e-4,0.9335408893557189,0.038461538461538464,0.4375,0.4120895923470895,0.019
meiacanthus_ditrema,3.288887605869741e-4,0.0015975395966663674,0.9338887900551147,0.38461538461538464,0,0.20587205554921825,1
enneapterygius_unimaculatus,3.279129080410958e-4,0.0011090190429828342,0.9342356584912536,0.5,0,0.2956783385424441,1
nectamia_bandanensis,3.277111189363589e-4,0.0015857657960984138,0.9345823134735469,0.2692307692307692,0.0625,0.2066579565170675,1
amblycirrhitus_bimacula,3.237581810047265e-4,9.773350888471577e-4,0.9349247870120335,0.38461538461538464,0.0625,0.3312663023146179,1
xenisthmus_polyzonatus,3.165492963815712e-4,7.279015935469018e-4,0.9352596349448358,0.19230769230769232,0.125,0.4348792462990735,0.965
eviota_prasites,3.1361850416991474e-4,9.047872807461146e-4,0.935591382666313,0,0.25,0.34662125655800063,0.001
valenciennea_muralis,3.134182822648893e-4,9.81799291848643e-4,0.935922918591739,0,0.4375,0.3192284664157272,0.001
arothron_nigropunctatus,3.123073830441975e-4,7.120474590557207e-4,0.936253279400645,0.2692307692307692,0.125,0.4386047293229062,1
istiblennius_bellus,3.0953527314245944e-4,0.0012166393647581215,0.9365807078534196,0,0.4375,0.2544182623944588,0.001
scorpaenodes_parvipinnis,3.0912389069332656e-4,6.427907722597481e-4,0.9369077011431273,0.11538461538461539,0.1875,0.48090903608742436,0.235
trimma_cheni,3.083393539742531e-4,8.704476551398212e-4,0.9372338645447208,0.15384615384615385,0.125,0.3542307824641381,0.899
pseudamia_hayashii,3.077920800337222e-4,9.548734756838304e-4,0.9375594490363317,0.07692307692307693,0.25,0.3223380771083809,0.358
istiblennius_colei,3.061271538993361e-4,0.0011997608502756735,0.9378832723581003,0,0.5,0.2551568121505183,0.001
stethojulis_albovittata,3.061271538993361e-4,0.0011997608502756735,0.938207095679869,0,0.5,0.2551568121505183,0.001
asterropteryx_bipunctata,3.061063938992384e-4,7.324121953640361e-4,0.9385308970415728,0.4230769230769231,0,0.41794278663955364,1
pomacentrus_philippinus,3.0248225614820624e-4,9.647412503171644e-4,0.9388508647664685,0,0.5,0.3135371852802639,0.001
parapercis_tetracantha,3.021460108358565e-4,0.0010088560573836497,0.9391704768088559,0.07692307692307693,0.25,0.2994936776406308,0.187
coryphopterus,3.005814958991178e-4,7.948464548932639e-4,0.9394884338970281,0.15384615384615385,0.25,0.37816296977695074,0.48
chaetodon_baronessa,3.0048238176475867e-4,9.869028497932184e-4,0.9398062861416154,0.3076923076923077,0,0.30447007203162646,1
thalassoma_quinquevittatum,2.9844856499370074e-4,7.21623491262149e-4,0.9401219870014127,0.11538461538461539,0.3125,0.41357933688065224,0.416
siganus_punctatus,2.9596766541804457e-4,0.0013352136000137297,0.9404350635492819,0.5,0,0.22166315967347935,1
aseraggodes_xenicus,2.949321805844645e-4,7.43069803528783e-4,0.9407470447544668,0.19230769230769232,0.1875,0.396910464109635,0.879
ostorhinchus_cookii,2.937704776119566e-4,0.001577006299381855,0.941057797102588,0.34615384615384615,0,0.1862836424477866,1
cirrhilabrus_exquisitus,2.937264974986422e-4,9.30288757794287e-4,0.9413685029282554,0.038461538461538464,0.25,0.3157369096828249,0.085
dischistodus_perspicillatus,2.927850140105095e-4,0.0011535526920886166,0.9416782128464815,0,0.375,0.2538115649319793,0.001
priolepis_pallidicincta,2.923504566890538e-4,9.577430697372112e-4,0.9419874630871078,0.23076923076923078,0.0625,0.30524935750176707,0.752
synodus_binotatus,2.922710785395108e-4,7.280116669540304e-4,0.9422966293610043,0.07692307692307693,0.25,0.4014648278404115,0.303
saurida_nebulosa,2.9007747531483775e-4,0.0010153750641236873,0.9426034752269468,0.038461538461538464,0.25,0.2856850493617225,0.121
gnatholepis_anjerensis,2.8622102853464044e-4,7.928887560561427e-4,0.9429062417180585,0.2692307692307692,0,0.3609851020694431,1
hemiglyphidodon_plagiometopon,2.809183026147134e-4,9.697610828146541e-4,0.9432033989507299,0.038461538461538464,0.3125,0.28967784704184096,0.131
gymnapogon_philippinus,2.79965082122212e-4,8.543428383271755e-4,0.9434995478604795,0.07692307692307693,0.25,0.32769641127956384,0.591
labropsis_manabei,2.763686026216731e-4,8.50934053543685e-4,0.9437918923905011,0,0.1875,0.32478263323784695,0.001
enneapterygius_fasciatus,2.75756473625307e-4,7.568680300496079e-4,0.9440835894064343,0.07692307692307693,0.1875,0.36433891071767543,0.125
asterropteryx,2.750877632534594e-4,8.988857825456153e-4,0.9443745790561272,0.23076923076923078,0.125,0.30603194376311055,0.857
fowleria,2.74427043807855e-4,9.641820717090431e-4,0.9446648697924341,0.038461538461538464,0.3125,0.284621599861761,0.115
pomacentrus_grammorhynchus,2.7322214227185385e-4,7.882293410021651e-4,0.9449538859759522,0,0.1875,0.346627723759275,0.001
pleurosicya_micheli,2.730949578208376e-4,7.30751326785685e-4,0.9452427676229195,0.23076923076923078,0.125,0.3737180458119524,0.381
scorpaenopsis_ramaraoi,2.726271164307798e-4,8.662389357289451e-4,0.9455311543841797,0.11538461538461539,0.25,0.31472507778856934,0.601
thalassoma_jansenii,2.689515036549679e-4,9.703457647398819e-4,0.9458156530580114,0.34615384615384615,0,0.2771707915137498,1
plectranthias_nanus,2.631418156445279e-4,9.664605429231398e-4,0.9460940062055608,0.19230769230769232,0.125,0.2722737286807734,1
ecsenius_pictus,2.6312556298100314e-4,6.139386458745597e-4,0.9463723421609357,0.38461538461538464,0,0.428586088771426,1
scorpaenodes_hirsutus,2.6195359632185094e-4,8.595576924202155e-4,0.9466494384022515,0.19230769230769232,0.125,0.30475394337322576,0.656
pomacentrus,2.6112931343285034e-4,0.0014017833772283156,0.9469256627116925,0.3076923076923077,0,0.1862836424477866,1
meiacanthus_atrodorsalis,2.604640504479915e-4,7.500357921799728e-4,0.9472011833015619,0.2692307692307692,0.0625,0.34726882791947156,0.995
amblygobius_decussatus,2.604315182691945e-4,0.0010512591047562028,0.9474766694786781,0,0.1875,0.24773294908070365,0.001
sargocentron_caudimaculatum,2.592095556100104e-4,6.657162807293464e-4,0.9477508630556367,0.15384615384615385,0.1875,0.3893694102328777,0.259
apogon_unicolor,2.5765496234477403e-4,6.246725194530074e-4,0.9480234121735895,0.15384615384615385,0.1875,0.4124640580802063,0.775
arcygobius_baliurus,2.5432997772986763e-4,0.0010106500737441387,0.9482924441008943,0,0.25,0.25164988786638637,0.001
muraenichthys,2.5432997772986763e-4,0.0010106500737441387,0.948561476028199,0,0.25,0.25164988786638637,0.001
pristiapogon_urostigma,2.5432997772986763e-4,0.0010106500737441387,0.9488305079555036,0,0.25,0.25164988786638637,0.001
cirripectes_stigmaticus,2.5409854482664275e-4,0.0010080603852952597,0.9490992950715574,0.4230769230769231,0,0.25206678938406807,1
parapercis_hexophtalma,2.539222455977249e-4,7.677568317552207e-4,0.9493678956971245,0.038461538461538464,0.25,0.33073264228364613,0.091
parascorpaena_moultoni,2.538904755510725e-4,6.536464536813505e-4,0.9496364627161267,0.19230769230769232,0.125,0.3884217134831161,0.938
centropyge_bicolor,2.524421483064046e-4,6.614288076440465e-4,0.9499034976850204,0.11538461538461539,0.375,0.38166185897705635,0.468
gobiodon_prolixus,2.5012675349573037e-4,8.15300285370483e-4,0.9501680834140172,0.07692307692307693,0.125,0.30679095541107226,0.23
calumia_profunda,2.4955650165643916e-4,9.308228007403099e-4,0.9504320659268587,0.38461538461538464,0.0625,0.26810312495349253,0.75
cheilodipterus_artus,2.482665262169038e-4,9.767178492122114e-4,0.9506946838951751,0.2692307692307692,0,0.2541844877895366,1
chaetodon_adiergastos,2.462095466292902e-4,9.771632468224905e-4,0.9509551259769214,0,0.25,0.251963576638711,0.001
centropyge_tibicen,2.451347171547351e-4,6.657630327158974e-4,0.9512144310969632,0.07692307692307693,0.1875,0.36820115432774714,0.609
grammistops_ocellatus,2.445090890962146e-4,6.330547214395021e-4,0.9514730744235195,0.15384615384615385,0.0625,0.38623689361359753,0.941
paraplotosus_albilabris,2.4398751167542456e-4,9.612939100738472e-4,0.9517311660220413,0,0.3125,0.2538115649319793,0.001
amphiprion,2.437684260565178e-4,5.712720144678718e-4,0.951989025870351,0.15384615384615385,0.125,0.4267116537882275,0.977
amphiprion_ocellaris,2.404793266953614e-4,6.484824774658488e-4,0.9522434064876705,0.23076923076923078,0.0625,0.37083396244584854,0.878
diancistrus,2.3789823634031833e-4,9.429953242576706e-4,0.9524950568105948,0,0.25,0.2522793382115576,0.001
trimmatom,2.349668080320378e-4,7.667094819329263e-4,0.9527436062493267,0,0.25,0.30646133061987263,0.001
diodon_liturosus,2.3495406680573634e-4,5.983953495151649e-4,0.9529921422103057,0.11538461538461539,0.125,0.39264019514206133,0.96
priolepis_nuchifasciata,2.3408542093111476e-4,7.171699282585572e-4,0.953239759311951,0,0.3125,0.32640161237591836,0.001
synchiropus_bartelsi,2.3209959560751352e-4,5.798781952371277e-4,0.9534852757944763,0.15384615384615385,0.125,0.4002557735639668,0.941
eviota_albolineata,2.3087432756419463e-4,4.588929175754065e-4,0.9537294961803866,0.23076923076923078,0.125,0.5031115511305679,1
cirripectes_springeri,2.3046331443933265e-4,9.284392757867469e-4,0.9539732817939036,0.38461538461538464,0,0.248226588910773,1
blenniella_bilitonensis,2.2959536542450207e-4,8.99820637706755e-4,0.9542161492852301,0,0.375,0.25515681215051833,0.001
xenisthmus,2.2887379156616726e-4,7.385680898927953e-4,0.9544582534909718,0.07692307692307693,0.1875,0.3098885460911109,0.375
enneapterygius_flavoccipitis,2.2882282694093933e-4,6.091989428127621e-4,0.9547003037859968,0.3076923076923077,0,0.37561264614877743,1
ceratobregma_helenae,2.277102017469593e-4,7.231845795581719e-4,0.9549411771387559,0.11538461538461539,0.25,0.3148714839662073,0.615
salarias_segmentatus,2.275107047374568e-4,7.546717412879129e-4,0.9551818394622629,0.07692307692307693,0.125,0.30146975471638837,0.144
bodianus_mesothorax,2.256207283035322e-4,5.102820910747458e-4,0.9554205025562371,0.19230769230769232,0.0625,0.4421490235495712,0.997
bathygobius_cyclopterus,2.240937899483781e-4,5.741342489586761e-4,0.9556575504447516,0.038461538461538464,0.375,0.3903160112026473,0.285
chromis_xanthura,2.238177456806239e-4,6.797693059864873e-4,0.9558943063318198,0.07692307692307693,0.1875,0.32925544550120217,0.148
chromileptes_altivelis,2.22705903407036e-4,6.155719492819291e-4,0.9561298861048003,0,0.1875,0.3617869587248488,0.001
brotula_multibarbata,2.2087455403992125e-4,6.540303043978924e-4,0.9563635286643456,0.11538461538461539,0.0625,0.33771302729353014,0.767
ecsenius_lineatus,2.193290021604554e-4,5.505337272020871e-4,0.9565955363289227,0,0.3125,0.3983933977580727,0.001
anthiadinae,2.1703525460004225e-4,6.195277173063977e-4,0.9568251176522071,0.11538461538461539,0.125,0.3503237200486768,0.705
siganus_virgatus,2.1584195789390136e-4,5.003311997881475e-4,0.9570534366983681,0.11538461538461539,0.25,0.4313981578308411,0.652
gymnomuraena_zebra,2.115759895821666e-4,9.69927203872141e-4,0.9572772431751223,0.19230769230769232,0,0.21813594745823547,1
cheilodipterus_intermedius,2.1123421327960625e-4,6.075719912535414e-4,0.9575006881186501,0,0.125,0.3476694388821121,0.001
thalassoma_amblycephalum,2.071774522363279e-4,9.81911000665514e-4,0.9577198417935993,0.23076923076923078,0,0.21099412481977325,1
amblyglyphidodon_batunaorum,2.0656922959155945e-4,7.043512718756893e-4,0.9579383520866245,0,0.25,0.2932758665168092,0.001
trachinocephalus,2.029738985447e-4,0.001076996450435161,0.9581530592147635,0.2692307692307692,0,0.18846292247545318,1
anampses_geographicus,2.0226864879630682e-4,5.834092022085732e-4,0.9583670203250686,0.19230769230769232,0.0625,0.34670116280406943,1
acanthurus_nigricauda,1.9920226018478173e-4,8.119080294049226e-4,0.9585777377892832,0,0.125,0.24535077000135647,0.001
ostorhinchus_melanoproctus,1.9902884692068665e-4,7.922638240047755e-4,0.9587882718158034,0,0.1875,0.25121536651089976,0.001
cephalopholis_argus,1.9869139020485787e-4,5.228009727201214e-4,0.9589984488783849,0.07692307692307693,0.1875,0.3800516842405077,0.645
aulostomus_chinensis,1.9765839632591422e-4,5.096796129270163e-4,0.9592075332332304,0.15384615384615385,0.0625,0.3878091085315158,0.993
plagiotremus_rhinorhynchos,1.9748815159282505e-4,4.100160570091851e-4,0.9594164375020747,0.19230769230769232,0.125,0.48165955507542707,1
tripterygiidae,1.971309600248277e-4,4.2139104269602057e-4,0.9596249639313235,0.15384615384615385,0.125,0.46781003877918764,0.947
upeneus_tragula,1.9519000934033965e-4,7.690351280590778e-4,0.9598314372101409,0,0.25,0.2538115649319793,0.001
chromis_analis,1.9483500377407838e-4,0.00045010457682770995,0.9600375349617297,0.23076923076923078,0,0.4328660800280129,1
cheiloprion_labiatus,1.943259967185098e-4,5.560416692892774e-4,0.9602430942822991,0.038461538461538464,0.3125,0.3494809965715229,0.059
scarus_psittacus,1.9354213507748164e-4,4.850843193969415e-4,0.9604478244288565,0.15384615384615385,0.0625,0.3989865830297172,0.996
coris_batuensis,1.933514076445965e-4,6.939692620612581e-4,0.9606523528226778,0,0.3125,0.2786166739868213,0.001
amblygobius_semicinctus,1.9074748329740072e-4,7.579875553081041e-4,0.9608541267681563,0,0.1875,0.25164988786638637,0.001
canthigaster_bennetti,1.9061183173989179e-4,5.915246364402965e-4,0.9610557572205228,0,0.25,0.3222381960064491,0.001
scorpaenopsis_vittapinna,1.8973411818771306e-4,4.424197204200519e-4,0.9612564592217071,0.07692307692307693,0.25,0.4288554723726409,0.731
abudefduf,1.8939003258580992e-4,6.105750749597315e-4,0.9614567972468728,0.07692307692307693,0.125,0.3101830394866684,0.644
hyporhamphus_dussumieri,1.8919365222210119e-4,6.086245395211912e-4,0.9616569275395951,0,0.4375,0.31085445941917006,0.001
stethojulis_interrupta,1.882384146552073e-4,8.28546511842866e-4,0.961856047375721,0.11538461538461539,0.0625,0.22719112562132993,0.989
scarus_rubroviolaceus,1.881484963002509e-4,4.318537952128477e-4,0.9620550720956181,0.07692307692307693,0.125,0.43567637562966927,0.843
cercamia_eremia,1.8610925665079003e-4,5.380010073047922e-4,0.9622519396943688,0.07692307692307693,0.125,0.3459273386552492,0.441
cirripectes_perustus,1.8555169972729263e-4,6.814116524185057e-4,0.9624482175057298,0.15384615384615385,0.125,0.27230485282827466,0.914
gobiodon_quinquestrigatus,1.8447836516278154e-4,7.032902218895512e-4,0.9626433599367117,0.19230769230769232,0,0.262307592827237,1
scorpaenodes_albaiensis,1.8339317352636728e-4,3.9605605576818493e-4,0.9628373544448255,0.11538461538461539,0.125,0.4630485277410047,0.979
cosmocampus_banneri,1.815890302201734e-4,5.11333435835346e-4,0.9630294405182549,0.07692307692307693,0.125,0.35512841033662956,0.713
liopropoma_mitratum,1.8100488963741727e-4,4.867120457750976e-4,0.9632209086839245,0.15384615384615385,0,0.3718931783353826,1
chaetodon_auriga,1.797806595818722e-4,3.860899758216531e-4,0.9634110818509698,0,0.25,0.4656444633126618,0.001
acanthurus,1.7758699128643928e-4,5.460588026979352e-4,0.9635989345412286,0.07692307692307693,0.125,0.3252158749369627,0.847
bothus_pantherinus,1.773143368848624e-4,7.714228210078158e-4,0.9637864988158638,0.19230769230769232,0.0625,0.22985363157031352,0.997
eviota_fasciola,1.7687729893854824e-4,6.952224941474981e-4,0.963973600788878,0,0.25,0.25441826239445875,0.001
pygoplites_diacanthus,1.7429693604776957e-4,4.169456513080244e-4,0.9641579732370131,0.19230769230769232,0,0.4180327471961215,1
synodus_jaculum,1.7397762732402857e-4,9.231398146587093e-4,0.9643420079182752,0.23076923076923078,0,0.1884629224754532,1
priolepis_fallacincta,1.7381023129764672e-4,4.391434192664505e-4,0.9645258655269167,0.11538461538461539,0.0625,0.3957937741341565,0.988
belonepterygion_fasciolatum,1.735769264736619e-4,6.791814445736927e-4,0.9647094763441773,0,0.3125,0.2555678278027933,0.001
aulostomidae,1.7243444307115752e-4,9.627722305549653e-4,0.9648918786349618,0.15384615384615385,0,0.1791020114609684,1
halophryne_hutchinsi,1.7162436597769956e-4,6.793843690284659e-4,0.965073424020856,0,0.1875,0.2526174781193834,0.001
lubbockichthys,1.7162436597769956e-4,6.793843690284659e-4,0.9652549694067503,0,0.1875,0.2526174781193834,0.001
discotrema_crinophilum,1.714629382059053e-4,5.831749096083936e-4,0.965436344033283,0.3076923076923077,0,0.294016315484224,1
taeniamia_biguttata,1.705500603910104e-4,9.503726473198681e-4,0.9656167530116444,0.15384615384615385,0,0.1794559858935083,1
halicampus_nitidus,1.6915886445729837e-4,3.780274493123769e-4,0.9657956903737748,0.07692307692307693,0.125,0.44747772883951786,0.505
centropyge_bispinosa,1.6876159470464717e-4,5.787434645725439e-4,0.9659742075013413,0.11538461538461539,0.0625,0.29160000075213527,0.766
priolepis,1.686430319245118e-4,5.358940160836632e-4,0.9661525992124173,0,0.125,0.3146947472131942,0.001
siganus,1.659264312189163e-4,5.047051628031628e-4,0.9663281172853557,0.19230769230769232,0,0.3287591319600357,1
synchiropus_moyeri,1.6549756491658383e-4,4.6610512857226316e-4,0.9665031817006918,0,0.3125,0.35506488723589685,0.001
chaetodon_punctatofasciatus,1.6489724942158148e-4,7.117830541873272e-4,0.9666776110983394,0.19230769230769232,0,0.23166784942618737,1
ostorhinchus_angustatus,1.647810881477113e-4,6.818547710533431e-4,0.9668519176198256,0.19230769230769232,0,0.241665960470078,1
acreichthys_radiatus,1.633432955196261e-4,4.6423803977754954e-4,0.9670247032347901,0.11538461538461539,0.0625,0.3518524582731218,0.895
enchelycore_schismatorhynchus,1.629496334140245e-4,7.178279188426833e-4,0.9671970724313836,0.11538461538461539,0.0625,0.22700375554734584,0.997
amblygobius_nocturnus,1.6117749910263675e-4,4.4637599886661057e-4,0.9673675670526185,0,0.1875,0.3610801197015098,0.001
ecsenius_lividanalis,1.6071297774044284e-4,8.613110673871813e-4,0.9675375703000938,0.19230769230769232,0,0.1865910979502116,1
synodus,1.5971892388719092e-4,9.35221817189315e-4,0.9677065220308491,0.11538461538461539,0,0.1707818626036815,1
foa_hyalina,1.5963807951505972e-4,5.461610495902119e-4,0.9678753882438944,0.15384615384615385,0,0.2922912200253701,1
diancistrus_machidai,1.5907568917747044e-4,4.566181760462141e-4,0.9680436595567327,0,0.125,0.3483779173113128,0.001
samariscus_triocellatus,1.5612214852838614e-4,5.387451801585942e-4,0.968208806594799,0.038461538461538464,0.0625,0.28978848308661875,0.146
diodon_holocanthus,1.5480312666273633e-4,4.335264551008398e-4,0.9683725583628391,0,0.1875,0.35707884684160407,0.001
parapercis_pacifica,1.543326848737827e-4,6.18745878191091e-4,0.9685358124944531,0,0.125,0.2494282229806131,0.001
halichoeres_marginatus,1.5335912346264166e-4,3.27087196907071e-4,0.9686980367863874,0,0.25,0.4688631194152569,0.001
plesiops_cephalotaenia,1.5306357694966805e-4,5.998804251378367e-4,0.9688599484472719,0,0.25,0.2551568121505183,0.001
ungusurculus,1.5306357694966805e-4,5.998804251378367e-4,0.9690218601081562,0,0.25,0.2551568121505183,0.001
scorpaenodes_kelloggi,1.526927370630208e-4,5.070929005304011e-4,0.9691833794921634,0.038461538461538464,0.125,0.30111393179299023,0.136
diademichthys_lineatus,1.515474654212069e-4,4.4410057491608805e-4,0.9693436874002768,0.07692307692307693,0.0625,0.3412458212868594,0.577
asterorhombus_cocosensis,1.502829248202776e-4,5.212395525495045e-4,0.969502657669005,0.19230769230769232,0,0.2883183443873526,1
canthigaster_ocellicincta,1.486909752953016e-4,5.462477931482959e-4,0.9696599439630298,0.2692307692307692,0,0.2722042581413868,1
ostorhinchus,1.4795142057020316e-4,5.459383169272703e-4,0.9698164479511902,0.07692307692307693,0.0625,0.27100391378081856,0.915
amphiprion_biaculeatus,1.4750521178261684e-4,6.569240650496782e-4,0.9699724799367531,0.11538461538461539,0,0.22453921180595224,1
congrogadus_hierichthys,1.4639250700525475e-4,5.767763460443083e-4,0.9701273348958662,0,0.1875,0.2538115649319793,0.001
pomacentrus_simsiang,1.4639250700525475e-4,5.767763460443083e-4,0.9702821898549792,0,0.1875,0.2538115649319793,0.001
scarus_niger,1.4498064596839315e-4,4.609280997555636e-4,0.9704355513381788,0.038461538461538464,0.1875,0.31454069744343716,0.603
halichoeres_podostigma,1.4485825282606668e-4,3.736978643744416e-4,0.9705887833531054,0.11538461538461539,0.0625,0.3876346820139174,0.996
pseudochromis_flavopunctatus,1.4351845386728512e-4,7.790940407129294e-4,0.9707405981198598,0.15384615384615385,0,0.18421197746032686,1
platax_orbicularis,1.4304664283582775e-4,5.762415737624801e-4,0.9708919138017943,0.15384615384615385,0,0.24824075413689237,1
mirolabrichthys_tuka,1.421295749882784e-4,6.082195374739044e-4,0.9710422594033132,0.11538461538461539,0,0.23368137034627315,1
amblyeleotris_wheeleri,1.4160848035853758e-4,3.4602878503945127e-4,0.9711920537874971,0.038461538461538464,0.125,0.40923901848914845,0.045
gobiodon_okinawae,1.40897815895923e-4,5.176831258493542e-4,0.9713410964261269,0,0.125,0.27216999909887785,0.001
priolepis_semidoliata,1.392476990434824e-4,3.372327654691997e-4,0.9714883935602704,0.11538461538461539,0.0625,0.4129127217212831,0.979
eviota_punctulata,1.388615411789295e-4,5.433451556589541e-4,0.9716352822140788,0,0.25,0.25556782780279325,0.001
macropharyngodon_meleagris,1.3801569338582154e-4,3.5372671065015727e-4,0.9717812761245149,0.15384615384615385,0,0.3901760574771007,1
bryaninops_loki,1.363833034160492e-4,3.409016080718206e-4,0.971925543282078,0.038461538461538464,0.125,0.4000664713418312,0.043
nectamia_similis,1.3614165076664722e-4,7.342825787173951e-4,0.9720695548178754,0.15384615384615385,0,0.1854077091199032,1
chaetodontidae,1.3546627736963713e-4,3.2564983828778225e-4,0.9722128519392406,0.038461538461538464,0.1875,0.4159875468751908,0.303
apogonichthyoides_timorensis,1.3536945089552668e-4,7.624087099597494e-4,0.972356046636923,0.11538461538461539,0,0.1775549637971389,1
eleotris,1.3536945089552668e-4,7.624087099597494e-4,0.9724992413346054,0.11538461538461539,0,0.1775549637971389,1
terapon_jarbua,1.3536945089552668e-4,7.624087099597494e-4,0.9726424360322877,0.11538461538461539,0,0.1775549637971389,1
synchiropus_splendidus,1.3303252605513969e-4,4.578014306798061e-4,0.9727831587154662,0.15384615384615385,0,0.2905900181604824,1
cabillus,1.3294671204298696e-4,4.58357593452269e-4,0.9729237906240165,0.038461538461538464,0.125,0.2900502008522552,0.151
bryaninops_isis,1.3268589794712443e-4,5.281758826698504e-4,0.9730641466416967,0,0.125,0.2512153665108997,0.001
uropterygius_xanthopterus,1.326579742039112e-4,5.214168706106235e-4,0.9732044731214573,0,0.1875,0.2544182623944588,0.001
eviota_sebreei,1.323103899649022e-4,3.9939057338690703e-4,0.9733444319243182,0,0.1875,0.3312807031044455,0.001
eviota_winterbottomi,1.3133032271469143e-4,7.35353176088258e-4,0.9734833540055798,0.11538461538461539,0,0.17859489424293856,1
ophichthus,1.3133032271469143e-4,7.35353176088258e-4,0.9736222760868416,0.11538461538461539,0,0.17859489424293856,1
ptereleotris_evides,1.309831572467873e-4,3.5343476788276987e-4,0.9737608309341824,0,0.1875,0.3706006571776574,0.001
gymnothorax_margaritophorus,1.3053402905841718e-4,4.4506264066586896e-4,0.9738989106907644,0.07692307692307693,0.0625,0.29329361112656427,0.752
valenciennea,1.298736746199418e-4,4.981787140257338e-4,0.9740362919200674,0.07692307692307693,0.0625,0.2606969566612858,0.946
chaetodon_rafflesii,1.296175056167899e-4,4.283312373999682e-4,0.9741734021721099,0.07692307692307693,0.125,0.30261044327186287,0.681
gymnothorax_robinsi,1.2947892925665986e-4,3.4792544453928886e-4,0.9743103658371651,0,0.3125,0.3721456170821639,0.001
callogobius_okinawae,0.00012873188910614067,5.018879097691778e-4,0.9744465392782236,0,0.3125,0.2564952982536389,0.001
clupeidae,0.00012873188910614067,5.018879097691778e-4,0.974582712719282,0,0.3125,0.2564952982536389,0.001
enchelycore_bayeri,1.2827280906492082e-4,4.320231717206357e-4,0.9747184005424461,0.038461538461538464,0.0625,0.2969118729304348,0.145
scorpaenidae,1.2817487720591234e-4,5.078512798602366e-4,0.974853984772644,0.15384615384615385,0,0.2523866381535688,1
myripristis_botche,1.2791254529325778e-4,7.127794854899011e-4,0.974989291506415,0.11538461538461539,0,0.17945598589350828,1
micrognathus_andersonii,1.2716498886493382e-4,5.053250368720694e-4,0.9751238074700674,0,0.125,0.25164988786638637,0.001
xenisthmus_eirospilus,1.2716498886493382e-4,5.053250368720694e-4,0.9752583234337197,0,0.125,0.25164988786638637,0.001
plectranthias_longimanus,1.268055760849859e-4,5.154528522273317e-4,0.9753924592081638,0.19230769230769232,0,0.24600809858175055,1
helcogramma_striata,1.2670454370669113e-4,3.6951310468837285e-4,0.9755264881098918,0,0.1875,0.34289594089916464,0.001
pseudanthias,1.2614890132602662e-4,5.109293498161688e-4,0.9756599292494462,0.11538461538461539,0,0.24690087068087732,1
cheilinus_trilobatus,1.2582863262054292e-4,5.091115638517848e-4,0.9757930316066523,0.11538461538461539,0,0.24715335803524352,1
siganus_vulpinus,1.258175080586418e-4,3.426506987047495e-4,0.9759261221962234,0,0.125,0.3671888267972116,0.001
trimma_maiandros,1.258175080586418e-4,3.426506987047495e-4,0.9760592127857947,0,0.125,0.3671888267972116,0.001
diancistrus_springeri,1.2442370718987475e-4,5.17691396165241e-4,0.9761908290036172,0,0.0625,0.2403433939824647,0.001
scarus_forsteni,1.2442370718987475e-4,5.17691396165241e-4,0.9763224452214397,0,0.0625,0.2403433939824647,0.001
variola_louti,1.2442370718987475e-4,5.17691396165241e-4,0.9764540614392623,0,0.0625,0.2403433939824647,0.001
pteragogus,1.2355107096612874e-4,3.367762314371533e-4,0.9765847545767337,0,0.125,0.36686398692356925,0.001
zebrasoma_scopas,1.2352861304877735e-4,4.093693033844755e-4,0.9767154239580721,0.07692307692307693,0.0625,0.30175348280269204,0.675
trimma_preclarum,1.2343316194328224e-4,5.215070500429163e-4,0.9768459923706019,0.11538461538461539,0,0.2366855096841444,1
diplogrammus_goramensis,1.231047733146451e-4,4.885816234112452e-4,0.9769762134114751,0,0.125,0.251963576638711,0.001
hyporhamphus_affinis,1.231047733146451e-4,4.885816234112452e-4,0.9771064344523483,0,0.125,0.251963576638711,0.001
istigobius_nigroocellatus,1.231047733146451e-4,4.885816234112452e-4,0.9772366554932216,0,0.125,0.251963576638711,0.001
trimma_trioculatum,1.2279568151684516e-4,3.7864232778514023e-4,0.9773665495747531,0.15384615384615385,0,0.3243052149904522,1
scarus_hypselopterus,1.2264652747606222e-4,3.43278870534838e-4,0.977496285880157,0.07692307692307693,0.0625,0.35727957064463517,0.911
cirrhitichthys_aprinus,1.2241670175793686e-4,6.52816115600685e-4,0.9776257790744008,0.15384615384615385,0,0.1875209554918782,1
atherinidae,1.2100431390948082e-4,6.445642831837409e-4,0.9777537782354665,0.15384615384615385,0,0.18773040496720644,1
fusigobius_gracilis,1.2031266015147878e-4,3.966118644172297e-4,0.9778810457606265,0.038461538461538464,0.0625,0.30335113733489244,0.626
diancistrus_erythraeus,1.1894911817015917e-4,4.714976621288353e-4,0.9780068709220887,0,0.125,0.2522793382115576,0.001
centriscidae,1.1822827292454967e-4,3.2245465492577313e-4,0.9781319335686972,0,0.1875,0.3666508487891577,0.001
choeroichthys_cinctus,1.1817347285057851e-4,3.675006500468468e-4,0.9782569382474263,0.11538461538461539,0,0.3215599015553155,1
amblyglyphidodon_aureus,1.166826810776461e-4,3.162926645551594e-4,0.9783803659567888,0,0.125,0.36890732588361175,0.001
eviota_spilota,1.166826810776461e-4,3.162926645551594e-4,0.9785037936661511,0,0.125,0.36890732588361175,0.001
enneapterygius_hemimelas_2,1.1529408617109664e-4,4.565152974616448e-4,0.9786257525106661,0,0.125,0.2525525142578236,0.001
ostracion_meleagris,1.1529408617109664e-4,4.565152974616448e-4,0.978747711355181,0,0.125,0.2525525142578236,0.001
selar_crumenophthalmus,1.1479768271225104e-4,4.499103188533775e-4,0.9788691451008443,0,0.1875,0.25515681215051833,0.001
uroconger_lepturus,1.1450161238750973e-4,3.6940258624470405e-4,0.9789902656613659,0.038461538461538464,0.125,0.30996429546289156,0.154
enchelyurus_kraussi,1.1188763191394086e-4,4.6508033399715967e-4,0.979108621136108,0.15384615384615385,0,0.24057700086416506,1
cheilodipterus_singapurensis,1.1171039374762085e-4,0.00035107921705566176,0.9792267891271493,0.11538461538461539,0.0625,0.3181914175509562,0.634
heniochus_varius,1.1113081978269923e-4,3.425685845361971e-4,0.979344344041029,0.11538461538461539,0,0.3244045858237673,1
trimma_striatum,1.108758108409749e-4,3.7076975107557116e-4,0.979461629204769,0.038461538461538464,0.0625,0.29904222369633365,0.128
apterichtus,1.107083404810762e-4,4.3060946097474263e-4,0.9795787372172581,0.11538461538461539,0,0.25709686041377944,1
plectorhinchus_chaetodonoides,1.0956887091555833e-4,3.065891261584973e-4,0.9796946398913279,0.07692307692307693,0.0625,0.3573801598524879,0.657
trimma_anaima,1.0930905120171928e-4,4.945731859944308e-4,0.9798102677263913,0.15384615384615385,0,0.22101693803300967,1
hemigymnus_melapterus,1.0915982089127523e-4,3.4848100901789997e-4,0.9799257377046485,0.038461538461538464,0.125,0.3132446763710678,0.639
paragobiodon_lacunicola,1.0723240883063088e-4,3.422559960576947e-4,0.98003916885372,0.11538461538461539,0,0.31331053382788515,1
ctenochaetus_tominiensis,1.0675227670017583e-4,4.2323204334492206e-4,0.9801520921158583,0.15384615384615385,0,0.2522310831110105,1
gymnapogon_vanderbilti,1.0645785639636071e-4,3.6096577656010066e-4,0.980264703938258,0.038461538461538464,0.0625,0.2949250685504683,0.758
naso,1.0622572342787015e-4,5.515423331984923e-4,0.9803770702088732,0.19230769230769232,0,0.19259758867800456,1
neoniphon_sammara,1.0622572342787015e-4,5.515423331984923e-4,0.9804894364794883,0.19230769230769232,0,0.19259758867800456,1
doryrhamphus_excisus,1.0621286848389829e-4,2.731024611712113e-4,0.980601789152059,0.038461538461538464,0.125,0.3889121614957257,0.238
phoxocampus_kampeni,1.0491275817532236e-4,3.4930433248884276e-4,0.9807127665593732,0,0.1875,0.3003477152081227,0.001
uropterygius,1.0470917827490767e-4,3.993468763553644e-4,0.9808235286185265,0.11538461538461539,0,0.2622010699834065,1
ostracion_cubicum,1.0429200583348136e-4,3.4093912234359376e-4,0.9809338493899209,0.038461538461538464,0.0625,0.3058962700337373,0.148
plectroglyphidodon_fasciolatus,1.0422787560510186e-4,3.48499663876112e-4,0.9810441023239368,0.07692307692307693,0.125,0.2990759716834441,0.719
pleurosicya_fringilla,1.0361076772252979e-4,3.956893092443057e-4,0.9811537024771657,0.11538461538461539,0,0.2618487922264249,1
scarus_schlegeli,1.0359468644789412e-4,3.5017397166811414e-4,0.9812632856195164,0.038461538461538464,0.0625,0.29583776873650247,0.748
rudarius_minutus,1.0352345578612064e-4,3.40411875869436e-4,0.9813727934136033,0.038461538461538464,0.0625,0.3041123507272313,0.692
foa,1.0239441442286649e-4,3.9183806852509726e-4,0.9814811069002921,0.11538461538461539,0,0.2613181889352543,1
epinephelus_fasciatus,1.0229691041131276e-4,2.817182807629943e-4,0.9815893172465947,0.038461538461538464,0.125,0.3631177576913219,0.441
plectorhinchus_polytaenia,9.981828089473957e-5,2.7829295375259526e-4,0.9816949056822525,0,0.125,0.3586805901793649,0.001
gymnothorax_meleagris,9.960113009239086e-5,4.059540147024613e-4,0.9818002644143596,0,0.0625,0.24535077000135647,0.001
gymnothorax_pindae,9.960113009239086e-5,4.059540147024613e-4,0.9819056231464669,0,0.0625,0.24535077000135647,0.001
plesiopidae,9.960113009239086e-5,4.059540147024613e-4,0.982010981878574,0,0.0625,0.24535077000135647,0.001
brosmophyciops_pautzkei,9.835280075004793e-5,5.643404937741338e-4,0.9821150201196724,0.07692307692307693,0,0.17427918399456857,1
fusigobius_melacron,9.835280075004793e-5,5.643404937741338e-4,0.9822190583607708,0.07692307692307693,0,0.17427918399456857,1
pomacentrus_nigromanus,9.835280075004793e-5,5.643404937741338e-4,0.9823230966018692,0.07692307692307693,0,0.17427918399456857,1
oxymonacanthus_longirostris,9.777084674838389e-5,3.726403413795382e-4,0.9824265192481876,0.15384615384615385,0,0.2623732212847112,1
chelmon_rostratus,9.759500467016983e-5,3.845175640295389e-4,0.9825297558875964,0,0.125,0.2538115649319793,0.001
favonigobius,9.759500467016983e-5,3.845175640295389e-4,0.9826329925270051,0,0.125,0.2538115649319793,0.001
gobiopsis_liolepis,9.759500467016983e-5,3.845175640295389e-4,0.9827362291664138,0,0.125,0.2538115649319793,0.001
sphaeramia_nematoptera,9.759500467016983e-5,3.845175640295389e-4,0.9828394658058225,0,0.125,0.2538115649319793,0.001
parupeneus_barberinus,9.725337019032536e-5,3.5372505667297934e-4,0.9829423410620259,0.038461538461538464,0.0625,0.2749405741992335,0.913
sargocentron_spiniferum,9.72401566810085e-5,3.058716586083403e-4,0.9830452023408921,0.038461538461538464,0.125,0.3179116271296049,0.615
apogonichthys_perdix,9.618035132193708e-5,3.2597543305744797e-4,0.9831469425506619,0.07692307692307693,0.0625,0.2950539874119496,0.713
gymnothorax_javanicus,9.58771563934829e-5,3.861110772848103e-4,0.9832483620388374,0.07692307692307693,0,0.24831495917626897,1
coris_gaimard,9.526647834791613e-5,2.849227027749969e-4,0.9833491355477498,0.11538461538461539,0,0.3343590293790943,1
eviota_nigriventris,9.481733615631566e-5,3.1524934305164696e-4,0.9834494339510907,0.11538461538461539,0,0.30076933781518406,1
valenciennea_puellaris,9.398817098779456e-5,3.029720363358995e-4,0.9835488552580496,0.038461538461538464,0.0625,0.3102206135076823,0.642
plagiotremus_laudandus,9.364045114293959e-5,3.1187152870430665e-4,0.9836479087446638,0,0.125,0.30025328548577607,0.001
chrysiptera_springeri,9.343327166712963e-5,5.299885266780018e-4,0.9837467430754625,0.07692307692307693,0,0.17629300817656315,1
sueviota_atrinasa,9.343327166712963e-5,5.299885266780018e-4,0.9838455774062612,0.07692307692307693,0,0.17629300817656315,1
moringua,9.303915254537413e-5,2.9950264903046625e-4,0.9839439948352545,0.038461538461538464,0.0625,0.3106455079664752,0.592
scorpaenopsis_papuensis,9.242277649717606e-5,2.608684069356077e-4,0.9840417602575999,0,0.1875,0.3542888829768855,0.001
chaetodon_octofasciatus,9.090987224345243e-5,2.932475644256353e-4,0.9841379253198509,0.038461538461538464,0.0625,0.31001066427102847,0.616
gymnothorax_microstictus,9.074249334564623e-5,3.5636614394770884e-4,0.9842339133276002,0.07692307692307693,0,0.25463275590781503,1
bathygobius_laddi,9.065380114697812e-5,3.4300705278533973e-4,0.9843298075161571,0.11538461538461539,0,0.26429136197298825,1
fibramia_lateralis,9.02463005970178e-5,5.082724733064997e-4,0.9844252706479453,0.07692307692307693,0,0.17755496379713887,1
istigobius_ornatus,9.02463005970178e-5,5.082724733064997e-4,0.9845207337797336,0.07692307692307693,0,0.17755496379713887,1
canthigaster_janthinoptera,8.994020669272637e-5,2.3439454312926974e-4,0.9846158731233717,0.038461538461538464,0.125,0.38371288636665873,0.454
eviota_jewettae,8.854818451998292e-5,2.936775976796565e-4,0.9847095399767776,0.07692307692307693,0.0625,0.3015149443457763,1
ecsenius_bicolor,8.843864946927412e-5,3.4761124707374905e-4,0.9848030909632847,0,0.125,0.25441826239445875,0.001
fistularia_commersonii,8.843864946927412e-5,3.4761124707374905e-4,0.9848966419497917,0,0.125,0.25441826239445875,0.001
helcogramma_chica,8.843864946927412e-5,3.4761124707374905e-4,0.9849901929362987,0,0.125,0.25441826239445875,0.001
pseudamiops_gracilicauda,8.843864946927412e-5,3.4761124707374905e-4,0.9850837439228058,0,0.125,0.25441826239445875,0.001
pseudochromis,8.843864946927412e-5,3.4761124707374905e-4,0.9851772949093128,0,0.125,0.25441826239445875,0.001
chaetodon,8.767771177684763e-5,2.961630882364016e-4,0.9852700409709116,0.038461538461538464,0.0625,0.2960453724971359,0.771
ecsenius_bimaculatus,8.751852521484564e-5,2.804508029849538e-4,0.9853626186439158,0.038461538461538464,0.0625,0.31206373554060035,0.601
callogobius_mannarensis,8.681050608973149e-5,3.504197015854009e-4,0.9854544473696213,0,0.0625,0.24773294908070362,0.001
eviota_herrei,8.681050608973149e-5,3.504197015854009e-4,0.9855462760953266,0,0.0625,0.24773294908070362,0.001
halichoeres_melanochir,8.681050608973149e-5,3.504197015854009e-4,0.985638104821032,0,0.0625,0.24773294908070362,0.001
suttonia_lineata,8.681050608973149e-5,3.504197015854009e-4,0.9857299335467374,0,0.0625,0.24773294908070362,0.001
nectamia,8.658477052661183e-5,3.3384118459853446e-4,0.9858215234878758,0.11538461538461539,0,0.25935916394118835,1
pleurosicya_coerulea,8.620814093718865e-5,2.3488366614564987e-4,0.9859127150277512,0,0.1875,0.3670248440508057,0.001
amblyeleotris_guttata,8.538724490447016e-5,2.7329733455462075e-4,0.986003038218391,0.038461538461538464,0.0625,0.312433507789681,0.63
cheilodipterus_heptozona,8.52750301955052e-5,4.7518632365993403e-4,0.9860932427075717,0.07692307692307693,0,0.1794559858935083,1
pteragogus_flagellifer,8.52750301955052e-5,4.7518632365993403e-4,0.9861834471967524,0.07692307692307693,0,0.1794559858935083,1
epinephelus_bontoides,8.372078588932004e-5,3.2668215848607947e-4,0.9862720075960586,0.11538461538461539,0,0.256275966454065,1
pleurosicya_labiata,8.309375008928411e-5,3.10392749147487e-4,0.9863599047127611,0.15384615384615385,0,0.26770519065766285,1
aporops_bilinearis,8.216128152023525e-5,4.3385316730748747e-4,0.9864468154580633,0.11538461538461539,0,0.18937577897640326,1
gobiopsis_bravoi,8.216128152023525e-5,4.3385316730748747e-4,0.9865337262033657,0.11538461538461539,0,0.18937577897640326,1
wetmorella_albofasciata,8.196611375443244e-5,3.539678814623373e-4,0.9866204304989186,0.11538461538461539,0,0.23156370407339838,1
halichoeres_margaritaceus,8.184768092423626e-5,2.61297583817976e-4,0.9867070095154427,0.038461538461538464,0.0625,0.31323550615474743,0.618
amphiprion_sandaracinos,8.174730164031444e-5,3.3683347199547914e-4,0.9867934823500986,0.11538461538461539,0,0.2426935219829092,1
paraluteres_prionurus,8.11360989592809e-5,2.5347235683189306e-4,0.9868793086505284,0.038461538461538464,0.1875,0.3200984122031566,0.624
samariscus_triocellatus_2,7.870487576223505e-5,3.3540777429146143e-4,0.9869625631870309,0.11538461538461539,0,0.23465429782746292,1
barbuligobius_boehlkei,7.723913346368441e-5,3.011327458615067e-4,0.987044267251666,0,0.1875,0.2564952982536389,0.001
cephalopholis_spiloparaea,7.716634243689136e-5,3.093729390955455e-4,0.9871258943174731,0,0.0625,0.2494282229806131,0.001
choerodon,7.716634243689136e-5,3.093729390955455e-4,0.9872075213832802,0,0.0625,0.2494282229806131,0.001
coradion_altivelis,7.716634243689136e-5,3.093729390955455e-4,0.9872891484490871,0,0.0625,0.2494282229806131,0.001
neoniphon_opercularis,7.716634243689136e-5,3.093729390955455e-4,0.9873707755148942,0,0.0625,0.2494282229806131,0.001
paradiancistrus_cuyoensis,7.716634243689136e-5,3.093729390955455e-4,0.9874524025807012,0,0.0625,0.2494282229806131,0.001
pempheris,7.716634243689136e-5,3.093729390955455e-4,0.987534029646508,0,0.0625,0.2494282229806131,0.001
pycnochromis_ovatiformis,7.716634243689136e-5,3.093729390955455e-4,0.9876156567123151,0,0.0625,0.2494282229806131,0.001
siphamia_cyanophthalma,7.716634243689136e-5,3.093729390955455e-4,0.9876972837781222,0,0.0625,0.2494282229806131,0.001
synchiropus_laddi,7.716634243689136e-5,3.093729390955455e-4,0.9877789108439291,0,0.0625,0.2494282229806131,0.001
anampses_caeruleopunctatus,7.653178847483402e-5,2.9994021256891836e-4,0.9878598666743713,0,0.125,0.2551568121505183,0.001
doryrhamphus,7.653178847483402e-5,2.9994021256891836e-4,0.9879408225048134,0,0.125,0.2551568121505183,0.001
enneapterygius_elegans,7.653178847483402e-5,2.9994021256891836e-4,0.9880217783352557,0,0.125,0.2551568121505183,0.001
gobiodon_axillaris,7.653178847483402e-5,2.9994021256891836e-4,0.9881027341656978,0,0.125,0.2551568121505183,0.001
leptoscarus,7.653178847483402e-5,2.9994021256891836e-4,0.98818368999614,0,0.125,0.2551568121505183,0.001
ablabys_taenianotus,7.616519270152943e-5,2.4634835125552946e-4,0.9882642580391561,0.038461538461538464,0.0625,0.3091767909683538,0.158
scorpaenopsis_diabolus,7.616519270152943e-5,2.4634835125552946e-4,0.9883448260821722,0.038461538461538464,0.0625,0.3091767909683538,0.158
ctenochaetus,7.527867927685889e-5,2.904537821473208e-4,0.9884244563654427,0.07692307692307693,0,0.2591761027187343,1
sargocentron_violaceum,7.525212232630615e-5,2.5074529741854875e-4,0.9885040585565957,0.07692307692307693,0.0625,0.3001137931639607,0.652
taeniamia_fucata,7.516870393937285e-5,2.107897742597078e-4,0.9885835725072292,0,0.25,0.3566050782271807,0.001
caesio_caerulaurea,7.426093440907964e-5,2.6363728449584783e-4,0.9886621262132683,0.038461538461538464,0.125,0.2816784225004002,0.91
scorpaenopsis_venosa,7.39714691142212e-5,2.3874833211593873e-4,0.98874037372101,0.038461538461538464,0.0625,0.3098303073309005,0.64
scarus,7.382722772300435e-5,2.829429878024921e-4,0.988818468649257,0.07692307692307693,0,0.26092616147299375,1
dinemitichthys,7.175922693364256e-5,3.895470203564647e-4,0.9888943760326342,0.07692307692307693,0,0.18421197746032686,1
trimma_yanoi,6.998609953306653e-5,3.600707230882187e-4,0.9889684077901564,0.15384615384615385,0,0.19436764792432087,1
chaetodon_trifascialis,6.943077058946475e-5,2.7167257782947707e-4,0.9890418521170605,0,0.125,0.25556782780279325,0.001
chromis_atripectoralis,6.943077058946475e-5,2.7167257782947707e-4,0.9891152964439648,0,0.125,0.25556782780279325,0.001
liobranchia_stria,6.943077058946475e-5,2.7167257782947707e-4,0.989188740770869,0,0.125,0.25556782780279325,0.001
myripristis_adusta,6.943077058946475e-5,2.7167257782947707e-4,0.9892621850977733,0,0.125,0.25556782780279325,0.001
sargocentron_microstoma,6.943077058946475e-5,2.7167257782947707e-4,0.9893356294246775,0,0.125,0.25556782780279325,0.001
salarias_ceramensis,6.923020381816327e-5,2.9169032225149057e-4,0.9894088615907286,0.07692307692307693,0,0.237341449259582,1
pomacentridae,6.857315738397648e-5,2.658980619631065e-4,0.9894813987287295,0.07692307692307693,0,0.2578926558460251,1
liopropoma_susumi,6.811440790240419e-5,2.5589231714281003e-4,0.9895534505985042,0.07692307692307693,0,0.26618387243095876,1
cirrhitichthys_oxycephalus,6.807082538332361e-5,3.6714128935869757e-4,0.989625456366403,0.07692307692307693,0,0.1854077091199032,1
macropharyngodon_negrosensis,6.76307007900218e-5,2.2726313317790044e-4,0.989696996567605,0.038461538461538464,0.125,0.2975876458461075,0.744
istigobius_rigilius,6.634294897356222e-5,2.640879413349252e-4,0.9897671745764451,0,0.0625,0.2512153665108997,0.001
valenciennea_parva,6.634294897356222e-5,2.640879413349252e-4,0.9898373525852853,0,0.0625,0.2512153665108997,0.001
sebastapistes,6.62091501566201e-5,2.488170465676617e-4,0.9899073890608546,0.07692307692307693,0,0.2660957159887179,1
scorpaenopsis_brevifrons,6.592310358919805e-5,3.542644009042076e-4,0.989977122954479,0.07692307692307693,0,0.18608447086678498,1
liopropoma_collettei,6.519634623018193e-5,2.4312250758642587e-4,0.9900460880793773,0.07692307692307693,0,0.2681625279264025,1
soleichthys,6.466901966105914e-5,2.0707319465535992e-4,0.990114495394754,0.038461538461538464,0.0625,0.3123002944378694,0.625
paracirrhites_forsteri,6.44695888711658e-5,3.4561756596227406e-4,0.9901826917509264,0.07692307692307693,0,0.18653446821103703,1
pervagor_melanocephalus,6.44695888711658e-5,3.4561756596227406e-4,0.9902508881070987,0.07692307692307693,0,0.18653446821103703,1
scorpaenodes_minor,6.44695888711658e-5,3.4561756596227406e-4,0.990319084463271,0.07692307692307693,0,0.18653446821103703,1
pleurosicya_plicata,6.428519109617713e-5,3.445244269548725e-4,0.990387085762261,0.07692307692307693,0,0.18659109795021156,1
pherallodus_indicus,6.401227205864514e-5,1.749043378686745e-4,0.9904547983656938,0,0.125,0.3659844737910859,0.001
belonepterygion,6.373543405672208e-5,3.309253999190954e-4,0.9905222181280628,0.11538461538461539,0,0.19259758867800453,1
fusigobius_neophytus,6.373543405672208e-5,3.309253999190954e-4,0.9905896378904319,0.11538461538461539,0,0.19259758867800453,1
helcogramma_inclinata,6.373543405672208e-5,3.309253999190954e-4,0.9906570576528011,0.11538461538461539,0,0.19259758867800453,1
brachysomophis,6.358249443246691e-5,2.526625184360347e-4,0.9907243156346272,0,0.0625,0.25164988786638637,0.001
ctenogobiops_aurocingulus,6.358249443246691e-5,2.526625184360347e-4,0.9907915736164534,0,0.0625,0.25164988786638637,0.001
gymnothorax_enigmaticus,6.358249443246691e-5,2.526625184360347e-4,0.9908588315982796,0,0.0625,0.25164988786638637,0.001
halichoeres_podostisma,6.358249443246691e-5,2.526625184360347e-4,0.9909260895801056,0,0.0625,0.25164988786638637,0.001
leiuranus_semicinctus,6.358249443246691e-5,2.526625184360347e-4,0.9909933475619319,0,0.0625,0.25164988786638637,0.001
limnichthys_nitidus,6.358249443246691e-5,2.526625184360347e-4,0.9910606055437581,0,0.0625,0.25164988786638637,0.001
halichoeres_argus,6.315418750177177e-5,2.0081095882123933e-4,0.9911274104596891,0.038461538461538464,0.0625,0.3144957221084295,0.643
lutjanus_russelli,6.155238665732256e-5,2.442908117056226e-4,0.9911925209801257,0,0.0625,0.251963576638711,0.001
neoglyphidodon_oxyodon,6.155238665732256e-5,2.442908117056226e-4,0.9912576315005622,0,0.0625,0.251963576638711,0.001
acanthurus_pyroferus,6.123106565625433e-5,2.2729024976653788e-4,0.9913224021255254,0.07692307692307693,0,0.2693959187389167,1
canthigaster_axiologus,6.120835087896843e-5,3.264080578003425e-4,0.9913871487226473,0.07692307692307693,0,0.1875209554918782,1
acanthurus_olivaceus,6.0693433440685304e-5,1.8124235437506225e-4,0.9914513506367081,0,0.125,0.33487444835927554,0.001
petroscirtes_breviceps,6.0693433440685304e-5,1.8124235437506225e-4,0.991515552550769,0,0.125,0.33487444835927554,0.001
aseraggodes_matsuurai,6.050215695474041e-5,3.2228214159187046e-4,0.9915795521313016,0.07692307692307693,0,0.18773040496720644,1
paragobiodon_modestus,6.050215695474041e-5,3.2228214159187046e-4,0.9916435517118344,0.07692307692307693,0,0.18773040496720644,1
callionymus_enneactis,5.947455908507958e-5,2.3574883106441765e-4,0.9917064642925655,0,0.0625,0.2522793382115576,0.001
eviota_infulata,5.947455908507958e-5,2.3574883106441765e-4,0.9917693768732966,0,0.0625,0.2522793382115576,0.001
plesiops_cephalotaenia_2,5.947455908507958e-5,2.3574883106441765e-4,0.9918322894540276,0,0.0625,0.2522793382115576,0.001
chromis_scotochiloptera,5.799254244134286e-5,3.077132715529031e-4,0.9918936343477815,0.07692307692307693,0,0.1884629224754532,1
amphiprion_polymnus,5.764704308554832e-5,2.282576487308224e-4,0.991954613770039,0,0.0625,0.2525525142578236,0.001
bathygobius,5.764704308554832e-5,2.282576487308224e-4,0.9920155931922966,0,0.0625,0.2525525142578236,0.001
blenniella_chrysospilos,5.764704308554832e-5,2.282576487308224e-4,0.992076572614554,0,0.0625,0.2525525142578236,0.001
exallias_brevis,5.764704308554832e-5,2.282576487308224e-4,0.9921375520368114,0,0.0625,0.2525525142578236,0.001
istiblennius_edentulus,5.764704308554832e-5,2.282576487308224e-4,0.9921985314590689,0,0.0625,0.2525525142578236,0.001
sebastapistes_cyanostigma,5.764704308554832e-5,2.282576487308224e-4,0.9922595108813264,0,0.0625,0.2525525142578236,0.001
xenisthmus_africanus,5.764704308554832e-5,2.282576487308224e-4,0.9923204903035838,0,0.0625,0.2525525142578236,0.001
chaetodon_melannotus,5.7418007879154595e-5,1.7989183397930128e-4,0.9923812274508899,0.038461538461538464,0.0625,0.319180735495538,0.653
bryaninops_erythrops,5.720812199256651e-5,2.2646145634282197e-4,0.9924417425795213,0,0.0625,0.25261747811938334,0.001
chaetodontoplus_mesoleucus,5.720812199256651e-5,2.2646145634282197e-4,0.9925022577081526,0,0.0625,0.25261747811938334,0.001
ecsenius_namiyei,5.720812199256651e-5,2.2646145634282197e-4,0.9925627728367841,0,0.0625,0.25261747811938334,0.001
opistognathus_albomaculatus,5.720812199256651e-5,2.2646145634282197e-4,0.9926232879654155,0,0.0625,0.25261747811938334,0.001
pomacanthus_sexstriatus,5.720812199256651e-5,2.2646145634282197e-4,0.9926838030940468,0,0.0625,0.25261747811938334,0.001
gymnapogon,5.633369204924163e-5,2.981610546499704e-4,0.9927433932449189,0.07692307692307693,0,0.1889371236474033,1
petroscirtes_variabilis,5.633369204924163e-5,2.981610546499704e-4,0.9928029833957909,0.07692307692307693,0,0.1889371236474033,1
choeroichthys_brachysoma,5.477418768015684e-5,2.8923544487165833e-4,0.992860923892659,0.07692307692307693,0,0.18937577897640326,1
stegastes,5.388630886468032e-5,2.0366824922651521e-4,0.9929179251854622,0.07692307692307693,0,0.2645788387209495,1
platax_boersii,5.32396412957303e-5,3.1174060572977165e-4,0.9929742424290473,0.038461538461538464,0,0.17078186260368147,1
pristiapogon_taeniopterus,5.32396412957303e-5,3.1174060572977165e-4,0.9930305596726323,0.038461538461538464,0,0.17078186260368147,1
salarias_alboguttatus,5.32396412957303e-5,3.1174060572977165e-4,0.9930868769162174,0.038461538461538464,0,0.17078186260368147,1
atherinomorus_lacunosus,5.149275564245627e-5,2.007551639076711e-4,0.9931413462926408,0,0.125,0.2564952982536389,0.001
helcogramma_fuscopinna,5.149275564245627e-5,2.007551639076711e-4,0.9931958156690641,0,0.125,0.2564952982536389,0.001
lutjanus_lemniscatus,5.149275564245627e-5,2.007551639076711e-4,0.9932502850454876,0,0.125,0.2564952982536389,0.001
atrosalarias_hosokawai,4.96391204313552e-5,1.9144183271971673e-4,0.9933027936343632,0.07692307692307693,0,0.2592908755947301,1
ostorhinchus_parvulus,4.942232611814472e-5,1.9211375277410317e-4,0.9933550728967849,0,0.1875,0.2572555343097062,0.001
callogobius_flavobrunneus,4.9176400375023965e-5,2.821702468870669e-4,0.9934070920173341,0.038461538461538464,0,0.17427918399456857,1
hologymnosus_doliatus,4.9176400375023965e-5,2.821702468870669e-4,0.9934591111378832,0.038461538461538464,0,0.17427918399456857,1
muraenichthys_schultzei,4.9176400375023965e-5,2.821702468870669e-4,0.9935111302584324,0.038461538461538464,0,0.17427918399456857,1
trimma_caudomaculatum,4.9176400375023965e-5,2.821702468870669e-4,0.9935631493789816,0.038461538461538464,0,0.17427918399456857,1
uropterygius_kamar,4.9176400375023965e-5,2.821702468870669e-4,0.9936151684995308,0.038461538461538464,0,0.17427918399456857,1
atherinomorus,4.879750233508491e-5,1.9225878201476946e-4,0.9936667868192351,0,0.0625,0.2538115649319793,0.001
caesio,4.879750233508491e-5,1.9225878201476946e-4,0.9937184051389395,0,0.0625,0.2538115649319793,0.001
chaetodon_unimaculatus,4.879750233508491e-5,1.9225878201476946e-4,0.9937700234586438,0,0.0625,0.2538115649319793,0.001
cryptocentrus,4.879750233508491e-5,1.9225878201476946e-4,0.9938216417783483,0,0.0625,0.2538115649319793,0.001
ctenogobiops_crocineus,4.879750233508491e-5,1.9225878201476946e-4,0.9938732600980527,0,0.0625,0.2538115649319793,0.001
laiphognathus_multimaculatus,4.879750233508491e-5,1.9225878201476946e-4,0.9939248784177569,0,0.0625,0.2538115649319793,0.001
ptereleotris_microlepis,4.879750233508491e-5,1.9225878201476946e-4,0.9939764967374612,0,0.0625,0.2538115649319793,0.001
scolopsis_lineata,4.879750233508491e-5,1.9225878201476946e-4,0.9940281150571657,0,0.0625,0.2538115649319793,0.001
syngnathoides_biaculeatus,4.879750233508491e-5,1.9225878201476946e-4,0.9940797333768701,0,0.0625,0.2538115649319793,0.001
ostorhinchus_hartzfeldii,4.798505913258925e-5,2.737865926968788e-4,0.9941304922887982,0.038461538461538464,0,0.17526445929993226,1
calloplesiops_altivelis,4.671663583356481e-5,2.649942633390009e-4,0.9941799094541975,0.038461538461538464,0,0.17629300817656315,1
dendrochirus_zebra,4.671663583356481e-5,2.649942633390009e-4,0.994229326619597,0.038461538461538464,0,0.17629300817656315,1
exyrias_akihito,4.671663583356481e-5,2.649942633390009e-4,0.9942787437849963,0.038461538461538464,0,0.17629300817656315,1
opistognathus,4.671663583356481e-5,2.649942633390009e-4,0.9943281609503957,0.038461538461538464,0,0.17629300817656315,1
priolepis_aithiops,4.671663583356481e-5,2.649942633390009e-4,0.994377578115795,0.038461538461538464,0,0.17629300817656315,1
arothron_reticularis,4.51231502985089e-5,2.5413623665324986e-4,0.9944253096816891,0.038461538461538464,0,0.17755496379713887,1
foa_fo,4.51231502985089e-5,2.5413623665324986e-4,0.9944730412475833,0.038461538461538464,0,0.17755496379713887,1
lethrinus_harak,4.51231502985089e-5,2.5413623665324986e-4,0.9945207728134774,0.038461538461538464,0,0.17755496379713887,1
lutjanus_johnii,4.51231502985089e-5,2.5413623665324986e-4,0.9945685043793715,0.038461538461538464,0,0.17755496379713887,1
parioglossus_raoi,4.51231502985089e-5,2.5413623665324986e-4,0.9946162359452657,0.038461538461538464,0,0.17755496379713887,1
plectorhinchus_lineatus,4.51231502985089e-5,2.5413623665324986e-4,0.9946639675111598,0.038461538461538464,0,0.17755496379713887,1
yongeichthys_nebulosus,4.51231502985089e-5,2.5413623665324986e-4,0.9947116990770539,0.038461538461538464,0,0.17755496379713887,1
aeoliscus_strigatus,4.421932473463706e-5,1.7380562353687452e-4,0.9947584745703075,0,0.0625,0.25441826239445875,0.001
gymnothorax_rueppelliae,4.421932473463706e-5,1.7380562353687452e-4,0.994805250063561,0,0.0625,0.25441826239445875,0.001
helcogramma_trigloides,4.421932473463706e-5,1.7380562353687452e-4,0.9948520255568145,0,0.0625,0.25441826239445875,0.001
holocentridae,4.421932473463706e-5,1.7380562353687452e-4,0.994898801050068,0,0.0625,0.25441826239445875,0.001
rhinecanthus_verrucosus,4.421932473463706e-5,1.7380562353687452e-4,0.9949455765433216,0,0.0625,0.25441826239445875,0.001
synodontidae,4.421932473463706e-5,1.7380562353687452e-4,0.9949923520365751,0,0.0625,0.25441826239445875,0.001
valenciennea_strigata,4.421932473463706e-5,1.7380562353687452e-4,0.9950391275298286,0,0.0625,0.25441826239445875,0.001
apogon_semiornatus,4.4025857512081416e-5,2.4677572987361594e-4,0.9950856983721785,0.038461538461538464,0,0.1784043249902609,1
callogobius_clitellus,4.4025857512081416e-5,2.4677572987361594e-4,0.9951322692145285,0.038461538461538464,0,0.1784043249902609,1
cirrhilabrus_rubrimarginatus,4.4025857512081416e-5,2.4677572987361594e-4,0.9951788400568784,0.038461538461538464,0,0.1784043249902609,1
muraenichthys_thompsoni,4.4025857512081416e-5,2.4677572987361594e-4,0.9952254108992283,0.038461538461538464,0,0.1784043249902609,1
myripristis_berndti,4.4025857512081416e-5,2.4677572987361594e-4,0.9952719817415783,0.038461538461538464,0,0.1784043249902609,1
myripristis_hexagona,4.4025857512081416e-5,2.4677572987361594e-4,0.9953185525839282,0.038461538461538464,0,0.1784043249902609,1
ostorhinchus_wassinki,4.4025857512081416e-5,2.4677572987361594e-4,0.995365123426278,0.038461538461538464,0,0.1784043249902609,1
parapercis_multiplicata,4.4025857512081416e-5,2.4677572987361594e-4,0.995411694268628,0.038461538461538464,0,0.1784043249902609,1
pleurosicya_annandalei,4.4025857512081416e-5,2.4677572987361594e-4,0.9954582651109779,0.038461538461538464,0,0.1784043249902609,1
priacanthus_sagittarius,4.4025857512081416e-5,2.4677572987361594e-4,0.9955048359533278,0.038461538461538464,0,0.1784043249902609,1
pristicon_rufus,4.4025857512081416e-5,2.4677572987361594e-4,0.9955514067956778,0.038461538461538464,0,0.1784043249902609,1
sargocentron_melanospilos,4.4025857512081416e-5,2.4677572987361594e-4,0.9955979776380277,0.038461538461538464,0,0.1784043249902609,1
trimma_haimassum,4.4025857512081416e-5,2.4677572987361594e-4,0.9956445484803776,0.038461538461538464,0,0.1784043249902609,1
eviota_sp_nov_1,4.3776774238230476e-5,2.451177253627527e-4,0.9956908558407982,0.038461538461538464,0,0.17859489424293853,1
eviota_occasa,4.3776774238230476e-5,2.451177253627527e-4,0.9957371632012187,0.038461538461538464,0,0.17859489424293853,1
trimma_habrum,4.3776774238230476e-5,2.451177253627527e-4,0.9957834705616394,0.038461538461538464,0,0.17859489424293853,1
chaetodon_ornatissimus,4.310861076778938e-5,2.4069305763874132e-4,0.9958290711343355,0.038461538461538464,0,0.1791020114609684,1
platax_pinnatus,4.310861076778938e-5,2.4069305763874132e-4,0.9958746717070317,0.038461538461538464,0,0.1791020114609684,1
bythitidae,4.26375150977526e-5,2.3759316182996702e-4,0.995919773951622,0.038461538461538464,0,0.1794559858935083,1
gymnothorax_thyrsoideus,4.26375150977526e-5,2.3759316182996702e-4,0.9959648761962124,0.038461538461538464,0,0.1794559858935083,1
lutjanus_rivulatus,4.26375150977526e-5,2.3759316182996702e-4,0.9960099784408027,0.038461538461538464,0,0.1794559858935083,1
ostorhinchus_ocellicaudus,4.26375150977526e-5,2.3759316182996702e-4,0.9960550806853932,0.038461538461538464,0,0.1794559858935083,1
uroconger,4.26375150977526e-5,2.3759316182996702e-4,0.9961001829299835,0.038461538461538464,0,0.1794559858935083,1
dascyllus_melanurus,4.249028937114806e-5,2.2061693327939694e-4,0.9961451294382295,0.07692307692307693,0,0.19259758867800453,1
paragobiodon_echinocephalus,4.249028937114806e-5,2.2061693327939694e-4,0.9961900759464756,0.07692307692307693,0,0.19259758867800453,1
acreichthys_tomentosus,4.1186063543898064e-5,2.2814219879523057e-4,0.9962336428360425,0.038461538461538464,0,0.18052803804553794,1
aseraggodes,4.1186063543898064e-5,2.2814219879523057e-4,0.9962772097256094,0.038461538461538464,0,0.18052803804553794,1
discordipinna_griessingeri,4.1186063543898064e-5,2.2814219879523057e-4,0.9963207766151763,0.038461538461538464,0,0.18052803804553794,1
gymnothorax_pseudoherrei,4.1186063543898064e-5,2.2814219879523057e-4,0.9963643435047431,0.038461538461538464,0,0.18052803804553794,1
inimicus_didactylus,4.1186063543898064e-5,2.2814219879523057e-4,0.9964079103943101,0.038461538461538464,0,0.18052803804553794,1
scolecenchelys_macroptera,4.1186063543898064e-5,2.2814219879523057e-4,0.996451477283877,0.038461538461538464,0,0.18052803804553794,1
scorpaenodes_corallinus,4.1186063543898064e-5,2.2814219879523057e-4,0.9964950441734438,0.038461538461538464,0,0.18052803804553794,1
scorpaenopsis,4.1186063543898064e-5,2.2814219879523057e-4,0.9965386110630108,0.038461538461538464,0,0.18052803804553794,1
acanthurus_grammoptilus,4.102592919115622e-5,2.271085242780622e-4,0.9965820085614034,0.038461538461538464,0,0.18064460293408358,1
ancistrogobius_squamiceps,4.102592919115622e-5,2.271085242780622e-4,0.9966254060597962,0.038461538461538464,0,0.18064460293408358,1
naso_vlamingii,4.102592919115622e-5,2.271085242780622e-4,0.9966688035581891,0.038461538461538464,0,0.18064460293408358,1
ablabys_macracanthus,3.826589423741701e-5,1.4997010628445918e-4,0.9967092814734101,0,0.0625,0.2551568121505183,0.001
acanthurus_triostegus,3.826589423741701e-5,1.4997010628445918e-4,0.9967497593886312,0,0.0625,0.2551568121505183,0.001
callionymus_japonicus,3.826589423741701e-5,1.4997010628445918e-4,0.9967902373038522,0,0.0625,0.2551568121505183,0.001
gymnothorax_undulatus,3.826589423741701e-5,1.4997010628445918e-4,0.9968307152190734,0,0.0625,0.2551568121505183,0.001
heniochus_diphreutes,3.826589423741701e-5,1.4997010628445918e-4,0.9968711931342945,0,0.0625,0.2551568121505183,0.001
parupeneus_crassilabris,3.826589423741701e-5,1.4997010628445918e-4,0.9969116710495155,0,0.0625,0.2551568121505183,0.001
pterois_radiata,3.826589423741701e-5,1.4997010628445918e-4,0.9969521489647366,0,0.0625,0.2551568121505183,0.001
rhabdoblennius_nitidus,3.826589423741701e-5,1.4997010628445918e-4,0.9969926268799577,0,0.0625,0.2551568121505183,0.001
sebastapistes_mauritiana,3.826589423741701e-5,1.4997010628445918e-4,0.9970331047951788,0,0.0625,0.2551568121505183,0.001
strongylura_incisa,3.826589423741701e-5,1.4997010628445918e-4,0.9970735827103998,0,0.0625,0.2551568121505183,0.001
asterropteryx_senoui,3.587961346682128e-5,1.9477351017823234e-4,0.9971115364020885,0.038461538461538464,0,0.18421197746032686,1
cheilodipterus_alleni,3.587961346682128e-5,1.9477351017823234e-4,0.9971494900937771,0.038461538461538464,0,0.18421197746032686,1
dendrochirus_biocellatus,3.587961346682128e-5,1.9477351017823234e-4,0.9971874437854656,0.038461538461538464,0,0.18421197746032686,1
eviota_rubrisparsa,3.587961346682128e-5,1.9477351017823234e-4,0.9972253974771542,0.038461538461538464,0,0.18421197746032686,1
ferdauia_ferdau,3.587961346682128e-5,1.9477351017823234e-4,0.9972633511688428,0.038461538461538464,0,0.18421197746032686,1
lepadichthys_lineatus,3.587961346682128e-5,1.9477351017823234e-4,0.9973013048605315,0.038461538461538464,0,0.18421197746032686,1
oxycheilinus_arenatus,3.587961346682128e-5,1.9477351017823234e-4,0.9973392585522199,0.038461538461538464,0,0.18421197746032686,1
sueviota_lachneri,3.587961346682128e-5,1.9477351017823234e-4,0.9973772122439086,0.038461538461538464,0,0.18421197746032686,1
uropterygius_concolor,3.587961346682128e-5,1.9477351017823234e-4,0.9974151659355972,0.038461538461538464,0,0.18421197746032686,1
neoglyphidodon_thoracotaeniatus,3.499304976653326e-5,1.8003536154410934e-4,0.9974521818143582,0.07692307692307693,0,0.19436764792432087,1
pseudochromidae,3.499304976653326e-5,1.8003536154410934e-4,0.9974891976931194,0.07692307692307693,0,0.19436764792432087,1
anyperodon_leucogrammicus,3.4715385294732373e-5,1.3583628891473853e-4,0.9975259198565715,0,0.0625,0.25556782780279325,0.001
cheilinus_fasciatus,3.4715385294732373e-5,1.3583628891473853e-4,0.9975626420200236,0,0.0625,0.25556782780279325,0.001
cryptocentrus_nigrocellatus,3.4715385294732373e-5,1.3583628891473853e-4,0.9975993641834757,0,0.0625,0.25556782780279325,0.001
heniochus,3.4715385294732373e-5,1.3583628891473853e-4,0.9976360863469278,0,0.0625,0.25556782780279325,0.001
lepadichthys_misakius,3.4715385294732373e-5,1.3583628891473853e-4,0.9976728085103799,0,0.0625,0.25556782780279325,0.001
opistognathus_dendriticus,3.4715385294732373e-5,1.3583628891473853e-4,0.9977095306738321,0,0.0625,0.25556782780279325,0.001
siganus_corallinus,3.4715385294732373e-5,1.3583628891473853e-4,0.9977462528372841,0,0.0625,0.25556782780279325,0.001
taeniura_lymma,3.4715385294732373e-5,1.3583628891473853e-4,0.9977829750007362,0,0.0625,0.25556782780279325,0.001
trimmatom_macropodus,3.4715385294732373e-5,1.3583628891473853e-4,0.9978196971641883,0,0.0625,0.25556782780279325,0.001
aseraggodes_winterbottomi,3.4035412691661804e-5,1.8357064467934878e-4,0.9978557000481376,0.038461538461538464,0,0.1854077091199032,1
caracanthus_unipinna,3.4035412691661804e-5,1.8357064467934878e-4,0.9978917029320871,0.038461538461538464,0,0.1854077091199032,1
heniochus_chrysostomus,3.4035412691661804e-5,1.8357064467934878e-4,0.9979277058160364,0.038461538461538464,0,0.1854077091199032,1
neamia_octospina,3.4035412691661804e-5,1.8357064467934878e-4,0.9979637086999857,0.038461538461538464,0,0.1854077091199032,1
sargocentron_iota,3.4035412691661804e-5,1.8357064467934878e-4,0.9979997115839351,0.038461538461538464,0,0.1854077091199032,1
doryrhamphus_janssi,3.2961551794599025e-5,1.771322004521038e-4,0.9980345785307473,0.038461538461538464,0,0.18608447086678498,1
parapercis,3.2961551794599025e-5,1.771322004521038e-4,0.9980694454775595,0.038461538461538464,0,0.18608447086678498,1
parioglossus_rainfordi,3.2961551794599025e-5,1.771322004521038e-4,0.9981043124243717,0.038461538461538464,0,0.18608447086678498,1
taeniamia_dispilus,3.2961551794599025e-5,1.771322004521038e-4,0.9981391793711839,0.038461538461538464,0,0.18608447086678498,1
halichoeres_chrysus,3.294821741209648e-5,1.2807583518273545e-4,0.9981740322127983,0,0.125,0.2572555343097062,0.001
cabillus_tongarevae,3.264116417910629e-5,1.7522292215353945e-4,0.9982085602514785,0.038461538461538464,0,0.1862836424477866,1
caracanthus,3.264116417910629e-5,1.7522292215353945e-4,0.9982430882901586,0.038461538461538464,0,0.1862836424477866,1
chaetodon_citrinellus,3.264116417910629e-5,1.7522292215353945e-4,0.9982776163288388,0.038461538461538464,0,0.1862836424477866,1
dinematichthys,3.264116417910629e-5,1.7522292215353945e-4,0.9983121443675189,0.038461538461538464,0,0.1862836424477866,1
lepadicyathus_minor,3.264116417910629e-5,1.7522292215353945e-4,0.9983466724061991,0.038461538461538464,0,0.1862836424477866,1
norfolkia,3.264116417910629e-5,1.7522292215353945e-4,0.9983812004448791,0.038461538461538464,0,0.1862836424477866,1
salarias_patzneri,3.264116417910629e-5,1.7522292215353945e-4,0.9984157284835592,0.038461538461538464,0,0.1862836424477866,1
coris_dorsomacula,3.22347944355829e-5,1.7280878298113703e-4,0.9984498266616454,0.038461538461538464,0,0.18653446821103703,1
ctenochaetus_strigosus,3.22347944355829e-5,1.7280878298113703e-4,0.9984839248397315,0.038461538461538464,0,0.18653446821103703,1
gnathodentex_aureolineatus,3.22347944355829e-5,1.7280878298113703e-4,0.9985180230178177,0.038461538461538464,0,0.18653446821103703,1
koumansetta_rainfordi,3.22347944355829e-5,1.7280878298113703e-4,0.9985521211959039,0.038461538461538464,0,0.18653446821103703,1
parioglossus_nudus,3.22347944355829e-5,1.7280878298113703e-4,0.99858621937399,0.038461538461538464,0,0.18653446821103703,1
pseudoplesiops_annae,3.22347944355829e-5,1.7280878298113703e-4,0.9986203175520761,0.038461538461538464,0,0.18653446821103703,1
amphiprion_bicinctus,3.2142595548088565e-5,1.7226221347743626e-4,0.9986543182015711,0.038461538461538464,0,0.18659109795021156,1
antennarius,3.2142595548088565e-5,1.7226221347743626e-4,0.9986883188510661,0.038461538461538464,0,0.18659109795021156,1
gobiesocidae,3.2142595548088565e-5,1.7226221347743626e-4,0.9987223195005612,0.038461538461538464,0,0.18659109795021156,1
anampses_melanurus,3.0604175439484216e-5,1.6320402890017126e-4,0.9987546927991222,0.038461538461538464,0,0.1875209554918782,1
corythoichthys_ocellatus,3.0604175439484216e-5,1.6320402890017126e-4,0.9987870660976832,0.038461538461538464,0,0.1875209554918782,1
opistognathus_hyalinus,3.0604175439484216e-5,1.6320402890017126e-4,0.9988194393962442,0.038461538461538464,0,0.1875209554918782,1
acanthurus_nigricans,3.0251078477370204e-5,1.6114107079593523e-4,0.9988514391865105,0.038461538461538464,0,0.18773040496720644,1
amanses_scopas,3.0251078477370204e-5,1.6114107079593523e-4,0.998883438976777,0.038461538461538464,0,0.18773040496720644,1
chaetodon_ephippium,3.0251078477370204e-5,1.6114107079593523e-4,0.9989154387670434,0.038461538461538464,0,0.18773040496720644,1
epinephelus_ongus,3.0251078477370204e-5,1.6114107079593523e-4,0.9989474385573097,0.038461538461538464,0,0.18773040496720644,1
gymnapogon_urospilotus,3.0251078477370204e-5,1.6114107079593523e-4,0.9989794383475761,0.038461538461538464,0,0.18773040496720644,1
amblyeleotris,2.899627122067143e-5,1.5385663577645154e-4,0.9990101107944531,0.038461538461538464,0,0.1884629224754532,1
antennarius_pictus,2.899627122067143e-5,1.5385663577645154e-4,0.99904078324133,0.038461538461538464,0,0.1884629224754532,1
asterropteryx_spinosa,2.899627122067143e-5,1.5385663577645154e-4,0.9990714556882072,0.038461538461538464,0,0.1884629224754532,1
brachysomophis_umbonis,2.899627122067143e-5,1.5385663577645154e-4,0.9991021281350841,0.038461538461538464,0,0.1884629224754532,1
calotomus_spinidens,2.899627122067143e-5,1.5385663577645154e-4,0.9991328005819612,0.038461538461538464,0,0.1884629224754532,1
cheilio_inermis,2.899627122067143e-5,1.5385663577645154e-4,0.9991634730288381,0.038461538461538464,0,0.1884629224754532,1
chlorurus,2.899627122067143e-5,1.5385663577645154e-4,0.9991941454757152,0.038461538461538464,0,0.1884629224754532,1
chlorurus_bleekeri,2.899627122067143e-5,1.5385663577645154e-4,0.9992248179225921,0.038461538461538464,0,0.1884629224754532,1
dinematichthys_trilobatus,2.899627122067143e-5,1.5385663577645154e-4,0.999255490369469,0.038461538461538464,0,0.1884629224754532,1
oplopomops_diacanthus,2.899627122067143e-5,1.5385663577645154e-4,0.9992861628163461,0.038461538461538464,0,0.1884629224754532,1
parenchelyurus_hepburni,2.899627122067143e-5,1.5385663577645154e-4,0.999316835263223,0.038461538461538464,0,0.1884629224754532,1
phyllogobius_platycephalops,2.899627122067143e-5,1.5385663577645154e-4,0.9993475077101001,0.038461538461538464,0,0.1884629224754532,1
priolepis_compita,2.899627122067143e-5,1.5385663577645154e-4,0.9993781801569771,0.038461538461538464,0,0.1884629224754532,1
thalassoma,2.899627122067143e-5,1.5385663577645154e-4,0.9994088526038541,0.038461538461538464,0,0.1884629224754532,1
callionymus,2.8166846024620814e-5,1.490805273249852e-4,0.9994386476792901,0.038461538461538464,0,0.1889371236474033,1
lutjanus_quinquelineatus,2.8166846024620814e-5,1.490805273249852e-4,0.999468442754726,0.038461538461538464,0,0.1889371236474033,1
ostorhinchus_doederleini,2.8166846024620814e-5,1.490805273249852e-4,0.9994982378301621,0.038461538461538464,0,0.1889371236474033,1
parupeneus_barberinoides,2.8166846024620814e-5,1.490805273249852e-4,0.9995280329055981,0.038461538461538464,0,0.1889371236474033,1
parupeneus_indicus,2.8166846024620814e-5,1.490805273249852e-4,0.999557827981034,0.038461538461538464,0,0.1889371236474033,1
brachaelurus_waddi,2.738709384007842e-5,1.4461772243582916e-4,0.9995867982294682,0.038461538461538464,0,0.18937577897640326,1
brotulinella_taiwanensis,2.738709384007842e-5,1.4461772243582916e-4,0.9996157684779022,0.038461538461538464,0,0.18937577897640326,1
halichoeres_timorensis,2.738709384007842e-5,1.4461772243582916e-4,0.9996447387263363,0.038461538461538464,0,0.18937577897640326,1
aspasmodes_briggsi,2.5746377821228134e-5,1.0037758195383555e-4,0.999671973414548,0,0.0625,0.2564952982536389,0.001
gobiopsis_arenaria,2.5746377821228134e-5,1.0037758195383555e-4,0.9996992081027597,0,0.0625,0.2564952982536389,0.001
halicampus_brocki,2.5746377821228134e-5,1.0037758195383555e-4,0.9997264427909714,0,0.0625,0.2564952982536389,0.001
plectorhinchus_vittatus,2.5746377821228134e-5,1.0037758195383555e-4,0.9997536774791832,0,0.0625,0.2564952982536389,0.001
pomacanthus_semicirculatus,2.5746377821228134e-5,1.0037758195383555e-4,0.9997809121673948,0,0.0625,0.2564952982536389,0.001
chaetodon_speculum,2.124514468557403e-5,1.1030846663969847e-4,0.9998033854215178,0.038461538461538464,0,0.19259758867800453,1
plectorhinchus_lessonii,2.124514468557403e-5,1.1030846663969847e-4,0.9998258586756409,0.038461538461538464,0,0.19259758867800453,1
plectroglyphidodon,2.124514468557403e-5,1.1030846663969847e-4,0.999848331929764,0.038461538461538464,0,0.19259758867800453,1
salarias_guttatus,2.124514468557403e-5,1.1030846663969847e-4,0.9998708051838869,0.038461538461538464,0,0.19259758867800453,1
siganus_puellus,2.124514468557403e-5,1.1030846663969847e-4,0.9998932784380099,0.038461538461538464,0,0.19259758867800453,1
callogobius_centrolepis,1.749652488326663e-5,9.001768077205467e-5,0.9999117863773905,0.038461538461538464,0,0.19436764792432087,1
siphamia_argentea,1.749652488326663e-5,9.001768077205467e-5,0.999930294316771,0.038461538461538464,0,0.19436764792432087,1
aethaloperca_rogaa,1.647410870604824e-5,6.403791759136773e-5,0.9999477207375783,0,0.0625,0.2572555343097062,0.001
cephalopholis_miniata,1.647410870604824e-5,6.403791759136773e-5,0.9999651471583856,0,0.0625,0.2572555343097062,0.001
opistognathus_solorensis,1.647410870604824e-5,6.403791759136773e-5,0.9999825735791927,0,0.0625,0.2572555343097062,0.001
pseudochromis_caudalis,1.647410870604824e-5,6.403791759136773e-5,1,0,0.0625,0.2572555343097062,0.001
